symptoms,department
"groin pain, urine infection, back pain near kidneys, burning urination",Urologist
"pus near gum, broken tooth, toothache, pain while chewing",Dentist
"nausea, abdominal pain, indigestion, acidity",Gastroenterologist
"urinary urgency, kidney stone pain",Urologist
"lower abdominal pain urination, back pain near kidneys, night urination",Urologist
"mild fever, runny nose",General Physician
"shoulder pain, neck stiffness, arthritis",Orthopedic
"acidity, food poisoning, indigestion, loss of appetite",Gastroenterologist
"night urination, groin pain",Urologist
"tremor, tingling",Neurologist
"one sided weakness, tingling, confusion",Neurologist
"tingling, balance problem, blurred vision with headache",Neurologist
"throat infection, sinus pain, ear pain, vertigo",ENT
"runny nose, sore throat, allergic rhinitis",ENT
"groin pain, reduced urine flow, night urination",Urologist
"indigestion, vomiting, nausea, jaundice",Gastroenterologist
"gas, abdominal pain, food poisoning, blood in stool",Gastroenterologist
"abdominal swelling, night sweats, blood in stool, persistent bone pain",Oncologist
"frequent urination, back pain near kidneys, blood in urine",Urologist
"loss of voice, runny nose",ENT
"runny nose, chills, ",General Physician
"spotting, pcos symptoms, missed period",Gynecologist
"blurred vision with headache, tremor, seizure",Neurologist
"unexplained weight loss, persistent hoarseness, persistent cough",Oncologist
"dizziness, high blood pressure, sweating",Cardiologist
"baby constipation, blocked nose",Pediatrician
"postpartum bleeding, period cramps",Gynecologist
"difficulty seeing far, dry eyes, blurred vision, eye discharge",Ophthalmologist
"severe headache, migraine, dizziness",Neurologist
"flu, cough, fever",General Physician
"unexplained weight loss, blood in cough, persistent fatigue",Oncologist
"night urination, kidney stone pain, urinary urgency, difficulty starting urination",Urologist
"body ache, fever, flu",General Physician
"bleeding gums, bad breath, wisdom tooth pain, jaw pain",Dentist
"knee pain, swelling",Orthopedic
"dehydration, baby vomiting, child sore throat, child wheezing",Pediatrician
"bleeding while brushing, bad breath, swollen gums",Dentist
"hearing loss, runny nose, throat infection, ringing in ear",ENT
"bleeding while brushing, jaw pain, bleeding gums",Dentist
"numbness, memory loss",Neurologist
"red eye, eye pain",Ophthalmologist
"eye discharge, watering eyes",Ophthalmologist
"rapid heartbeat, chest pain",Cardiologist
"lower abdominal pain urination, kidney stone pain, blood in urine, painful urination with fever",Urologist
"muscle strain, shoulder pain",Orthopedic
"shoulder pain, fracture",Orthopedic
"lower back pain radiating, bone pain, shoulder pain",Orthopedic
"difficulty starting urination, back pain near kidneys, reduced urine flow",Urologist
"depressed mood, hallucinations, panic attacks",Psychiatrist
"indigestion, constipation",Gastroenterologist
"neck pain radiating, dizziness, tremor",Neurologist
"blood in stool, non healing ulcer, night sweats, persistent hoarseness",Oncologist
"neck pain radiating, tremor, migraine",Neurologist
"migraine, memory loss",Neurologist
"non healing ulcer, night sweats",Oncologist
"ringworm, pigmentation, redness, eczema",Dermatologist
"eye discharge, dry eyes, red eye",Ophthalmologist
"groin pain, burning urination, lower abdominal pain urination",Urologist
"night urination, frequent urination",Urologist
"irregular heartbeat, fainting, chest pain",Cardiologist
"itching, vaginal infection, missed period",Gynecologist
"eye pain, sensitivity to light, swollen eyelid",Ophthalmologist
"difficulty walking, shoulder pain, muscle strain",Orthopedic
"ear pain, ringing in ear, ear discharge",ENT
"painful periods, lower abdominal pain, postpartum bleeding",Gynecologist
"swollen neck glands, sinus pain, ringing in ear",ENT
"balance problem, fainting, migraine, neck pain radiating",Neurologist
"food poisoning, vomiting, diarrhea",Gastroenterologist
"stomach cramps, food poisoning, indigestion, blood in stool",Gastroenterologist
"depressed mood, suicidal thoughts, mood swings, trauma flashbacks",Psychiatrist
"difficulty concentrating, addiction, insomnia",Psychiatrist
"fainting, tremor, balance problem",Neurologist
"toothache, swollen gums, tooth sensitivity",Dentist
"sore throat, chills, loss of appetite, headache",General Physician
"dizziness, memory loss, tingling, seizure",Neurologist
"urine infection, back pain near kidneys, difficulty starting urination",Urologist
"anxiety, depressed mood, panic attacks",Psychiatrist
"acidity, vomiting, jaundice",Gastroenterologist
"pcos symptoms, irregular periods, lower abdominal pain, itching",Gynecologist
"vaccination query, child wheezing, child stomach pain",Pediatrician
"headache, weakness, low grade fever",General Physician
"testicular swelling, urinary urgency, lower abdominal pain urination, back pain near kidneys",Urologist
"testicular swelling, urine leakage, frequent urination",Urologist
"vaccination query, child sore throat, dehydration, newborn feeding issue",Pediatrician
"social anxiety, stress, mood swings, addiction",Psychiatrist
"child cough, rash with fever, baby constipation, vaccination query",Pediatrician
"pcos symptoms, irregular periods, lower abdominal pain",Gynecologist
"swollen eyelid, watering eyes",Ophthalmologist
"shortness of breath, leg swelling, high blood pressure",Cardiologist
"pcos symptoms, pregnancy nausea, heavy bleeding",Gynecologist
"overthinking, mood swings",Psychiatrist
"severe headache, tingling, balance problem, speech difficulty",Neurologist
"pain while chewing, pus near gum",Dentist
"sore throat, dizziness, runny nose",ENT
"hearing loss, ear pain",ENT
"irregular periods, white discharge, spotting, painful periods",Gynecologist
"fungal infection, ringworm, redness",Dermatologist
"bad breath, broken tooth, wisdom tooth pain, cavity pain",Dentist
"jaw pain, broken tooth, cavity pain",Dentist
"bleeding while brushing, jaw pain",Dentist
"loss of appetite, constipation, vomiting",Gastroenterologist
"groin pain, difficulty starting urination",Urologist
"blood in stool, difficulty swallowing",Oncologist
"hives, pigmentation, acne",Dermatologist
"overthinking, addiction, panic attacks",Psychiatrist
"vaginal infection, pcos symptoms, pregnancy nausea",Gynecologist
"swelling, joint pain, knee pain, back pain",Orthopedic
"pigmentation, boils, fungal infection",Dermatologist
"balance problem, tingling, neck pain radiating",Neurologist
"left arm pain, palpitations, rapid heartbeat",Cardiologist
"heavy bleeding, vaginal infection, pcos symptoms",Gynecologist
"wrist injury, muscle strain",Orthopedic
"dehydration, child wheezing",Pediatrician
"ear pain, tonsillitis, allergic rhinitis",ENT
"cavity pain, tooth sensitivity, tooth pain with headache, pus near gum",Dentist
"vaginal infection, breast tenderness",Gynecologist
"leg swelling, breathlessness at night, chest pain",Cardiologist
"breast tenderness, irregular periods, vaginal infection",Gynecologist
"jaw pain, pain while chewing, swollen gums",Dentist
"lower abdominal pain urination, difficulty starting urination, frequent urination, night urination",Urologist
"bleeding while brushing, bleeding gums, tooth sensitivity",Dentist
"weakness, low grade fever",General Physician
"persistent bone pain, swollen lymph nodes, loss of appetite",Oncologist
"pcos symptoms, postpartum bleeding, heavy bleeding",Gynecologist
"night sweats, blood in cough, breast lump, persistent bone pain",Oncologist
"wrist injury, joint pain",Orthopedic
"double vision, dry eyes, sudden vision loss, itchy eyes",Ophthalmologist
"memory loss, fainting",Neurologist
"shoulder pain, fracture, hip pain",Orthopedic
"ear pain, nose bleeding, sore throat, vertigo",ENT
"boils, hair fall",Dermatologist
"burning urination, blood in urine, frequent urination",Urologist
"abdominal pain, stomach cramps",Gastroenterologist
"weakness, cold, runny nose",General Physician
"neck stiffness, fracture",Orthopedic
"groin pain, back pain near kidneys, blood in urine",Urologist
"stress, anger issues",Psychiatrist
"dizziness, chest pain, palpitations, leg swelling",Cardiologist
"breathlessness at night, irregular heartbeat, leg swelling, pressure in chest",Cardiologist
"psoriasis, dandruff, hair fall",Dermatologist
"nose bleeding, tonsillitis, loss of voice, hearing loss",ENT
"suicidal thoughts, anxiety, depressed mood, hopelessness",Psychiatrist
"vomiting, food poisoning, indigestion, jaundice",Gastroenterologist
"tooth sensitivity, gum swelling",Dentist
"postpartum bleeding, irregular periods, breast tenderness, period cramps",Gynecologist
"fungal infection, skin rash, dandruff",Dermatologist
"dizziness, breathlessness at night, chest pain",Cardiologist
"painful urination with fever, burning urination, groin pain",Urologist
"depressed mood, mood swings, addiction",Psychiatrist
"sprain, wrist injury, joint pain",Orthopedic
"jaundice, constipation, food poisoning",Gastroenterologist
"hip pain, arthritis, lower back pain radiating, shoulder pain",Orthopedic
"ear pain, rash with fever, dehydration, child wheezing",Pediatrician
"vomiting, constipation",Gastroenterologist
"toothache, cavity pain, wisdom tooth pain, jaw pain",Dentist
"dizziness, cough, chills",General Physician
"fatigue with breathlessness, fainting, palpitations",Cardiologist
"rapid heartbeat, palpitations, leg swelling, dizziness",Cardiologist
"pain while chewing, tooth pain with headache, cavity pain",Dentist
"severe headache, tingling, numbness",Neurologist
"dandruff, hives, itching, skin rash",Dermatologist
"period cramps, lower abdominal pain, itching",Gynecologist
"difficulty swallowing, persistent fatigue, swollen lymph nodes, night sweats",Oncologist
"throat infection, sore throat, sinus pain",ENT
"child stomach pain, baby vomiting, dehydration, child wheezing",Pediatrician
"migraine, tingling, memory loss, dizziness",Neurologist
"itching, boils, pigmentation",Dermatologist
"neck pain radiating, blurred vision with headache, fainting, speech difficulty",Neurologist
"child stomach pain, diarrhea",Pediatrician
"dandruff, acne, boils",Dermatologist
"sore throat, ear pain, throat infection",ENT
"unexplained weight loss, persistent hoarseness, persistent cough, blood in cough",Oncologist
"joint pain, muscle strain, fracture",Orthopedic
"child sore throat, diarrhea, ear pain",Pediatrician
"swollen lymph nodes, persistent hoarseness, blood in stool",Oncologist
"loss of appetite, fatigue, chills, headache",General Physician
"pain while chewing, bad breath, wisdom tooth pain",Dentist
"double vision, blurred vision, eye discharge",Ophthalmologist
"rapid heartbeat, dizziness",Cardiologist
"persistent bone pain, swollen lymph nodes",Oncologist
"fever, chills, low grade fever",General Physician
"mood swings, panic attacks, suicidal thoughts",Psychiatrist
"persistent fatigue, blood in stool",Oncologist
"panic attacks, social anxiety, stress",Psychiatrist
"trauma flashbacks, difficulty concentrating, insomnia",Psychiatrist
"gas, jaundice",Gastroenterologist
"dandruff, redness, acne",Dermatologist
"urinary urgency, lower abdominal pain urination, back pain near kidneys",Urologist
"cold, weakness, mild fever",General Physician
"social anxiety, panic attacks",Psychiatrist
"heartburn, indigestion, constipation, diarrhea",Gastroenterologist
"dry skin, eczema, acne, hives",Dermatologist
"persistent hoarseness, unusual bleeding, difficulty swallowing, breast lump",Oncologist
"runny nose, loss of appetite",General Physician
"non healing ulcer, abdominal swelling, breast lump, persistent hoarseness",Oncologist
"diarrhea, food poisoning, constipation",Gastroenterologist
"night urination, back pain near kidneys, urine infection",Urologist
"runny nose, ear pain, tonsillitis, ear discharge",ENT
"eye strain headache, blurred vision, foreign body sensation",Ophthalmologist
"sprain, lower back pain radiating, swelling",Orthopedic
"painful periods, missed period",Gynecologist
"pregnancy nausea, irregular periods, white discharge",Gynecologist
"irregular heartbeat, dizziness",Cardiologist
"hallucinations, panic attacks",Psychiatrist
"itching, pcos symptoms, irregular periods",Gynecologist
"tonsillitis, blocked nose",ENT
"food poisoning, constipation, diarrhea",Gastroenterologist
"testicular swelling, painful urination with fever",Urologist
"bad breath, cavity pain, pus near gum, gum swelling",Dentist
"dry skin, hair fall, pigmentation",Dermatologist
"pressure in chest, fainting, leg swelling",Cardiologist
"spotting, white discharge, missed period, breast tenderness",Gynecologist
"back pain, swelling",Orthopedic
"persistent bone pain, unexplained weight loss, blood in cough",Oncologist
"persistent fatigue, difficulty swallowing, abdominal swelling",Oncologist
"itching, vaginal infection",Gynecologist
"high blood pressure, irregular heartbeat, leg swelling",Cardiologist
"wrist injury, difficulty walking",Orthopedic
"frequent urination, difficulty starting urination",Urologist
"spotting, missed period, painful periods",Gynecologist
"pressure in chest, palpitations, chest tightness",Cardiologist
"food poisoning, nausea, constipation",Gastroenterologist
"food poisoning, indigestion, abdominal pain",Gastroenterologist
"stomach cramps, acidity, constipation",Gastroenterologist
"watering eyes, red eye, eye strain headache",Ophthalmologist
"sore throat, chills, fever",General Physician
"addiction, anxiety, panic attacks",Psychiatrist
"anger issues, suicidal thoughts, mood swings",Psychiatrist
"constipation, indigestion, gas",Gastroenterologist
"acidity, blood in stool, constipation",Gastroenterologist
"loss of appetite, body ache",General Physician
"lower abdominal pain, period cramps, postpartum bleeding",Gynecologist
"gas, abdominal pain, food poisoning, vomiting",Gastroenterologist
"lower back pain radiating, hip pain, difficulty walking, joint pain",Orthopedic
"foreign body sensation, eye strain headache, sensitivity to light, double vision",Ophthalmologist
"fever, headache",General Physician
"runny nose, weakness, body ache",General Physician
"jaw pain, gum swelling, tooth sensitivity",Dentist
"low grade fever, weakness",General Physician
"suicidal thoughts, hopelessness",Psychiatrist
"non healing ulcer, abdominal swelling, persistent hoarseness",Oncologist
"tremor, numbness, severe headache, memory loss",Neurologist
"dizziness, migraine",Neurologist
"headache, body ache, loss of appetite, mild fever",General Physician
"itching, breast tenderness, lower abdominal pain, spotting",Gynecologist
"food poisoning, diarrhea, vomiting, indigestion",Gastroenterologist
"unexplained weight loss, persistent bone pain, persistent hoarseness",Oncologist
"joint pain, wrist injury, fracture",Orthopedic
"itching, fungal infection",Dermatologist
"wisdom tooth pain, jaw pain",Dentist
"pcos symptoms, pelvic pain, breast tenderness, period cramps",Gynecologist
"persistent bone pain, difficulty swallowing, loss of appetite",Oncologist
"dry skin, eczema, acne",Dermatologist
"severe headache, blurred vision with headache, tingling",Neurologist
"heavy bleeding, spotting, lower abdominal pain",Gynecologist
"fracture, sprain, difficulty walking, arthritis",Orthopedic
"night sweats, breast lump, loss of appetite",Oncologist
"hallucinations, addiction, anger issues",Psychiatrist
"mouth ulcer, swollen gums, gum swelling",Dentist
"pcos symptoms, vaginal infection, lower abdominal pain",Gynecologist
"urine infection, kidney stone pain, burning urination",Urologist
"pelvic pain, vaginal infection, heavy bleeding",Gynecologist
"hopelessness, trauma flashbacks, addiction",Psychiatrist
"insomnia, addiction, panic attacks",Psychiatrist
"foreign body sensation, blurred vision, swollen eyelid",Ophthalmologist
"suicidal thoughts, hopelessness",Psychiatrist
"unexplained weight loss, persistent hoarseness, abdominal swelling, persistent fatigue",Oncologist
"vaginal infection, white discharge, pregnancy nausea, period cramps",Gynecologist
"hearing loss, tonsillitis",ENT
"dizziness, sweating, chest tightness, leg swelling",Cardiologist
"left arm pain, high blood pressure, chest tightness",Cardiologist
"dizziness, high blood pressure, chest tightness",Cardiologist
"child wheezing, child sore throat",Pediatrician
"sore throat, weakness, loss of appetite",General Physician
"fainting, dizziness, blurred vision with headache",Neurologist
"tremor, seizure, speech difficulty",Neurologist
"loss of appetite, unexplained weight loss",Oncologist
"dry skin, pigmentation, dandruff",Dermatologist
"nausea, indigestion",Gastroenterologist
"blood in stool, unusual bleeding, unexplained weight loss, persistent hoarseness",Oncologist
"confusion, fainting, speech difficulty, tingling",Neurologist
"period cramps, breast tenderness",Gynecologist
"constipation, gas, loss of appetite",Gastroenterologist
"headache, runny nose, low grade fever",General Physician
"swelling, shoulder pain, sprain, bone pain",Orthopedic
"itching, redness, pigmentation",Dermatologist
"bleeding while brushing, pus near gum, swollen gums",Dentist
"mouth ulcer, gum swelling",Dentist
"depressed mood, panic attacks",Psychiatrist
"dehydration, baby vomiting",Pediatrician
"tremor, severe headache, seizure",Neurologist
"fast breathing, child wheezing",Pediatrician
"mouth ulcer, pain while chewing, wisdom tooth pain",Dentist
"pus near gum, gum swelling",Dentist
"overthinking, difficulty concentrating, depressed mood",Psychiatrist
"fracture, wrist injury, shoulder pain",Orthopedic
"suicidal thoughts, trauma flashbacks, panic attacks",Psychiatrist
"persistent bone pain, persistent hoarseness",Oncologist
"shortness of breath, leg swelling, palpitations, chest tightness",Cardiologist
"wisdom tooth pain, bleeding gums, jaw pain, mouth ulcer",Dentist
"hives, skin rash, dry skin",Dermatologist
"hearing loss, swollen neck glands",ENT
"urine infection, difficulty starting urination, painful urination with fever",Urologist
"palpitations, rapid heartbeat, chest pain",Cardiologist
"abdominal swelling, unexplained weight loss, persistent hoarseness",Oncologist
"skin rash, skin allergy",Dermatologist
"memory loss, migraine, dizziness, neck pain radiating",Neurologist
"period cramps, postpartum bleeding, white discharge, vaginal infection",Gynecologist
"swollen neck glands, blocked nose, throat infection",ENT
"persistent cough, abdominal swelling, persistent bone pain",Oncologist
"frequent urination, urinary urgency, night urination",Urologist
"acne, ringworm, psoriasis",Dermatologist
"blood in urine, frequent urination, testicular swelling",Urologist
"sinus pain, tonsillitis, ear discharge",ENT
"spotting, itching, breast tenderness, lower abdominal pain",Gynecologist
"child stomach pain, child wheezing",Pediatrician
"cough, low grade fever",General Physician
"dry eyes, eye discharge, sensitivity to light",Ophthalmologist
"leg swelling, fainting",Cardiologist
"cough, body ache",General Physician
"hallucinations, difficulty concentrating, depressed mood",Psychiatrist
"dry skin, dandruff, skin rash",Dermatologist
"vertigo, sore throat, runny nose",ENT
"swollen neck glands, blocked nose, allergic rhinitis",ENT
"vertigo, ringing in ear, hearing loss",ENT
"eye pain, difficulty seeing far, foreign body sensation",Ophthalmologist
"social anxiety, suicidal thoughts, hallucinations",Psychiatrist
"fungal infection, pigmentation, psoriasis, eczema",Dermatologist
"eye pain, watering eyes, sudden vision loss",Ophthalmologist
"bleeding while brushing, wisdom tooth pain",Dentist
"boils, ringworm",Dermatologist
"eye pain, foreign body sensation, eye discharge",Ophthalmologist
"postpartum bleeding, missed period, breast tenderness",Gynecologist
"skin rash, fungal infection",Dermatologist
"psoriasis, skin rash, hives",Dermatologist
"blurred vision, itchy eyes, difficulty seeing far",Ophthalmologist
"irregular heartbeat, shortness of breath, fatigue with breathlessness, pressure in chest",Cardiologist
"seizure, tremor, balance problem, neck pain radiating",Neurologist
"body ache, dizziness",General Physician
"shortness of breath, leg swelling, fainting",Cardiologist
"severe headache, memory loss, tremor, speech difficulty",Neurologist
"leg swelling, irregular heartbeat, dizziness",Cardiologist
"loss of voice, tonsillitis, hearing loss, ear discharge",ENT
"blood in cough, loss of appetite, persistent bone pain, swollen lymph nodes",Oncologist
"newborn feeding issue, dehydration, blocked nose",Pediatrician
"heartburn, gas",Gastroenterologist
"bone pain, shoulder pain, sprain, difficulty walking",Orthopedic
"eye strain headache, sensitivity to light, sudden vision loss",Ophthalmologist
"hallucinations, addiction, overthinking, anger issues",Psychiatrist
"blood in stool, stomach cramps, nausea",Gastroenterologist
"lower abdominal pain urination, groin pain, back pain near kidneys",Urologist
"red eye, eye strain headache, dry eyes",Ophthalmologist
"spotting, vaginal infection, painful periods, period cramps",Gynecologist
"night sweats, persistent bone pain",Oncologist
"blocked nose, child cough, child sore throat",Pediatrician
"blood in stool, difficulty swallowing, non healing ulcer",Oncologist
"diarrhea, dehydration",Pediatrician
"bleeding gums, pus near gum",Dentist
"vaginal infection, pelvic pain, painful periods",Gynecologist
"loss of voice, blocked nose, throat infection, runny nose",ENT
"leg swelling, irregular heartbeat, chest tightness, chest pain",Cardiologist
"nose bleeding, allergic rhinitis, sinus pain",ENT
"sore throat, flu, headache",General Physician
"hearing loss, ringing in ear, ear pain",ENT
"child cough, child fever, child wheezing",Pediatrician
"insomnia, trauma flashbacks",Psychiatrist
"white discharge, breast tenderness, postpartum bleeding",Gynecologist
"persistent cough, unusual bleeding, non healing ulcer",Oncologist
"eye strain headache, night vision problem, dry eyes, watering eyes",Ophthalmologist
"baby constipation, fast breathing, blocked nose",Pediatrician
"irregular heartbeat, rapid heartbeat, chest pain",Cardiologist
"blocked nose, diarrhea, baby vomiting",Pediatrician
"mood swings, panic attacks, anxiety",Psychiatrist
"pus near gum, swollen gums, mouth ulcer",Dentist
"tonsillitis, swollen neck glands, sinus pain",ENT
"chills, loss of appetite",General Physician
"jaw pain, bleeding gums",Dentist
"jaundice, stomach cramps",Gastroenterologist
"vaginal infection, painful periods, pelvic pain, irregular periods",Gynecologist
"anger issues, panic attacks",Psychiatrist
"itching, hives, eczema, fungal infection",Dermatologist
"mouth ulcer, tooth pain with headache",Dentist
"panic attacks, depressed mood, suicidal thoughts",Psychiatrist
"fracture, difficulty walking",Orthopedic
"gum swelling, wisdom tooth pain, bleeding gums",Dentist
"persistent bone pain, persistent fatigue, difficulty swallowing",Oncologist
"wrist injury, lower back pain radiating",Orthopedic
"migraine, neck pain radiating, seizure",Neurologist
"sensitivity to light, red eye",Ophthalmologist
"painful periods, breast tenderness",Gynecologist
"vomiting, constipation, stomach cramps, indigestion",Gastroenterologist
"groin pain, night urination, reduced urine flow",Urologist
"persistent fatigue, loss of appetite, unusual bleeding",Oncologist
"cough, fever, dizziness",General Physician
"migraine, tingling, one sided weakness, seizure",Neurologist
"diarrhea, child wheezing",Pediatrician
"hearing loss, nose bleeding, sinus pain",ENT
"dry skin, ringworm, hives",Dermatologist
"jaw pain, broken tooth, toothache",Dentist
"fatigue with breathlessness, fainting, palpitations, chest pain",Cardiologist
"loss of appetite, diarrhea, gas",Gastroenterologist
"pigmentation, hives, hair fall",Dermatologist
"burning urination, urine leakage, kidney stone pain",Urologist
"sore throat, runny nose",ENT
"stress, anger issues, insomnia",Psychiatrist
"fainting, confusion, severe headache, tingling",Neurologist
"depressed mood, trauma flashbacks, stress",Psychiatrist
"child cough, child sore throat",Pediatrician
"tremor, severe headache, confusion",Neurologist
"difficulty swallowing, breast lump, loss of appetite",Oncologist
"food poisoning, abdominal pain, loss of appetite",Gastroenterologist
"ear discharge, swollen neck glands, blocked nose",ENT
"constipation, indigestion, food poisoning",Gastroenterologist
"suicidal thoughts, insomnia, overthinking, depressed mood",Psychiatrist
"knee pain, neck stiffness, joint pain",Orthopedic
"frequent urination, testicular swelling",Urologist
"white discharge, spotting",Gynecologist
"watering eyes, red eye, blurred vision, sudden vision loss",Ophthalmologist
"sinus pain, nose bleeding, hearing loss",ENT
"mild fever, fatigue",General Physician
"difficulty starting urination, groin pain, back pain near kidneys",Urologist
"night urination, groin pain, burning urination",Urologist
"hip pain, bone pain, difficulty walking",Orthopedic
"lower back pain radiating, knee pain, difficulty walking",Orthopedic
"sensitivity to light, eye discharge",Ophthalmologist
"joint pain, lower back pain radiating, arthritis, knee pain",Orthopedic
"white discharge, period cramps, itching",Gynecologist
"pain while chewing, tooth sensitivity, broken tooth, pus near gum",Dentist
"night vision problem, foreign body sensation, dry eyes, difficulty seeing far",Ophthalmologist
"irregular periods, heavy bleeding, spotting",Gynecologist
"fever, low grade fever, sore throat",General Physician
"arthritis, knee pain, difficulty walking",Orthopedic
"tooth pain with headache, toothache",Dentist
"swelling, lower back pain radiating, muscle strain, hip pain",Orthopedic
"dry eyes, sensitivity to light, blurred vision, eye pain",Ophthalmologist
"ear discharge, swollen neck glands, tonsillitis",ENT
"low grade fever, loss of appetite",General Physician
"fever, low grade fever",General Physician
"loss of appetite, persistent bone pain, unexplained weight loss, unusual bleeding",Oncologist
"tooth sensitivity, gum swelling",Dentist
"missed period, white discharge, spotting, heavy bleeding",Gynecologist
"tooth pain with headache, bad breath, cavity pain, tooth sensitivity",Dentist
"itching, pregnancy nausea, postpartum bleeding, spotting",Gynecologist
"eczema, psoriasis, itching",Dermatologist
"skin allergy, itching, redness, psoriasis",Dermatologist
"blood in urine, back pain near kidneys, burning urination",Urologist
"ringworm, pigmentation, dry skin",Dermatologist
"leg swelling, sweating, high blood pressure",Cardiologist
"bleeding while brushing, bleeding gums, tooth sensitivity",Dentist
"bleeding gums, cavity pain, broken tooth",Dentist
"vaginal infection, breast tenderness, spotting",Gynecologist
"postpartum bleeding, heavy bleeding, breast tenderness",Gynecologist
"difficulty starting urination, blood in urine, lower abdominal pain urination, back pain near kidneys",Urologist
"pcos symptoms, breast tenderness, period cramps, lower abdominal pain",Gynecologist
"cold, flu, sore throat",General Physician
"bad breath, gum swelling, tooth pain with headache, bleeding gums",Dentist
"non healing ulcer, loss of appetite, blood in cough",Oncologist
"hives, itching, hair fall, psoriasis",Dermatologist
"speech difficulty, tremor, severe headache",Neurologist
"headache, sore throat, mild fever",General Physician
"ringworm, skin allergy, fungal infection",Dermatologist
"tingling, neck pain radiating, memory loss",Neurologist
"irregular periods, pelvic pain, pregnancy nausea, postpartum bleeding",Gynecologist
"food poisoning, acidity",Gastroenterologist
"addiction, mood swings",Psychiatrist
"burning urination, urinary urgency, frequent urination",Urologist
"blood in urine, difficulty starting urination, groin pain",Urologist
"lower abdominal pain urination, back pain near kidneys, groin pain, burning urination",Urologist
"swelling, hip pain, shoulder pain, knee pain",Orthopedic
"eczema, psoriasis",Dermatologist
"pregnancy nausea, painful periods, period cramps",Gynecologist
"breast tenderness, vaginal infection, postpartum bleeding, pregnancy nausea",Gynecologist
"newborn feeding issue, child wheezing, child cough, diarrhea",Pediatrician
"difficulty seeing far, itchy eyes",Ophthalmologist
"spotting, white discharge, missed period",Gynecologist
"swollen lymph nodes, persistent fatigue",Oncologist
"eye discharge, red eye, sensitivity to light, watering eyes",Ophthalmologist
"wrist injury, arthritis",Orthopedic
"burning urination, blood in urine, reduced urine flow, painful urination with fever",Urologist
"persistent bone pain, abdominal swelling",Oncologist
"tooth sensitivity, pus near gum, swollen gums",Dentist
"urine infection, night urination",Urologist
"bone pain, fracture, arthritis, back pain",Orthopedic
"irregular periods, spotting, breast tenderness",Gynecologist
"rapid heartbeat, left arm pain",Cardiologist
"swollen neck glands, sinus pain",ENT
"breathlessness at night, high blood pressure, left arm pain, fainting",Cardiologist
"child cough, baby vomiting, child fever",Pediatrician
"mild fever, low grade fever, loss of appetite",General Physician
"migraine, fainting, dizziness, confusion",Neurologist
"child stomach pain, newborn feeding issue, fast breathing",Pediatrician
"throat infection, ear pain, blocked nose",ENT
"dandruff, eczema, fungal infection",Dermatologist
"loss of appetite, gas, constipation",Gastroenterologist
"unexplained weight loss, persistent hoarseness, unusual bleeding, blood in stool",Oncologist
"child sore throat, dehydration, vaccination query",Pediatrician
"boils, dandruff, acne, hair fall",Dermatologist
"one sided weakness, balance problem",Neurologist
"sore throat, loss of appetite, cough, low grade fever",General Physician
"itching, breast tenderness, postpartum bleeding",Gynecologist
"blocked nose, swollen neck glands, throat infection",ENT
"severe headache, memory loss, seizure",Neurologist
"fainting, chest pain, fatigue with breathlessness",Cardiologist
"foreign body sensation, eye strain headache, eye discharge, sensitivity to light",Ophthalmologist
"cavity pain, tooth pain with headache",Dentist
"pcos symptoms, vaginal infection, postpartum bleeding",Gynecologist
"skin allergy, psoriasis",Dermatologist
"red eye, eye pain, difficulty seeing far, dry eyes",Ophthalmologist
"persistent fatigue, persistent bone pain, non healing ulcer, persistent hoarseness",Oncologist
"double vision, foreign body sensation, red eye, blurred vision",Ophthalmologist
"fainting, chest pain, palpitations",Cardiologist
"pus near gum, bad breath, gum swelling",Dentist
"hives, acne, ringworm, pigmentation",Dermatologist
"eye pain, double vision, eye strain headache",Ophthalmologist
"newborn feeding issue, baby vomiting, fast breathing",Pediatrician
"irregular periods, spotting",Gynecologist
"pus near gum, bleeding gums, bleeding while brushing, jaw pain",Dentist
"loss of voice, sore throat, runny nose",ENT
"stomach cramps, heartburn, acidity, loss of appetite",Gastroenterologist
"hip pain, joint pain",Orthopedic
"tingling, seizure, migraine",Neurologist
"kidney stone pain, urine leakage, testicular swelling, painful urination with fever",Urologist
"vaccination query, child fever",Pediatrician
"one sided weakness, numbness, severe headache",Neurologist
"stomach cramps, loss of appetite, constipation",Gastroenterologist
"body ache, low grade fever, loss of appetite",General Physician
"pus near gum, gum swelling, mouth ulcer",Dentist
"blood in cough, difficulty swallowing, blood in stool",Oncologist
"dizziness, fainting, shortness of breath",Cardiologist
"child fever, blocked nose, dehydration",Pediatrician
"itching, hair fall",Dermatologist
"dry eyes, eye strain headache, difficulty seeing far, sudden vision loss",Ophthalmologist
"breast tenderness, pcos symptoms, painful periods, white discharge",Gynecologist
"ringing in ear, sinus pain, tonsillitis",ENT
"unusual bleeding, unexplained weight loss, blood in stool",Oncologist
"heartburn, jaundice",Gastroenterologist
"sprain, difficulty walking, bone pain, joint pain",Orthopedic
"throat infection, allergic rhinitis",ENT
"eye pain, eye discharge",Ophthalmologist
"jaw pain, tooth pain with headache",Dentist
"dry eyes, eye pain, sudden vision loss",Ophthalmologist
"eczema, acne, fungal infection",Dermatologist
"vomiting, nausea, stomach cramps, abdominal pain",Gastroenterologist
"lower abdominal pain urination, burning urination, urine infection",Urologist
"night urination, burning urination, painful urination with fever",Urologist
"burning urination, blood in urine, lower abdominal pain urination, urine leakage",Urologist
"difficulty concentrating, addiction, trauma flashbacks",Psychiatrist
"throat infection, allergic rhinitis, sore throat",ENT
"chest pain, chest tightness, pressure in chest, left arm pain",Cardiologist
"ear discharge, runny nose, ear pain, swollen neck glands",ENT
"blurred vision with headache, memory loss, dizziness",Neurologist
"mild fever, low grade fever, flu",General Physician
"dizziness, confusion, tingling, one sided weakness",Neurologist
"vomiting, stomach cramps, gas",Gastroenterologist
"vaccination query, rash with fever, child sore throat, baby vomiting",Pediatrician
"migraine, severe headache, one sided weakness",Neurologist
"swollen gums, tooth pain with headache",Dentist
"constipation, loss of appetite, indigestion",Gastroenterologist
"swollen eyelid, eye pain, red eye",Ophthalmologist
"groin pain, painful urination with fever, difficulty starting urination",Urologist
"blocked nose, ear pain",ENT
"watering eyes, difficulty seeing far, sensitivity to light, double vision",Ophthalmologist
"difficulty swallowing, unexplained weight loss, loss of appetite",Oncologist
"ear pain, baby constipation, child wheezing",Pediatrician
"postpartum bleeding, pregnancy nausea",Gynecologist
"persistent bone pain, persistent cough, unexplained weight loss",Oncologist
"hives, ringworm",Dermatologist
"difficulty starting urination, back pain near kidneys, blood in urine",Urologist
"gas, blood in stool, loss of appetite",Gastroenterologist
"seizure, tremor, severe headache",Neurologist
"tingling, one sided weakness, migraine",Neurologist
"non healing ulcer, persistent fatigue, loss of appetite",Oncologist
"sore throat, weakness",General Physician
"diarrhea, stomach cramps, loss of appetite",Gastroenterologist
"acne, ringworm, dry skin, redness",Dermatologist
"dizziness, cold",General Physician
"difficulty concentrating, mood swings, depressed mood",Psychiatrist
"indigestion, heartburn",Gastroenterologist
"redness, skin allergy, acne",Dermatologist
"ear pain, baby vomiting, fast breathing",Pediatrician
"difficulty seeing far, double vision, swollen eyelid",Ophthalmologist
"shortness of breath, palpitations, dizziness, chest pain",Cardiologist
"addiction, hopelessness, panic attacks, suicidal thoughts",Psychiatrist
"blood in stool, food poisoning, stomach cramps",Gastroenterologist
"memory loss, one sided weakness, confusion",Neurologist
"night sweats, abdominal swelling, persistent fatigue",Oncologist
"constipation, bloating, stomach cramps",Gastroenterologist
"mild fever, cough, runny nose, dizziness",General Physician
"fainting, high blood pressure, chest pain",Cardiologist
"fatigue with breathlessness, sweating, chest pain",Cardiologist
"sensitivity to light, blurred vision, eye pain",Ophthalmologist
"mild fever, cough, chills",General Physician
"rash with fever, diarrhea, fast breathing",Pediatrician
"postpartum bleeding, pcos symptoms",Gynecologist
"pregnancy nausea, period cramps, irregular periods",Gynecologist
"runny nose, dizziness, fatigue",General Physician
"indigestion, food poisoning, diarrhea, jaundice",Gastroenterologist
"fungal infection, itching, ringworm",Dermatologist
"child stomach pain, child fever, rash with fever, dehydration",Pediatrician
"unexplained weight loss, persistent hoarseness, persistent fatigue",Oncologist
"sore throat, flu, mild fever",General Physician
"mouth ulcer, bleeding gums, wisdom tooth pain, gum swelling",Dentist
"frequent urination, urine infection, night urination",Urologist
"abdominal pain, gas, constipation, indigestion",Gastroenterologist
"vaginal infection, pregnancy nausea, pcos symptoms",Gynecologist
"ringworm, pigmentation, skin allergy",Dermatologist
"hair fall, redness, hives",Dermatologist
"foreign body sensation, swollen eyelid",Ophthalmologist
"period cramps, pcos symptoms, pregnancy nausea",Gynecologist
"neck pain radiating, severe headache, speech difficulty",Neurologist
"muscle strain, joint pain",Orthopedic
"loss of appetite, chills, weakness",General Physician
"bleeding gums, gum swelling, bleeding while brushing",Dentist
"irregular periods, painful periods, heavy bleeding",Gynecologist
"cough, low grade fever, mild fever, cold",General Physician
"seizure, one sided weakness, tingling",Neurologist
"fracture, joint pain, muscle strain",Orthopedic
"severe headache, balance problem, memory loss, migraine",Neurologist
"breathlessness at night, leg swelling",Cardiologist
"eczema, hives, dandruff",Dermatologist
"postpartum bleeding, itching, pcos symptoms, painful periods",Gynecologist
"dry eyes, blurred vision, red eye",Ophthalmologist
"sinus pain, nose bleeding, throat infection",ENT
"blood in cough, difficulty swallowing, swollen lymph nodes",Oncologist
"white discharge, postpartum bleeding",Gynecologist
"memory loss, dizziness, speech difficulty",Neurologist
"vomiting, bloating, jaundice",Gastroenterologist
"stomach cramps, acidity, constipation",Gastroenterologist
"broken tooth, bleeding while brushing, pus near gum, bleeding gums",Dentist
"heart pain, chest pain, cardiac arrest, heart attack symptoms, heart palpitations, irregular heartbeat, rapid heartbeat, slow heartbeat, angina, tightness in chest, pressure in chest, heart failure symptoms, coronary artery disease, high blood pressure, low blood pressure, shortness of breath due to heart issues",Cardiologist
"depressed mood, addiction, difficulty concentrating",Psychiatrist
"stomach cramps, heartburn, constipation, abdominal pain",Gastroenterologist
"dandruff, hives, skin allergy, itching",Dermatologist
"pus near gum, bad breath, bleeding gums",Dentist
"irregular heartbeat, pressure in chest, leg swelling",Cardiologist
"night vision problem, eye strain headache, itchy eyes",Ophthalmologist
"back pain, joint pain",Orthopedic
"chest pain, fatigue with breathlessness, rapid heartbeat, dizziness",Cardiologist
"runny nose, sinus pain",ENT
"runny nose, weakness, fatigue, dizziness",General Physician
"swollen neck glands, sore throat",ENT
"panic attacks, mood swings, difficulty concentrating",Psychiatrist
"boils, redness, acne",Dermatologist
"heavy bleeding, vaginal infection, pregnancy nausea, painful periods",Gynecologist
"blood in stool, acidity",Gastroenterologist
"trauma flashbacks, difficulty concentrating",Psychiatrist
"newborn feeding issue, child cough, baby vomiting",Pediatrician
"overthinking, insomnia, anxiety",Psychiatrist
"ringworm, boils, hives, acne",Dermatologist
"baby constipation, rash with fever, blocked nose",Pediatrician
"red eye, watering eyes",Ophthalmologist
"loss of appetite, persistent fatigue, blood in stool, unusual bleeding",Oncologist
"low grade fever, headache",General Physician
"high blood pressure, fainting, chest pain",Cardiologist
"frequent urination, reduced urine flow, painful urination with fever",Urologist
"sinus pain, ear pain, hearing loss, ringing in ear",ENT
"eye strain headache, watering eyes, night vision problem",Ophthalmologist
"sprain, knee pain, fracture, joint pain",Orthopedic
"period cramps, pelvic pain, missed period",Gynecologist
"dehydration, child wheezing, child cough, diarrhea",Pediatrician
"persistent hoarseness, persistent cough",Oncologist
"dehydration, ear pain, diarrhea",Pediatrician
"weakness, headache",General Physician
"balance problem, fainting, one sided weakness",Neurologist
"testicular swelling, frequent urination, difficulty starting urination, urine infection",Urologist
"lower abdominal pain, postpartum bleeding, white discharge, vaginal infection",Gynecologist
"pus near gum, gum swelling",Dentist
"night sweats, persistent fatigue, abdominal swelling, breast lump",Oncologist
"addiction, trauma flashbacks",Psychiatrist
"kidney stone pain, reduced urine flow, back pain near kidneys, urine leakage",Urologist
"difficulty seeing far, sensitivity to light, red eye",Ophthalmologist
"tooth sensitivity, cavity pain, bad breath",Dentist
"cough, sore throat, dizziness, loss of appetite",General Physician
"anger issues, hopelessness, insomnia",Psychiatrist
"painful periods, irregular periods",Gynecologist
"wisdom tooth pain, mouth ulcer",Dentist
"overthinking, suicidal thoughts, depressed mood",Psychiatrist
"loss of appetite, blood in cough, non healing ulcer",Oncologist
"breathlessness at night, high blood pressure, left arm pain, fainting",Cardiologist
"chest pain, high blood pressure, rapid heartbeat, shortness of breath",Cardiologist
"red eye, sensitivity to light",Ophthalmologist
"loss of voice, blocked nose, sore throat",ENT
"bleeding while brushing, mouth ulcer, broken tooth",Dentist
"tonsillitis, sore throat",ENT
"blood in stool, gas, stomach cramps",Gastroenterologist
"flu, chills, cold, sore throat",General Physician
"pelvic pain, heavy bleeding, lower abdominal pain, breast tenderness",Gynecologist
"fast breathing, dehydration",Pediatrician
"tremor, memory loss",Neurologist
"redness, skin rash",Dermatologist
"sore throat, ear discharge, sinus pain",ENT
"nausea, vomiting, loss of appetite",Gastroenterologist
"food poisoning, abdominal pain, constipation, blood in stool",Gastroenterologist
"headache, dizziness, chills",General Physician
"dandruff, skin rash, boils",Dermatologist
"breathlessness at night, chest tightness, left arm pain",Cardiologist
"urinary urgency, blood in urine, difficulty starting urination, kidney stone pain",Urologist
"postpartum bleeding, white discharge, lower abdominal pain",Gynecologist
"non healing ulcer, blood in cough, blood in stool",Oncologist
"sore throat, cough",General Physician
"neck pain radiating, balance problem, speech difficulty",Neurologist
"fever, weakness, flu",General Physician
"neck stiffness, lower back pain radiating",Orthopedic
"vomiting, constipation, indigestion, loss of appetite",Gastroenterologist
"swelling, hip pain, wrist injury, muscle strain",Orthopedic
"pain while chewing, bleeding gums, bleeding while brushing, gum swelling",Dentist
"loss of appetite, blood in stool",Oncologist
"loss of voice, hearing loss, sinus pain",ENT
"breast tenderness, irregular periods, vaginal infection",Gynecologist
"eye strain headache, eye discharge",Ophthalmologist
"speech difficulty, dizziness",Neurologist
"palpitations, breathlessness at night, chest tightness",Cardiologist
"urine leakage, urinary urgency",Urologist
"breast lump, difficulty swallowing",Oncologist
"eye strain headache, swollen eyelid",Ophthalmologist
"shoulder pain, sprain, lower back pain radiating, knee pain",Orthopedic
"cold, fatigue, chills",General Physician
"diarrhea, heartburn",Gastroenterologist
"unusual bleeding, loss of appetite",Oncologist
"night vision problem, dry eyes, eye strain headache, red eye",Ophthalmologist
"fainting, sweating, irregular heartbeat, high blood pressure",Cardiologist
"hives, pigmentation, skin allergy",Dermatologist
"chest pain, chest tightness",Cardiologist
"difficulty seeing far, night vision problem",Ophthalmologist
"weakness, fever, dizziness, cough",General Physician
"painful periods, itching, pcos symptoms",Gynecologist
"baby vomiting, child sore throat, fast breathing, child stomach pain",Pediatrician
"skin rash, eczema, boils",Dermatologist
"pus near gum, wisdom tooth pain, pain while chewing, tooth pain with headache",Dentist
"tooth pain with headache, tooth sensitivity, bleeding while brushing",Dentist
"blocked nose, child stomach pain",Pediatrician
"blood in stool, food poisoning, constipation, indigestion",Gastroenterologist
"ear pain, rash with fever, child wheezing",Pediatrician
"chills, fatigue",General Physician
"arthritis, sprain, lower back pain radiating",Orthopedic
"breast lump, unexplained weight loss",Oncologist
"bone pain, difficulty walking, knee pain, sprain",Orthopedic
"persistent cough, night sweats, loss of appetite, difficulty swallowing",Oncologist
"unexplained weight loss, persistent fatigue, swollen lymph nodes, night sweats",Oncologist
"fainting, one sided weakness, neck pain radiating",Neurologist
"hair fall, fungal infection, psoriasis",Dermatologist
"acne, itching",Dermatologist
"indigestion, bloating",Gastroenterologist
"social anxiety, depressed mood, mood swings, hallucinations",Psychiatrist
"dizziness, chest tightness, breathlessness at night",Cardiologist
"chest pain, leg swelling, breathlessness at night, sweating",Cardiologist
"baby constipation, child wheezing, diarrhea",Pediatrician
"neck stiffness, muscle strain, arthritis, fracture",Orthopedic
"jaundice, food poisoning",Gastroenterologist
"breast tenderness, spotting, itching",Gynecologist
"burning urination, urine leakage",Urologist
"sore throat, ringing in ear, allergic rhinitis",ENT
"foreign body sensation, sudden vision loss, dry eyes, double vision",Ophthalmologist
"mouth ulcer, gum swelling",Dentist
"difficulty starting urination, testicular swelling, urine infection",Urologist
"fungal infection, dry skin, hair fall",Dermatologist
"swollen lymph nodes, blood in cough, persistent bone pain, unexplained weight loss",Oncologist
"joint pain, shoulder pain",Orthopedic
"postpartum bleeding, pcos symptoms",Gynecologist
"acne, redness, skin allergy",Dermatologist
"tonsillitis, allergic rhinitis, throat infection",ENT
"mood swings, insomnia, stress",Psychiatrist
"skin rash, redness, eczema",Dermatologist
"chest pain, irregular heartbeat, rapid heartbeat",Cardiologist
"bleeding while brushing, bad breath, pus near gum",Dentist
"neck pain radiating, balance problem, fainting, speech difficulty",Neurologist
"pain while chewing, mouth ulcer, tooth sensitivity",Dentist
"unexplained weight loss, abdominal swelling, night sweats, unusual bleeding",Oncologist
"rash with fever, child cough, baby constipation",Pediatrician
"diarrhea, vaccination query, newborn feeding issue, child fever",Pediatrician
"loss of appetite, unusual bleeding, abdominal swelling",Oncologist
"skin rash, skin allergy, redness, eczema",Dermatologist
"left arm pain, shortness of breath, fainting",Cardiologist
"chest pain, dizziness, left arm pain, pressure in chest",Cardiologist
"tremor, blurred vision with headache",Neurologist
"child sore throat, rash with fever, baby vomiting, vaccination query",Pediatrician
"dizziness, shortness of breath, sweating",Cardiologist
"heartburn, acidity, constipation",Gastroenterologist
"double vision, difficulty seeing far, blurred vision",Ophthalmologist
"wisdom tooth pain, gum swelling, broken tooth",Dentist
"pain while chewing, mouth ulcer",Dentist
"fatigue with breathlessness, palpitations, chest pain",Cardiologist
"postpartum bleeding, missed period, period cramps",Gynecologist
"suicidal thoughts, hopelessness, addiction",Psychiatrist
"fainting, seizure",Neurologist
"unusual bleeding, persistent bone pain, persistent cough",Oncologist
"swelling, arthritis, lower back pain radiating, back pain",Orthopedic
"ear pain, rash with fever, newborn feeding issue",Pediatrician
"dizziness, seizure, tingling",Neurologist
"newborn feeding issue, baby constipation, child stomach pain",Pediatrician
"blurred vision, itchy eyes",Ophthalmologist
"unexplained weight loss, persistent fatigue, non healing ulcer, persistent bone pain",Oncologist
"blood in urine, back pain near kidneys, lower abdominal pain urination",Urologist
"high blood pressure, fatigue with breathlessness",Cardiologist
"loss of appetite, breast lump, blood in stool, persistent cough",Oncologist
"persistent cough, blood in cough, loss of appetite",Oncologist
"heartburn, bloating, abdominal pain",Gastroenterologist
"burning urination, urine infection, groin pain",Urologist
"newborn feeding issue, diarrhea",Pediatrician
"pressure in chest, breathlessness at night, palpitations, high blood pressure",Cardiologist
"chest tightness, fainting, breathlessness at night",Cardiologist
"urine infection, painful urination with fever, urine leakage",Urologist
"blood in cough, swollen lymph nodes, unusual bleeding, persistent bone pain",Oncologist
"loss of appetite, low grade fever, fever",General Physician
"sinus pain, allergic rhinitis, runny nose, loss of voice",ENT
"neck stiffness, shoulder pain, bone pain",Orthopedic
"breathlessness at night, high blood pressure, pressure in chest",Cardiologist
"food poisoning, heartburn, vomiting",Gastroenterologist
"lower abdominal pain urination, difficulty starting urination",Urologist
"fatigue with breathlessness, irregular heartbeat, leg swelling, chest tightness",Cardiologist
"tooth sensitivity, jaw pain, tooth pain with headache, broken tooth",Dentist
"hallucinations, stress",Psychiatrist
"hives, pigmentation",Dermatologist
"red eye, swollen eyelid, dry eyes",Ophthalmologist
"blood in stool, swollen lymph nodes, persistent cough",Oncologist
"bloating, abdominal pain, blood in stool",Gastroenterologist
"blocked nose, throat infection",ENT
"gas, jaundice, blood in stool",Gastroenterologist
"anger issues, depressed mood",Psychiatrist
"postpartum bleeding, lower abdominal pain",Gynecologist
"joint pain, muscle strain, shoulder pain",Orthopedic
"child fever, fast breathing, baby constipation",Pediatrician
"vomiting, nausea",Gastroenterologist
"swollen gums, tooth sensitivity, mouth ulcer",Dentist
"tremor, one sided weakness, balance problem",Neurologist
"dizziness, balance problem",Neurologist
"fungal infection, psoriasis",Dermatologist
"swollen gums, cavity pain, pus near gum",Dentist
"insomnia, hopelessness, addiction",Psychiatrist
"abdominal pain, acidity, diarrhea",Gastroenterologist
"frequent urination, reduced urine flow, urinary urgency, burning urination",Urologist
"chest pain, chest tightness",Cardiologist
"runny nose, hearing loss",ENT
"loss of appetite, bloating, food poisoning",Gastroenterologist
"acidity, loss of appetite, indigestion",Gastroenterologist
"fainting, palpitations, fatigue with breathlessness",Cardiologist
"flu, fatigue",General Physician
"depressed mood, overthinking, stress, social anxiety",Psychiatrist
"non healing ulcer, blood in cough",Oncologist
"seizure, numbness, balance problem",Neurologist
"one sided weakness, neck pain radiating",Neurologist
"acne, boils, hair fall, fungal infection",Dermatologist
"runny nose, chills, fatigue",General Physician
"pelvic pain, postpartum bleeding",Gynecologist
"redness, hair fall, acne",Dermatologist
"pelvic pain, spotting, irregular periods",Gynecologist
"ear discharge, loss of voice",ENT
"rash with fever, child wheezing, child cough",Pediatrician
"fast breathing, blocked nose, vaccination query",Pediatrician
"jaundice, constipation, diarrhea, acidity",Gastroenterologist
"diarrhea, heartburn, abdominal pain, jaundice",Gastroenterologist
"ear pain, child wheezing, newborn feeding issue",Pediatrician
"hearing loss, throat infection, ringing in ear",ENT
"ringworm, hives, hair fall, redness",Dermatologist
"wrist injury, knee pain",Orthopedic
"ear discharge, nose bleeding",ENT
"period cramps, irregular periods",Gynecologist
"breast lump, unexplained weight loss, persistent cough",Oncologist
"blocked nose, ear pain, child cough, vaccination query",Pediatrician
"dandruff, hives, ringworm",Dermatologist
"pain while chewing, mouth ulcer, bad breath",Dentist
"frequent urination, back pain near kidneys, urine leakage, groin pain",Urologist
"blood in stool, jaundice, acidity",Gastroenterologist
"foreign body sensation, swollen eyelid",Ophthalmologist
"dandruff, hives, boils, redness",Dermatologist
"sinus pain, tonsillitis, swollen neck glands, sore throat",ENT
"redness, boils, fungal infection",Dermatologist
"hives, dandruff",Dermatologist
"eye discharge, sudden vision loss, eye strain headache",Ophthalmologist
"mouth ulcer, pain while chewing, wisdom tooth pain",Dentist
"fracture, neck stiffness, back pain",Orthopedic
"groin pain, kidney stone pain, blood in urine, urine leakage",Urologist
"nausea, blood in stool, gas, acidity",Gastroenterologist
"palpitations, left arm pain, breathlessness at night",Cardiologist
"hair fall, fungal infection, redness",Dermatologist
"abdominal pain, diarrhea, nausea",Gastroenterologist
"jaw pain, wisdom tooth pain, bleeding while brushing, bleeding gums",Dentist
"hearing loss, ear discharge, sore throat",ENT
"hair fall, eczema, boils, ringworm",Dermatologist
"speech difficulty, dizziness, neck pain radiating",Neurologist
"itchy eyes, eye strain headache",Ophthalmologist
"fast breathing, dehydration",Pediatrician
"weakness, cough, runny nose",General Physician
"cough, dizziness, runny nose, chills",General Physician
"dizziness, seizure, tremor",Neurologist
"vaccination query, baby constipation, child sore throat",Pediatrician
"acne, ringworm, hair fall",Dermatologist
"social anxiety, panic attacks, anger issues",Psychiatrist
"child cough, blocked nose",Pediatrician
"fever, fatigue, dizziness",General Physician
"redness, itching",Dermatologist
"one sided weakness, balance problem",Neurologist
"ringworm, dry skin, hives",Dermatologist
"fainting, tingling",Neurologist
"painful urination with fever, frequent urination, urine leakage",Urologist
"high blood pressure, fatigue with breathlessness, fainting",Cardiologist
"lower abdominal pain, irregular periods, postpartum bleeding",Gynecologist
"panic attacks, hopelessness, trauma flashbacks",Psychiatrist
"child stomach pain, blocked nose, vaccination query, newborn feeding issue",Pediatrician
"broken tooth, pus near gum, bleeding gums",Dentist
"loss of voice, ear discharge, blocked nose",ENT
"cough, mild fever, sore throat",General Physician
"swollen lymph nodes, blood in stool",Oncologist
"hopelessness, trauma flashbacks, social anxiety",Psychiatrist
"hallucinations, mood swings",Psychiatrist
"bleeding while brushing, tooth pain with headache, mouth ulcer, pain while chewing",Dentist
"palpitations, breathlessness at night, left arm pain",Cardiologist
"child sore throat, child cough, newborn feeding issue, child wheezing",Pediatrician
"fungal infection, boils, skin rash",Dermatologist
"frequent urination, kidney stone pain",Urologist
"itching, boils, redness, psoriasis",Dermatologist
"non healing ulcer, persistent fatigue, swollen lymph nodes",Oncologist
"loss of appetite, stomach cramps",Gastroenterologist
"difficulty seeing far, foreign body sensation, eye strain headache, itchy eyes",Ophthalmologist
"groin pain, frequent urination, burning urination, kidney stone pain",Urologist
"newborn feeding issue, diarrhea",Pediatrician
"trauma flashbacks, social anxiety, anger issues, difficulty concentrating",Psychiatrist
"neck stiffness, back pain, muscle strain",Orthopedic
"newborn feeding issue, fast breathing, child cough, blocked nose",Pediatrician
"headache, fever, mild fever",General Physician
"tooth pain with headache, toothache, bad breath, broken tooth",Dentist
"difficulty swallowing, persistent cough, blood in cough",Oncologist
"overthinking, anxiety, suicidal thoughts, stress",Psychiatrist
"breast tenderness, pcos symptoms, lower abdominal pain",Gynecologist
"runny nose, tonsillitis",ENT
"boils, skin allergy",Dermatologist
"painful urination with fever, testicular swelling",Urologist
"neck stiffness, arthritis, knee pain",Orthopedic
"cough, sore throat, chills",General Physician
"pus near gum, mouth ulcer, swollen gums",Dentist
"fatigue with breathlessness, rapid heartbeat, high blood pressure",Cardiologist
"hives, boils, redness",Dermatologist
"reduced urine flow, frequent urination",Urologist
"bleeding while brushing, jaw pain, tooth pain with headache",Dentist
"itching, white discharge, pregnancy nausea",Gynecologist
"blurred vision, itchy eyes, difficulty seeing far, watering eyes",Ophthalmologist
"rash with fever, newborn feeding issue, fast breathing",Pediatrician
"leg swelling, chest tightness, left arm pain, high blood pressure",Cardiologist
"missed period, pregnancy nausea, period cramps",Gynecologist
"arthritis, muscle strain",Orthopedic
"unexplained weight loss, non healing ulcer, loss of appetite",Oncologist
"itching, vaginal infection, irregular periods",Gynecologist
"blurred vision, double vision, eye strain headache",Ophthalmologist
"swollen neck glands, allergic rhinitis, ringing in ear",ENT
"tremor, fainting, seizure",Neurologist
"redness, acne, eczema",Dermatologist
"jaundice, blood in stool",Gastroenterologist
"watering eyes, eye discharge, eye pain",Ophthalmologist
"pressure in chest, breathlessness at night, dizziness",Cardiologist
"seizure, tremor, confusion, balance problem",Neurologist
"tooth sensitivity, pus near gum, broken tooth, tooth pain with headache",Dentist
"difficulty concentrating, panic attacks, addiction",Psychiatrist
"migraine, dizziness, speech difficulty",Neurologist
"seizure, neck pain radiating",Neurologist
"testicular swelling, lower abdominal pain urination, painful urination with fever",Urologist
"nausea, loss of appetite",Gastroenterologist
"itching, pregnancy nausea, missed period",Gynecologist
"irregular periods, painful periods",Gynecologist
"fatigue with breathlessness, left arm pain, palpitations, leg swelling",Cardiologist
"loss of appetite, persistent bone pain",Oncologist
"irregular heartbeat, breathlessness at night, chest tightness, fainting",Cardiologist
"difficulty starting urination, groin pain, burning urination",Urologist
"lower abdominal pain urination, reduced urine flow, night urination",Urologist
"boils, dry skin, acne, skin rash",Dermatologist
"migraine, numbness",Neurologist
"insomnia, addiction, suicidal thoughts, stress",Psychiatrist
"insomnia, anxiety",Psychiatrist
"wrist injury, arthritis, bone pain",Orthopedic
"sinus pain, vertigo, blocked nose",ENT
"tooth sensitivity, broken tooth, wisdom tooth pain",Dentist
"heavy bleeding, breast tenderness",Gynecologist
"numbness, speech difficulty, dizziness",Neurologist
"chills, low grade fever",General Physician
"memory loss, speech difficulty",Neurologist
"child fever, child wheezing, baby constipation",Pediatrician
"cough, dizziness, headache",General Physician
"abdominal swelling, persistent hoarseness, loss of appetite, non healing ulcer",Oncologist
"diarrhea, child fever, blocked nose, child stomach pain",Pediatrician
"pain while chewing, wisdom tooth pain, bleeding gums",Dentist
"bad breath, bleeding gums",Dentist
"tooth pain with headache, gum swelling, wisdom tooth pain",Dentist
"hearing loss, loss of voice, blocked nose, nose bleeding",ENT
"tonsillitis, hearing loss",ENT
"persistent hoarseness, loss of appetite, persistent bone pain",Oncologist
"abdominal pain, gas, diarrhea",Gastroenterologist
"wisdom tooth pain, jaw pain, cavity pain",Dentist
"memory loss, neck pain radiating, fainting, dizziness",Neurologist
"loss of appetite, runny nose",General Physician
"eye strain headache, red eye, swollen eyelid",Ophthalmologist
"fatigue with breathlessness, irregular heartbeat, high blood pressure",Cardiologist
"difficulty concentrating, overthinking, stress",Psychiatrist
"sore throat, cough",General Physician
"indigestion, stomach cramps, vomiting",Gastroenterologist
"pigmentation, skin allergy, boils",Dermatologist
"shortness of breath, palpitations, chest tightness",Cardiologist
"fungal infection, skin allergy, skin rash, ringworm",Dermatologist
"urine infection, urine leakage, lower abdominal pain urination",Urologist
"blocked nose, fast breathing, dehydration",Pediatrician
"insomnia, trauma flashbacks, hopelessness",Psychiatrist
"runny nose, fever, loss of appetite, cough",General Physician
"child wheezing, child sore throat, child cough",Pediatrician
"hives, itching, boils",Dermatologist
"child stomach pain, vaccination query, rash with fever, newborn feeding issue",Pediatrician
"migraine, dizziness, numbness",Neurologist
"hip pain, bone pain, sprain",Orthopedic
"watering eyes, night vision problem",Ophthalmologist
"fever, chills, cold",General Physician
"gum swelling, cavity pain, bleeding gums",Dentist
"missed period, period cramps, breast tenderness",Gynecologist
"fast breathing, rash with fever",Pediatrician
"breast lump, persistent bone pain, unexplained weight loss",Oncologist
"baby constipation, child stomach pain, rash with fever, diarrhea",Pediatrician
"acne, redness, eczema",Dermatologist
"hip pain, knee pain, lower back pain radiating, swelling",Orthopedic
"fever, dizziness",General Physician
"lower abdominal pain, white discharge, itching, spotting",Gynecologist
"cavity pain, wisdom tooth pain, bleeding while brushing, swollen gums",Dentist
"swollen lymph nodes, night sweats, persistent fatigue",Oncologist
"postpartum bleeding, white discharge, pelvic pain, pregnancy nausea",Gynecologist
"high blood pressure, shortness of breath, leg swelling",Cardiologist
"stomach cramps, food poisoning, constipation",Gastroenterologist
"vertigo, throat infection, blocked nose",ENT
"blood in urine, lower abdominal pain urination, difficulty starting urination",Urologist
"white discharge, pelvic pain",Gynecologist
"dizziness, runny nose, flu, fever",General Physician
"tingling, tremor, confusion",Neurologist
"swollen neck glands, loss of voice, sinus pain",ENT
"testicular swelling, reduced urine flow",Urologist
"anger issues, social anxiety, hopelessness",Psychiatrist
"jaundice, blood in stool, bloating",Gastroenterologist
"sudden vision loss, eye discharge, watering eyes",Ophthalmologist
"bone pain, lower back pain radiating, fracture",Orthopedic
"baby constipation, child wheezing, ear pain",Pediatrician
"blood in urine, difficulty starting urination, lower abdominal pain urination",Urologist
"runny nose, fatigue, sore throat",ENT
"seizure, migraine",Neurologist
"child stomach pain, newborn feeding issue, child sore throat, child wheezing",Pediatrician
"child sore throat, vaccination query, newborn feeding issue",Pediatrician
"newborn feeding issue, child wheezing, baby vomiting",Pediatrician
"kidney stone pain, difficulty starting urination, testicular swelling",Urologist
"pressure in chest, shortness of breath",Cardiologist
"breathlessness at night, palpitations, high blood pressure",Cardiologist
"stress, anger issues, social anxiety",Psychiatrist
"itchy eyes, red eye",Ophthalmologist
"itchy eyes, difficulty seeing far",Ophthalmologist
"night sweats, abdominal swelling",Oncologist
"eczema, boils, hives",Dermatologist
"irregular heartbeat, leg swelling, sweating",Cardiologist
"newborn feeding issue, child cough, child stomach pain",Pediatrician
"pain while chewing, cavity pain",Dentist
"loss of appetite, blood in stool",Gastroenterologist
"mouth ulcer, tooth pain with headache",Dentist
"blurred vision with headache, fainting",Neurologist
"fainting, fatigue with breathlessness, irregular heartbeat",Cardiologist
"swollen neck glands, sore throat, allergic rhinitis",ENT
"swelling, sprain, fracture",Orthopedic
"severe headache, migraine",Neurologist
"runny nose, ringing in ear",ENT
"leg swelling, pressure in chest, sweating",Cardiologist
"left arm pain, irregular heartbeat, rapid heartbeat",Cardiologist
"ear pain, diarrhea, child wheezing, rash with fever",Pediatrician
"painful urination with fever, burning urination, urine leakage",Urologist
"anxiety, mood swings, trauma flashbacks",Psychiatrist
"confusion, speech difficulty, fainting, dizziness",Neurologist
"ringing in ear, tonsillitis, sinus pain, ear pain",ENT
"blurred vision, dry eyes, sudden vision loss",Ophthalmologist
"painful urination with fever, lower abdominal pain urination, urinary urgency",Urologist
"panic attacks, suicidal thoughts",Psychiatrist
"ear pain, swollen neck glands",ENT
"blurred vision with headache, one sided weakness",Neurologist
"breathlessness at night, chest pain, leg swelling",Cardiologist
"blood in cough, abdominal swelling, persistent hoarseness",Oncologist
"stress, anxiety, anger issues",Psychiatrist
"social anxiety, panic attacks",Psychiatrist
"joint pain, difficulty walking, arthritis",Orthopedic
"sore throat, chills, cough, mild fever",General Physician
"toothache, pus near gum, tooth pain with headache, jaw pain",Dentist
"blurred vision with headache, balance problem, seizure",Neurologist
"tingling, neck pain radiating",Neurologist
"night vision problem, dry eyes, sudden vision loss, foreign body sensation",Ophthalmologist
"fracture, sprain",Orthopedic
"bloating, stomach cramps, food poisoning",Gastroenterologist
"red eye, night vision problem, sudden vision loss",Ophthalmologist
"jaw pain, mouth ulcer",Dentist
"breathlessness at night, fainting, chest pain, sweating",Cardiologist
"eye pain, difficulty seeing far, watering eyes",Ophthalmologist
"muscle strain, difficulty walking, shoulder pain",Orthopedic
"sinus pain, tonsillitis, swollen neck glands",ENT
"high blood pressure, sweating",Cardiologist
"loss of appetite, non healing ulcer, unusual bleeding",Oncologist
"child wheezing, fast breathing",Pediatrician
"urine leakage, urine infection, burning urination",Urologist
"sudden vision loss, dry eyes, eye discharge",Ophthalmologist
"blood in stool, abdominal pain, stomach cramps, heartburn",Gastroenterologist
"swelling, bone pain, muscle strain",Orthopedic
"blocked nose, vaccination query, baby constipation",Pediatrician
"missed period, lower abdominal pain, pcos symptoms",Gynecologist
"diarrhea, loss of appetite, acidity, nausea",Gastroenterologist
"back pain, lower back pain radiating, joint pain, wrist injury",Orthopedic
"neck stiffness, arthritis, swelling, lower back pain radiating",Orthopedic
"night urination, blood in urine, kidney stone pain, lower abdominal pain urination",Urologist
"dizziness, chills, weakness",General Physician
"overthinking, suicidal thoughts, difficulty concentrating, mood swings",Psychiatrist
"diarrhea, vomiting, nausea",Gastroenterologist
"rash with fever, vaccination query",Pediatrician
"rash with fever, ear pain",Pediatrician
"left arm pain, palpitations, breathlessness at night, fainting",Cardiologist
"painful urination with fever, back pain near kidneys, kidney stone pain",Urologist
"difficulty starting urination, urine infection, urinary urgency",Urologist
"heartburn, acidity, loss of appetite, constipation",Gastroenterologist
"period cramps, pcos symptoms, pelvic pain",Gynecologist
"child sore throat, diarrhea",Pediatrician
"bone pain, lower back pain radiating, arthritis, neck stiffness",Orthopedic
"loss of appetite, unexplained weight loss, difficulty swallowing",Oncologist
"diarrhea, nausea, indigestion",Gastroenterologist
"boils, pigmentation",Dermatologist
"lower back pain radiating, sprain, swelling",Orthopedic
"hip pain, fracture, neck stiffness",Orthopedic
"blood in stool, acidity, loss of appetite",Gastroenterologist
"broken tooth, jaw pain, swollen gums, bleeding while brushing",Dentist
"irregular heartbeat, chest pain, breathlessness at night",Cardiologist
"gum swelling, tooth sensitivity, cavity pain",Dentist
"neck stiffness, sprain, bone pain",Orthopedic
"blood in stool, loss of appetite",Gastroenterologist
"wrist injury, muscle strain, knee pain, lower back pain radiating",Orthopedic
"itching, period cramps, breast tenderness, pelvic pain",Gynecologist
"sprain, knee pain",Orthopedic
"sudden vision loss, night vision problem, eye strain headache",Ophthalmologist
"pigmentation, dandruff",Dermatologist
"sprain, muscle strain, fracture, swelling",Orthopedic
"blocked nose, loss of voice, vertigo",ENT
"heavy bleeding, vaginal infection, white discharge",Gynecologist
"tooth sensitivity, bleeding while brushing, pain while chewing, cavity pain",Dentist
"sinus pain, ear discharge, throat infection, ringing in ear",ENT
"shoulder pain, wrist injury, hip pain, knee pain",Orthopedic
"balance problem, speech difficulty, fainting, numbness",Neurologist
"child sore throat, vaccination query",Pediatrician
"ringing in ear, ear discharge, allergic rhinitis",ENT
"back pain near kidneys, kidney stone pain, urine infection, frequent urination",Urologist
"fungal infection, itching",Dermatologist
"redness, ringworm, acne",Dermatologist
"acidity, blood in stool, loss of appetite",Gastroenterologist
"eczema, skin rash",Dermatologist
"loss of appetite, low grade fever",General Physician
"fatigue with breathlessness, pressure in chest, palpitations",Cardiologist
"foreign body sensation, night vision problem, itchy eyes, watering eyes",Ophthalmologist
"blocked nose, child stomach pain, child sore throat",Pediatrician
"loss of appetite, food poisoning, bloating, constipation",Gastroenterologist
"loss of voice, swollen neck glands, nose bleeding",ENT
"chest tightness, dizziness",Cardiologist
"child sore throat, fast breathing, baby constipation, child fever",Pediatrician
"dizziness, chills, fatigue",General Physician
"gas, vomiting, stomach cramps",Gastroenterologist
"acne, dry skin, dandruff, ringworm",Dermatologist
"missed period, painful periods",Gynecologist
"mild fever, body ache, runny nose",General Physician
"burning urination, testicular swelling, back pain near kidneys",Urologist
"night vision problem, dry eyes, sudden vision loss, itchy eyes",Ophthalmologist
"numbness, speech difficulty",Neurologist
"back pain, fracture, shoulder pain, difficulty walking",Orthopedic
"ear discharge, sore throat, vertigo",ENT
"trauma flashbacks, suicidal thoughts, addiction",Psychiatrist
"addiction, anxiety",Psychiatrist
"difficulty starting urination, urinary urgency, night urination",Urologist
"weakness, runny nose, body ache, cold",General Physician
"heartburn, loss of appetite",Gastroenterologist
"difficulty starting urination, kidney stone pain",Urologist
"ear pain, vaccination query",Pediatrician
"double vision, red eye, sensitivity to light",Ophthalmologist
"loss of appetite, persistent cough",Oncologist
"child sore throat, child fever",Pediatrician
"dehydration, child fever, fast breathing",Pediatrician
"vomiting, indigestion, heartburn, gas",Gastroenterologist
"difficulty concentrating, panic attacks, hopelessness, addiction",Psychiatrist
"nausea, jaundice",Gastroenterologist
"blood in stool, night sweats, blood in cough",Oncologist
"acidity, bloating",Gastroenterologist
"watering eyes, swollen eyelid",Ophthalmologist
"kidney stone pain, frequent urination, testicular swelling",Urologist
"psoriasis, boils, pigmentation, eczema",Dermatologist
"dizziness, migraine, balance problem, severe headache",Neurologist
"nose bleeding, ringing in ear, ear discharge",ENT
"allergic rhinitis, loss of voice, ringing in ear, ear pain",ENT
"ringing in ear, blocked nose, vertigo",ENT
"loss of appetite, runny nose",General Physician
"pain while chewing, bad breath, bleeding gums",Dentist
"back pain, bone pain, knee pain",Orthopedic
"numbness, blurred vision with headache",Neurologist
"chills, flu, fever",General Physician
"non healing ulcer, abdominal swelling",Oncologist
"vomiting, nausea, indigestion",Gastroenterologist
"persistent fatigue, breast lump",Oncologist
"fatigue with breathlessness, high blood pressure, shortness of breath",Cardiologist
"double vision, watering eyes, swollen eyelid, itchy eyes",Ophthalmologist
"breast tenderness, lower abdominal pain, spotting, irregular periods",Gynecologist
"toothache, pus near gum",Dentist
"jaundice, indigestion, abdominal pain, gas",Gastroenterologist
"tonsillitis, sinus pain, allergic rhinitis",ENT
"blocked nose, ear pain, swollen neck glands",ENT
"muscle strain, hip pain, fracture",Orthopedic
"ear discharge, throat infection, vertigo, nose bleeding",ENT
"lower abdominal pain, postpartum bleeding, white discharge",Gynecologist
"hip pain, joint pain, wrist injury, swelling",Orthopedic
"persistent hoarseness, breast lump, blood in cough, persistent fatigue",Oncologist
"fatigue with breathlessness, chest tightness, irregular heartbeat, shortness of breath",Cardiologist
"constipation, jaundice, vomiting",Gastroenterologist
"groin pain, urine leakage, burning urination, frequent urination",Urologist
"non healing ulcer, night sweats, unexplained weight loss",Oncologist
"nose bleeding, ear pain, throat infection",ENT
"night urination, back pain near kidneys, groin pain, urine infection",Urologist
"night urination, back pain near kidneys, urine infection",Urologist
"itching, hives",Dermatologist
"child wheezing, rash with fever",Pediatrician
"irregular periods, postpartum bleeding, vaginal infection",Gynecologist
"trauma flashbacks, hopelessness",Psychiatrist
"ringing in ear, throat infection, ear pain",ENT
"vaginal infection, spotting, breast tenderness, missed period",Gynecologist
"painful urination with fever, lower abdominal pain urination, difficulty starting urination, night urination",Urologist
"itchy eyes, foreign body sensation",Ophthalmologist
"knee pain, wrist injury, arthritis",Orthopedic
"bad breath, gum swelling",Dentist
"blurred vision with headache, memory loss, tremor, seizure",Neurologist
"body ache, fever, chills, cough",General Physician
"body ache, mild fever, flu",General Physician
"blurred vision, sensitivity to light, foreign body sensation, swollen eyelid",Ophthalmologist
"swollen eyelid, watering eyes, dry eyes, foreign body sensation",Ophthalmologist
"sudden vision loss, red eye, foreign body sensation, eye discharge",Ophthalmologist
"social anxiety, stress, trauma flashbacks, hallucinations",Psychiatrist
"hopelessness, panic attacks",Psychiatrist
"fatigue with breathlessness, left arm pain, irregular heartbeat",Cardiologist
"hearing loss, allergic rhinitis, throat infection",ENT
"palpitations, dizziness, pressure in chest",Cardiologist
"wisdom tooth pain, swollen gums",Dentist
"newborn feeding issue, baby vomiting",Pediatrician
"back pain near kidneys, groin pain, testicular swelling",Urologist
"ear pain, throat infection, runny nose",ENT
"nausea, jaundice, constipation",Gastroenterologist
"vaginal infection, period cramps, irregular periods, pelvic pain",Gynecologist
"joint pain, sprain, shoulder pain",Orthopedic
"hearing loss, runny nose, allergic rhinitis, sore throat",ENT
"fatigue, loss of appetite, cough",General Physician
"pigmentation, hair fall, ringworm, fungal infection",Dermatologist
"heartburn, blood in stool",Gastroenterologist
"sinus pain, hearing loss",ENT
"child stomach pain, child fever, rash with fever, diarrhea",Pediatrician
"non healing ulcer, persistent hoarseness, persistent cough, night sweats",Oncologist
"depressed mood, mood swings, panic attacks, trauma flashbacks",Psychiatrist
"sweating, palpitations, rapid heartbeat",Cardiologist
"toothache, swollen gums, bleeding gums",Dentist
"irregular periods, painful periods",Gynecologist
"night urination, painful urination with fever, urine leakage, urine infection",Urologist
"gas, abdominal pain",Gastroenterologist
"tooth sensitivity, toothache, tooth pain with headache, mouth ulcer",Dentist
"persistent hoarseness, breast lump, unexplained weight loss",Oncologist
"psoriasis, hives, redness, pigmentation",Dermatologist
"unexplained weight loss, difficulty swallowing, persistent cough, persistent fatigue",Oncologist
"insomnia, overthinking, addiction, social anxiety",Psychiatrist
"baby constipation, newborn feeding issue, baby vomiting",Pediatrician
"urinary urgency, lower abdominal pain urination, night urination",Urologist
"fatigue with breathlessness, shortness of breath, breathlessness at night",Cardiologist
"child stomach pain, ear pain, dehydration",Pediatrician
"anger issues, insomnia, anxiety",Psychiatrist
"hair fall, skin rash, skin allergy",Dermatologist
"blocked nose, newborn feeding issue, fast breathing, baby constipation",Pediatrician
"fainting, irregular heartbeat, chest pain",Cardiologist
"blocked nose, diarrhea, child stomach pain",Pediatrician
"sinus pain, nose bleeding, vertigo, ear pain",ENT
"dandruff, eczema, hair fall",Dermatologist
"mouth ulcer, bad breath",Dentist
"mood swings, suicidal thoughts, panic attacks",Psychiatrist
"fatigue, cough, mild fever",General Physician
"blurred vision, dry eyes",Ophthalmologist
"speech difficulty, tremor",Neurologist
"low grade fever, flu",General Physician
"ringworm, itching, psoriasis",Dermatologist
"diarrhea, heartburn",Gastroenterologist
"double vision, sensitivity to light, watering eyes",Ophthalmologist
"anxiety, addiction, suicidal thoughts",Psychiatrist
"itchy eyes, night vision problem",Ophthalmologist
"loss of appetite, heartburn, vomiting, bloating",Gastroenterologist
"shortness of breath, left arm pain, high blood pressure, fainting",Cardiologist
"mouth ulcer, pus near gum, cavity pain, bleeding gums",Dentist
"arthritis, sprain, fracture",Orthopedic
"rapid heartbeat, fainting, fatigue with breathlessness, dizziness",Cardiologist
"heavy bleeding, pcos symptoms, pelvic pain",Gynecologist
"ear discharge, ringing in ear",ENT
"palpitations, fatigue with breathlessness, high blood pressure",Cardiologist
"food poisoning, constipation, abdominal pain",Gastroenterologist
"severe headache, confusion",Neurologist
"lower abdominal pain, painful periods, pregnancy nausea",Gynecologist
"eye pain, eye discharge, difficulty seeing far",Ophthalmologist
"muscle strain, wrist injury, back pain",Orthopedic
"runny nose, loss of voice, vertigo, tonsillitis",ENT
"bleeding while brushing, bleeding gums",Dentist
"heavy bleeding, period cramps, missed period",Gynecologist
"painful urination with fever, urine leakage, back pain near kidneys, frequent urination",Urologist
"toothache, swollen gums, pain while chewing",Dentist
"sinus pain, hearing loss",ENT
"difficulty concentrating, hopelessness",Psychiatrist
"numbness, migraine, seizure, confusion",Neurologist
"frequent urination, urine leakage",Urologist
"severe headache, dizziness, memory loss, speech difficulty",Neurologist
"blocked nose, sore throat, hearing loss, swollen neck glands",ENT
"body ache, low grade fever, flu, headache",General Physician
"headache, dizziness",General Physician
"watering eyes, blurred vision, dry eyes, sudden vision loss",Ophthalmologist
"constipation, loss of appetite, heartburn, abdominal pain",Gastroenterologist
"blood in stool, abdominal swelling, non healing ulcer",Oncologist
"palpitations, irregular heartbeat, fainting, breathlessness at night",Cardiologist
"mild fever, body ache, low grade fever",General Physician
"blood in urine, back pain near kidneys, burning urination, urine infection",Urologist
"fracture, back pain, shoulder pain",Orthopedic
"fainting, pressure in chest, irregular heartbeat",Cardiologist
"night urination, groin pain",Urologist
"dizziness, breathlessness at night, high blood pressure, fatigue with breathlessness",Cardiologist
"memory loss, confusion, balance problem, migraine",Neurologist
"eczema, pigmentation, itching",Dermatologist
"foreign body sensation, watering eyes, eye discharge",Ophthalmologist
"itchy eyes, night vision problem, swollen eyelid",Ophthalmologist
"period cramps, white discharge, heavy bleeding",Gynecologist
"period cramps, missed period, irregular periods",Gynecologist
"reduced urine flow, back pain near kidneys, lower abdominal pain urination",Urologist
"sprain, difficulty walking, joint pain, knee pain",Orthopedic
"tooth pain with headache, toothache, pain while chewing",Dentist
"anger issues, suicidal thoughts, addiction",Psychiatrist
"fainting, left arm pain",Cardiologist
"painful urination with fever, urinary urgency, difficulty starting urination",Urologist
"throat infection, allergic rhinitis, ear pain, blocked nose",ENT
"burning urination, night urination",Urologist
"headache, fever, loss of appetite",General Physician
"burning urination, urine infection, night urination",Urologist
"stress, mood swings, insomnia, panic attacks",Psychiatrist
"blood in cough, abdominal swelling, persistent hoarseness",Oncologist
"pelvic pain, irregular periods, itching",Gynecologist
"swollen neck glands, tonsillitis, sinus pain",ENT
"dehydration, newborn feeding issue",Pediatrician
"loss of appetite, chills, cough",General Physician
"dry eyes, watering eyes, blurred vision, eye discharge",Ophthalmologist
"migraine, balance problem, confusion",Neurologist
"urinary urgency, kidney stone pain",Urologist
"swollen neck glands, throat infection, tonsillitis, runny nose",ENT
"pelvic pain, postpartum bleeding, itching, vaginal infection",Gynecologist
"leg swelling, shortness of breath",Cardiologist
"migraine, tingling, speech difficulty",Neurologist
"stress, anger issues, hallucinations, hopelessness",Psychiatrist
"cavity pain, bleeding while brushing, pus near gum",Dentist
"child stomach pain, vaccination query, newborn feeding issue, blocked nose",Pediatrician
"breast lump, persistent bone pain, non healing ulcer",Oncologist
"white discharge, pregnancy nausea, period cramps, breast tenderness",Gynecologist
"weakness, fever, loss of appetite, fatigue",General Physician
"stress, social anxiety, difficulty concentrating, overthinking",Psychiatrist
"vomiting, acidity",Gastroenterologist
"gas, loss of appetite, diarrhea",Gastroenterologist
"depressed mood, anxiety, hallucinations, trauma flashbacks",Psychiatrist
"painful urination with fever, urine leakage, kidney stone pain, urinary urgency",Urologist
"lower abdominal pain, postpartum bleeding",Gynecologist
"urinary urgency, difficulty starting urination, reduced urine flow",Urologist
"cold, weakness, fever",General Physician
"fungal infection, hair fall, itching",Dermatologist
"muscle strain, fracture, swelling",Orthopedic
"confusion, tingling, numbness",Neurologist
"pregnancy nausea, lower abdominal pain, white discharge, postpartum bleeding",Gynecologist
"broken tooth, wisdom tooth pain",Dentist
"nose bleeding, tonsillitis, ear pain",ENT
"chest pain, left arm pain, shortness of breath",Cardiologist
"itching, lower abdominal pain, white discharge",Gynecologist
"night urination, blood in urine, urine infection",Urologist
"breast lump, blood in stool, swollen lymph nodes",Oncologist
"tonsillitis, ear pain, nose bleeding, ear discharge",ENT
"wrist injury, neck stiffness, hip pain",Orthopedic
"persistent fatigue, persistent cough, persistent bone pain",Oncologist
"eye discharge, itchy eyes, difficulty seeing far, sensitivity to light",Ophthalmologist
"red eye, dry eyes",Ophthalmologist
"muscle strain, joint pain, back pain, shoulder pain",Orthopedic
"hopelessness, insomnia, overthinking, anger issues",Psychiatrist
"joint pain, back pain, arthritis, neck stiffness",Orthopedic
"anger issues, panic attacks, depressed mood",Psychiatrist
"vomiting, jaundice, loss of appetite",Gastroenterologist
"fungal infection, redness, skin rash",Dermatologist
"arthritis, fracture, knee pain",Orthopedic
"ringworm, psoriasis",Dermatologist
"frequent urination, urine leakage, urinary urgency, groin pain",Urologist
"baby vomiting, child wheezing, dehydration, newborn feeding issue",Pediatrician
"skin allergy, hives",Dermatologist
"joint pain, sprain, knee pain",Orthopedic
"eye pain, eye strain headache, sudden vision loss, itchy eyes",Ophthalmologist
"panic attacks, trauma flashbacks, hopelessness",Psychiatrist
"jaundice, bloating, stomach cramps",Gastroenterologist
"cough, body ache, sore throat",General Physician
"migraine, fainting",Neurologist
"severe headache, tremor, migraine",Neurologist
"palpitations, sweating, fainting, leg swelling",Cardiologist
"muscle strain, difficulty walking, back pain",Orthopedic
"loss of appetite, food poisoning, nausea",Gastroenterologist
"night sweats, blood in stool, loss of appetite",Oncologist
"baby constipation, ear pain, vaccination query, child fever",Pediatrician
"breathlessness at night, chest tightness, pressure in chest, leg swelling",Cardiologist
"balance problem, blurred vision with headache, one sided weakness",Neurologist
"breast tenderness, postpartum bleeding, pregnancy nausea",Gynecologist
"bad breath, bleeding while brushing, cavity pain",Dentist
"blood in stool, nausea, jaundice",Gastroenterologist
"loss of voice, hearing loss, vertigo, blocked nose",ENT
"nose bleeding, hearing loss",ENT
"loss of voice, throat infection, runny nose, vertigo",ENT
"left arm pain, sweating, shortness of breath, chest tightness",Cardiologist
"weakness, mild fever, cold",General Physician
"reduced urine flow, kidney stone pain, urine infection",Urologist
"blood in urine, kidney stone pain, testicular swelling",Urologist
"persistent bone pain, night sweats, breast lump",Oncologist
"bloating, loss of appetite, constipation",Gastroenterologist
"allergic rhinitis, swollen neck glands, ear discharge",ENT
"jaundice, stomach cramps",Gastroenterologist
"wisdom tooth pain, cavity pain, bad breath",Dentist
"acne, hair fall, hives",Dermatologist
"broken tooth, swollen gums, jaw pain",Dentist
"boils, psoriasis, hives",Dermatologist
"heavy bleeding, pcos symptoms, irregular periods",Gynecologist
"indigestion, blood in stool",Gastroenterologist
"vomiting, loss of appetite, jaundice, heartburn",Gastroenterologist
"confusion, migraine, severe headache, tremor",Neurologist
"pigmentation, boils, ringworm",Dermatologist
"rash with fever, dehydration, blocked nose",Pediatrician
"nose bleeding, loss of voice, throat infection, vertigo",ENT
"sensitivity to light, difficulty seeing far, blurred vision",Ophthalmologist
"psoriasis, pigmentation, eczema",Dermatologist
"diarrhea, loss of appetite",Gastroenterologist
"food poisoning, heartburn, gas",Gastroenterologist
"child fever, fast breathing, dehydration, vaccination query",Pediatrician
"urinary urgency, reduced urine flow",Urologist
"loss of appetite, cold",General Physician
"persistent hoarseness, blood in stool",Oncologist
"bloating, diarrhea",Gastroenterologist
"flu, chills, fever",General Physician
"gum swelling, tooth sensitivity, wisdom tooth pain",Dentist
"groin pain, testicular swelling, lower abdominal pain urination",Urologist
"bleeding gums, pain while chewing, bleeding while brushing, gum swelling",Dentist
"child fever, ear pain, child stomach pain, child wheezing",Pediatrician
"seizure, neck pain radiating, migraine, tremor",Neurologist
"blood in cough, night sweats, unusual bleeding, persistent fatigue",Oncologist
"tremor, seizure",Neurologist
"rapid heartbeat, palpitations, chest tightness, sweating",Cardiologist
"arthritis, sprain, muscle strain",Orthopedic
"neck pain radiating, memory loss",Neurologist
"bleeding while brushing, wisdom tooth pain, bad breath",Dentist
"panic attacks, difficulty concentrating, addiction",Psychiatrist
"double vision, sensitivity to light, watering eyes, night vision problem",Ophthalmologist
"fatigue, headache",General Physician
"child sore throat, vaccination query, blocked nose, ear pain",Pediatrician
"eczema, fungal infection",Dermatologist
"insomnia, trauma flashbacks, suicidal thoughts",Psychiatrist
"tonsillitis, allergic rhinitis, loss of voice",ENT
"mouth ulcer, gum swelling",Dentist
"urinary urgency, night urination, urine leakage",Urologist
"dry eyes, double vision",Ophthalmologist
"pain while chewing, bleeding gums, cavity pain",Dentist
"ear pain, child sore throat",Pediatrician
"indigestion, abdominal pain, vomiting",Gastroenterologist
"itchy eyes, blurred vision, eye discharge",Ophthalmologist
"joint pain, shoulder pain",Orthopedic
"persistent hoarseness, abdominal swelling",Oncologist
"dandruff, hair fall, itching, dry skin",Dermatologist
"hives, hair fall",Dermatologist
"shoulder pain, wrist injury, back pain",Orthopedic
"overthinking, hallucinations, insomnia, suicidal thoughts",Psychiatrist
"dandruff, boils, acne, redness",Dermatologist
"jaw pain, cavity pain, pus near gum",Dentist
"diarrhea, abdominal pain, stomach cramps, heartburn",Gastroenterologist
"chest tightness, shortness of breath, sweating",Cardiologist
"difficulty starting urination, urinary urgency, groin pain",Urologist
"persistent cough, blood in stool, unusual bleeding, loss of appetite",Oncologist
"rapid heartbeat, shortness of breath, high blood pressure",Cardiologist
"eczema, acne, dry skin",Dermatologist
"difficulty starting urination, back pain near kidneys, burning urination",Urologist
"one sided weakness, migraine, tremor",Neurologist
"high blood pressure, chest tightness, palpitations",Cardiologist
"hair fall, dandruff, dry skin, acne",Dermatologist
"dehydration, blocked nose, baby constipation, child fever",Pediatrician
"watering eyes, itchy eyes, eye discharge, sudden vision loss",Ophthalmologist
"confusion, dizziness",Neurologist
"addiction, panic attacks, insomnia, anxiety",Psychiatrist
"foreign body sensation, sudden vision loss, red eye",Ophthalmologist
"sudden vision loss, foreign body sensation",Ophthalmologist
"bleeding gums, toothache, bleeding while brushing",Dentist
"nausea, gas, acidity",Gastroenterologist
"fracture, difficulty walking, shoulder pain, lower back pain radiating",Orthopedic
"jaw pain, toothache, tooth sensitivity",Dentist
"difficulty seeing far, itchy eyes, eye pain, swollen eyelid",Ophthalmologist
"bloating, loss of appetite, stomach cramps, indigestion",Gastroenterologist
"watering eyes, eye strain headache, dry eyes",Ophthalmologist
"eye strain headache, double vision, dry eyes",Ophthalmologist
"pregnancy nausea, breast tenderness",Gynecologist
"skin allergy, dandruff, ringworm",Dermatologist
"swollen eyelid, sensitivity to light",Ophthalmologist
"irregular periods, lower abdominal pain, heavy bleeding",Gynecologist
"chills, runny nose, dizziness",General Physician
"pigmentation, itching, hair fall",Dermatologist
"persistent fatigue, abdominal swelling, blood in cough, loss of appetite",Oncologist
"dry eyes, sudden vision loss, red eye",Ophthalmologist
"tooth sensitivity, bleeding gums",Dentist
"back pain, hip pain, knee pain",Orthopedic
"jaundice, loss of appetite, diarrhea",Gastroenterologist
"tingling, balance problem, confusion, migraine",Neurologist
"vaginal infection, pcos symptoms, missed period",Gynecologist
"bleeding while brushing, swollen gums",Dentist
"lower abdominal pain urination, difficulty starting urination, urine leakage",Urologist
"bad breath, mouth ulcer",Dentist
"missed period, lower abdominal pain, period cramps",Gynecologist
"fast breathing, newborn feeding issue, vaccination query",Pediatrician
"difficulty seeing far, watering eyes, night vision problem",Ophthalmologist
"difficulty starting urination, groin pain, urinary urgency",Urologist
"speech difficulty, seizure, severe headache",Neurologist
"unusual bleeding, non healing ulcer",Oncologist
"ringworm, dandruff, redness",Dermatologist
"trauma flashbacks, insomnia, stress",Psychiatrist
"burning urination, urine leakage, back pain near kidneys, kidney stone pain",Urologist
"fracture, difficulty walking",Orthopedic
"loss of appetite, non healing ulcer, unusual bleeding",Oncologist
"vertigo, swollen neck glands, throat infection",ENT
"blood in cough, persistent fatigue",Oncologist
"blurred vision, eye pain, double vision, sudden vision loss",Ophthalmologist
"spotting, heavy bleeding, pelvic pain",Gynecologist
"neck pain radiating, speech difficulty, numbness",Neurologist
"sensitivity to light, itchy eyes, foreign body sensation",Ophthalmologist
"swollen gums, mouth ulcer, jaw pain",Dentist
"numbness, tingling",Neurologist
"gum swelling, mouth ulcer",Dentist
"persistent fatigue, swollen lymph nodes",Oncologist
"rash with fever, diarrhea, child wheezing, fast breathing",Pediatrician
"rash with fever, child stomach pain, diarrhea, vaccination query",Pediatrician
"weakness, dizziness, sore throat",General Physician
"ear discharge, tonsillitis, runny nose",ENT
"lower abdominal pain urination, painful urination with fever, difficulty starting urination",Urologist
"heartburn, blood in stool",Gastroenterologist
"painful urination with fever, testicular swelling, frequent urination",Urologist
"chest pain, fatigue with breathlessness",Cardiologist
"itching, dandruff, psoriasis",Dermatologist
"painful periods, lower abdominal pain, missed period, vaginal infection",Gynecologist
"ear pain, nose bleeding, tonsillitis, loss of voice",ENT
"dry skin, hair fall, itching",Dermatologist
"skin rash, skin allergy",Dermatologist
"fever, flu, sore throat, weakness",General Physician
"body ache, runny nose, headache",General Physician
"bone pain, muscle strain, neck stiffness",Orthopedic
"addiction, anxiety, mood swings, difficulty concentrating",Psychiatrist
"urinary urgency, kidney stone pain, reduced urine flow",Urologist
"heavy bleeding, pregnancy nausea",Gynecologist
"eczema, dandruff, dry skin, redness",Dermatologist
"acne, fungal infection, ringworm, eczema",Dermatologist
"chest tightness, breathlessness at night, irregular heartbeat",Cardiologist
"diarrhea, fast breathing",Pediatrician
"blood in cough, night sweats, abdominal swelling, persistent bone pain",Oncologist
"heavy bleeding, pcos symptoms",Gynecologist
"fungal infection, eczema, skin allergy",Dermatologist
"confusion, severe headache, migraine",Neurologist
"ear pain, vaccination query, dehydration",Pediatrician
"gum swelling, toothache, bad breath",Dentist
"persistent hoarseness, persistent cough",Oncologist
"sinus pain, allergic rhinitis, swollen neck glands",ENT
"social anxiety, hallucinations, depressed mood",Psychiatrist
"itchy eyes, double vision, difficulty seeing far, sudden vision loss",Ophthalmologist
"white discharge, itching, painful periods, spotting",Gynecologist
"dry eyes, foreign body sensation, itchy eyes",Ophthalmologist
"sinus pain, hearing loss",ENT
"social anxiety, hallucinations, suicidal thoughts",Psychiatrist
"sensitivity to light, foreign body sensation",Ophthalmologist
"cough, headache, sore throat",General Physician
"tooth sensitivity, jaw pain",Dentist
"swollen neck glands, vertigo, ear pain, blocked nose",ENT
"double vision, eye strain headache, watering eyes",Ophthalmologist
"child stomach pain, blocked nose, child wheezing, diarrhea",Pediatrician
"skin rash, boils, dandruff",Dermatologist
"difficulty concentrating, anger issues",Psychiatrist
"child sore throat, dehydration",Pediatrician
"panic attacks, difficulty concentrating, trauma flashbacks",Psychiatrist
"hallucinations, social anxiety, overthinking",Psychiatrist
"sinus pain, allergic rhinitis, sore throat",ENT
"difficulty concentrating, hallucinations, suicidal thoughts",Psychiatrist
"overthinking, hallucinations",Psychiatrist
"fatigue with breathlessness, chest pain",Cardiologist
"trauma flashbacks, difficulty concentrating, suicidal thoughts",Psychiatrist
"sore throat, loss of appetite, weakness, flu",General Physician
"skin allergy, eczema, fungal infection",Dermatologist
"cough, weakness, chills",General Physician
"sensitivity to light, dry eyes",Ophthalmologist
"neck stiffness, lower back pain radiating",Orthopedic
"mild fever, cough",General Physician
"hip pain, fracture, arthritis",Orthopedic
"arthritis, muscle strain, sprain, shoulder pain",Orthopedic
"breathlessness at night, pressure in chest, fainting, rapid heartbeat",Cardiologist
"overthinking, insomnia, hopelessness",Psychiatrist
"persistent cough, unexplained weight loss, breast lump",Oncologist
"muscle strain, arthritis, shoulder pain",Orthopedic
"hives, dry skin",Dermatologist
"anger issues, suicidal thoughts, overthinking",Psychiatrist
"tremor, neck pain radiating",Neurologist
"fast breathing, child fever, ear pain",Pediatrician
"abdominal pain, loss of appetite, bloating",Gastroenterologist
"nose bleeding, ear discharge, sore throat",ENT
"kidney stone pain, urine infection, groin pain",Urologist
"dizziness, breathlessness at night, fatigue with breathlessness, pressure in chest",Cardiologist
"baby constipation, ear pain, newborn feeding issue, child fever",Pediatrician
"abdominal swelling, difficulty swallowing, non healing ulcer",Oncologist
"newborn feeding issue, rash with fever",Pediatrician
"chest pain, breathlessness at night, pressure in chest",Cardiologist
"burning urination, difficulty starting urination, painful urination with fever",Urologist
"double vision, difficulty seeing far, itchy eyes, eye strain headache",Ophthalmologist
"mood swings, social anxiety, insomnia",Psychiatrist
"rapid heartbeat, irregular heartbeat, left arm pain",Cardiologist
"watering eyes, sudden vision loss, difficulty seeing far, eye pain",Ophthalmologist
"night sweats, non healing ulcer, persistent cough, difficulty swallowing",Oncologist
"irregular periods, spotting, vaginal infection",Gynecologist
"hopelessness, suicidal thoughts, social anxiety",Psychiatrist
"hearing loss, loss of voice, blocked nose, swollen neck glands",ENT
"irregular heartbeat, chest pain",Cardiologist
"rash with fever, dehydration, child sore throat",Pediatrician
"foreign body sensation, dry eyes, night vision problem, blurred vision",Ophthalmologist
"pressure in chest, leg swelling",Cardiologist
"fracture, muscle strain, bone pain",Orthopedic
"eye pain, difficulty seeing far, blurred vision",Ophthalmologist
"child fever, child sore throat, child wheezing",Pediatrician
"panic attacks, suicidal thoughts",Psychiatrist
"knee pain, shoulder pain",Orthopedic
"confusion, numbness, memory loss",Neurologist
"urinary urgency, testicular swelling, blood in urine",Urologist
"acidity, stomach cramps",Gastroenterologist
"irregular heartbeat, fainting, leg swelling",Cardiologist
"nausea, acidity, indigestion",Gastroenterologist
"gum swelling, jaw pain, wisdom tooth pain",Dentist
"social anxiety, stress, overthinking",Psychiatrist
"fungal infection, itching, boils, pigmentation",Dermatologist
"itchy eyes, difficulty seeing far, eye discharge",Ophthalmologist
"gas, heartburn, blood in stool, bloating",Gastroenterologist
"constipation, diarrhea, bloating",Gastroenterologist
"swollen gums, tooth pain with headache, gum swelling",Dentist
"night sweats, unexplained weight loss, breast lump",Oncologist
"gas, constipation, diarrhea",Gastroenterologist
"weakness, loss of appetite, cold",General Physician
"migraine, speech difficulty",Neurologist
"broken tooth, gum swelling, bad breath",Dentist
"pregnancy nausea, vaginal infection, pcos symptoms",Gynecologist
"seizure, migraine, dizziness",Neurologist
"constipation, loss of appetite, jaundice, blood in stool",Gastroenterologist
"neck stiffness, joint pain",Orthopedic
"stomach cramps, vomiting, bloating, heartburn",Gastroenterologist
"indigestion, heartburn, nausea, stomach cramps",Gastroenterologist
"blurred vision with headache, dizziness, tingling",Neurologist
"child wheezing, fast breathing, child stomach pain, baby constipation",Pediatrician
"persistent hoarseness, non healing ulcer, unexplained weight loss",Oncologist
"ringworm, hives, skin rash",Dermatologist
"eye strain headache, swollen eyelid, night vision problem",Ophthalmologist
"stress, anger issues, difficulty concentrating",Psychiatrist
"body ache, flu, cold, weakness",General Physician
"hopelessness, hallucinations",Psychiatrist
"white discharge, spotting, pregnancy nausea",Gynecologist
"back pain, swelling",Orthopedic
"psoriasis, skin rash, hives, eczema",Dermatologist
"abdominal pain, jaundice, stomach cramps, acidity",Gastroenterologist
"confusion, numbness, one sided weakness",Neurologist
"loss of appetite, cough, body ache",General Physician
"gas, indigestion, bloating",Gastroenterologist
"tooth pain with headache, gum swelling, pain while chewing",Dentist
"night urination, urine leakage",Urologist
"double vision, foreign body sensation, difficulty seeing far, itchy eyes",Ophthalmologist
"reduced urine flow, painful urination with fever, frequent urination",Urologist
"bleeding gums, bad breath",Dentist
"blood in cough, night sweats",Oncologist
"back pain near kidneys, kidney stone pain, groin pain",Urologist
"sudden vision loss, watering eyes",Ophthalmologist
"seizure, memory loss, speech difficulty",Neurologist
"difficulty seeing far, dry eyes, foreign body sensation",Ophthalmologist
"blood in stool, jaundice, gas, abdominal pain",Gastroenterologist
"heavy bleeding, white discharge, pelvic pain",Gynecologist
"ear pain, throat infection, runny nose",ENT
"hair fall, fungal infection",Dermatologist
"fatigue, mild fever, weakness, sore throat",General Physician
"abdominal pain, indigestion, gas, nausea",Gastroenterologist
"ear pain, hearing loss, allergic rhinitis, blocked nose",ENT
"newborn feeding issue, child wheezing",Pediatrician
"tooth sensitivity, wisdom tooth pain, gum swelling",Dentist
"breathlessness at night, left arm pain, rapid heartbeat, chest pain",Cardiologist
"severe headache, confusion",Neurologist
"blood in urine, reduced urine flow, burning urination",Urologist
"irregular periods, painful periods, lower abdominal pain",Gynecologist
"ear pain, fast breathing, child cough",Pediatrician
"wisdom tooth pain, broken tooth, pus near gum, bleeding gums",Dentist
"diarrhea, newborn feeding issue, dehydration, child stomach pain",Pediatrician
"blurred vision, sensitivity to light, double vision",Ophthalmologist
"hives, hair fall, boils, psoriasis",Dermatologist
"double vision, blurred vision, dry eyes",Ophthalmologist
"groin pain, burning urination, lower abdominal pain urination",Urologist
"food poisoning, bloating",Gastroenterologist
"joint pain, swelling, lower back pain radiating",Orthopedic
"hip pain, joint pain",Orthopedic
"cavity pain, toothache, wisdom tooth pain",Dentist
"double vision, eye discharge, dry eyes",Ophthalmologist
"palpitations, rapid heartbeat, left arm pain",Cardiologist
"anger issues, addiction",Psychiatrist
"pus near gum, bleeding gums",Dentist
"blocked nose, sinus pain, hearing loss, vertigo",ENT
"social anxiety, hallucinations, anxiety",Psychiatrist
"cold, flu, loss of appetite",General Physician
"dizziness, fever, fatigue",General Physician
"blood in stool, persistent hoarseness, persistent cough",Oncologist
"dandruff, psoriasis, acne",Dermatologist
"dizziness, headache",General Physician
"broken tooth, swollen gums, jaw pain",Dentist
"high blood pressure, breathlessness at night, chest pain",Cardiologist
"dizziness, high blood pressure, rapid heartbeat",Cardiologist
"mild fever, flu, low grade fever",General Physician
"dehydration, ear pain, vaccination query",Pediatrician
"difficulty concentrating, overthinking, social anxiety",Psychiatrist
"weakness, body ache, sore throat",General Physician
"blood in stool, difficulty swallowing, night sweats",Oncologist
"cold, fever, low grade fever",General Physician
"overthinking, difficulty concentrating, stress",Psychiatrist
"eye strain headache, foreign body sensation, eye pain",Ophthalmologist
"baby vomiting, vaccination query",Pediatrician
"anxiety, social anxiety, panic attacks, insomnia",Psychiatrist
"hearing loss, nose bleeding, swollen neck glands, ear pain",ENT
"reduced urine flow, groin pain, urine leakage, blood in urine",Urologist
"missed period, vaginal infection, breast tenderness, white discharge",Gynecologist
"eye discharge, blurred vision, foreign body sensation",Ophthalmologist
"gum swelling, toothache, pain while chewing",Dentist
"fever, low grade fever, cough",General Physician
"urinary urgency, painful urination with fever",Urologist
"hallucinations, trauma flashbacks",Psychiatrist
"fatigue, body ache, loss of appetite",General Physician
"rash with fever, vaccination query",Pediatrician
"sprain, fracture, neck stiffness, joint pain",Orthopedic
"tingling, one sided weakness, speech difficulty",Neurologist
"fatigue with breathlessness, fainting, leg swelling",Cardiologist
"knee pain, swelling, sprain",Orthopedic
"burning urination, blood in urine, difficulty starting urination, testicular swelling",Urologist
"lower abdominal pain, irregular periods, period cramps, heavy bleeding",Gynecologist
"redness, ringworm, pigmentation",Dermatologist
"memory loss, numbness, one sided weakness",Neurologist
"unusual bleeding, difficulty swallowing, unexplained weight loss, non healing ulcer",Oncologist
"toothache, tooth sensitivity, cavity pain",Dentist
"hives, eczema, itching",Dermatologist
"bloating, blood in stool, food poisoning, vomiting",Gastroenterologist
"knee pain, bone pain",Orthopedic
"anger issues, suicidal thoughts, addiction, depressed mood",Psychiatrist
"jaw pain, toothache, gum swelling",Dentist
"abdominal pain, blood in stool, constipation",Gastroenterologist
"pus near gum, swollen gums, bleeding while brushing, tooth sensitivity",Dentist
"left arm pain, shortness of breath, rapid heartbeat",Cardiologist
"nose bleeding, ear pain, ringing in ear, sinus pain",ENT
"left arm pain, chest tightness, fainting",Cardiologist
"low grade fever, cough, fatigue",General Physician
"bad breath, gum swelling, pain while chewing",Dentist
"dizziness, one sided weakness",Neurologist
"swelling, sprain, wrist injury, fracture",Orthopedic
"food poisoning, stomach cramps, loss of appetite",Gastroenterologist
"runny nose, fatigue, sore throat, dizziness",ENT
"balance problem, blurred vision with headache, speech difficulty",Neurologist
"skin rash, skin allergy, acne",Dermatologist
"swollen eyelid, double vision, itchy eyes, night vision problem",Ophthalmologist
"stomach cramps, bloating",Gastroenterologist
"eye strain headache, sudden vision loss, difficulty seeing far, foreign body sensation",Ophthalmologist
"dry eyes, night vision problem",Ophthalmologist
"fever, headache",General Physician
"unusual bleeding, persistent bone pain",Oncologist
"mild fever, loss of appetite, weakness",General Physician
"hearing loss, tonsillitis, allergic rhinitis, ear discharge",ENT
"one sided weakness, confusion, fainting",Neurologist
"high blood pressure, left arm pain, palpitations",Cardiologist
"mouth ulcer, tooth pain with headache",Dentist
"toothache, bleeding while brushing, wisdom tooth pain, pain while chewing",Dentist
"rash with fever, child stomach pain, vaccination query",Pediatrician
"sore throat, fatigue, low grade fever",General Physician
"stress, insomnia, hallucinations, difficulty concentrating",Psychiatrist
"constipation, acidity, jaundice",Gastroenterologist
"overthinking, anxiety, hopelessness",Psychiatrist
"pigmentation, redness, itching, ringworm",Dermatologist
"jaundice, vomiting, diarrhea, heartburn",Gastroenterologist
"pressure in chest, breathlessness at night, fatigue with breathlessness, sweating",Cardiologist
"bone pain, fracture",Orthopedic
"stomach cramps, acidity, vomiting, bloating",Gastroenterologist
"headache, loss of appetite, cold, mild fever",General Physician
"depressed mood, suicidal thoughts, trauma flashbacks, overthinking",Psychiatrist
"chills, mild fever, body ache, fever",General Physician
"itching, missed period",Gynecologist
"hearing loss, ear pain, ringing in ear, ear discharge",ENT
"balance problem, numbness",Neurologist
"swelling, wrist injury",Orthopedic
"dandruff, fungal infection",Dermatologist
"sore throat, loss of appetite, dizziness, flu",General Physician
"difficulty swallowing, breast lump, abdominal swelling",Oncologist
"kidney stone pain, blood in urine",Urologist
"loss of appetite, persistent bone pain, unexplained weight loss",Oncologist
"suicidal thoughts, hopelessness, addiction, overthinking",Psychiatrist
"itching, boils, fungal infection, skin allergy",Dermatologist
"ear pain, baby constipation, newborn feeding issue, blocked nose",Pediatrician
"panic attacks, anxiety, mood swings",Psychiatrist
"difficulty concentrating, anger issues, trauma flashbacks",Psychiatrist
"heavy bleeding, white discharge",Gynecologist
"breast tenderness, spotting, postpartum bleeding",Gynecologist
"wisdom tooth pain, broken tooth, mouth ulcer",Dentist
"watering eyes, sudden vision loss, eye pain",Ophthalmologist
"ear pain, sinus pain",ENT
"wisdom tooth pain, jaw pain",Dentist
"confusion, seizure, numbness",Neurologist
"sweating, high blood pressure",Cardiologist
"difficulty starting urination, lower abdominal pain urination, urinary urgency",Urologist
"acne, skin allergy",Dermatologist
"itching, redness, boils",Dermatologist
"difficulty seeing far, sensitivity to light",Ophthalmologist
"loss of appetite, cough, fatigue, sore throat",General Physician
"pcos symptoms, heavy bleeding",Gynecologist
"hives, dry skin, dandruff",Dermatologist
"shoulder pain, neck stiffness, muscle strain",Orthopedic
"child cough, diarrhea, baby vomiting, newborn feeding issue",Pediatrician
"groin pain, urinary urgency, painful urination with fever",Urologist
"tremor, numbness",Neurologist
"mood swings, difficulty concentrating",Psychiatrist
"depressed mood, anxiety, hallucinations",Psychiatrist
"wrist injury, knee pain, fracture",Orthopedic
"dizziness, numbness, confusion, one sided weakness",Neurologist
"unusual bleeding, breast lump",Oncologist
"overthinking, insomnia, social anxiety, trauma flashbacks",Psychiatrist
"bleeding gums, tooth pain with headache",Dentist
"boils, pigmentation, hair fall, itching",Dermatologist
"swelling, bone pain, back pain, difficulty walking",Orthopedic
"chest tightness, rapid heartbeat, breathlessness at night",Cardiologist
"jaundice, bloating, diarrhea",Gastroenterologist
"body ache, fatigue, dizziness",General Physician
"fever, low grade fever",General Physician
"ear discharge, nose bleeding, tonsillitis",ENT
"night urination, reduced urine flow, urine infection",Urologist
"anger issues, social anxiety, trauma flashbacks, suicidal thoughts",Psychiatrist
"mild fever, cold",General Physician
"addiction, panic attacks, stress",Psychiatrist
"skin allergy, ringworm",Dermatologist
"blocked nose, ringing in ear, tonsillitis",ENT
"tooth sensitivity, mouth ulcer",Dentist
"period cramps, pelvic pain, postpartum bleeding",Gynecologist
"suicidal thoughts, mood swings, difficulty concentrating",Psychiatrist
"blocked nose, throat infection, tonsillitis",ENT
"dehydration, rash with fever, child sore throat",Pediatrician
"sinus pain, blocked nose, loss of voice, sore throat",ENT
"sinus pain, runny nose",ENT
"ringing in ear, loss of voice, tonsillitis, hearing loss",ENT
"headache, cold",General Physician
"breast lump, persistent cough, persistent fatigue, unexplained weight loss",Oncologist
"joint pain, swelling",Orthopedic
"hives, ringworm",Dermatologist
"itching, lower abdominal pain",Gynecologist
"loss of appetite, bloating, constipation, stomach cramps",Gastroenterologist
"chest tightness, irregular heartbeat",Cardiologist
"jaundice, blood in stool, constipation",Gastroenterologist
"difficulty starting urination, night urination",Urologist
"fatigue with breathlessness, irregular heartbeat",Cardiologist
"white discharge, spotting",Gynecologist
"broken tooth, swollen gums, pain while chewing",Dentist
"vaccination query, dehydration, child sore throat",Pediatrician
"wisdom tooth pain, mouth ulcer, gum swelling",Dentist
"food poisoning, constipation, heartburn, stomach cramps",Gastroenterologist
"allergic rhinitis, runny nose",ENT
"eczema, pigmentation, fungal infection",Dermatologist
"sore throat, runny nose, loss of appetite",ENT
"cold, loss of appetite, cough",General Physician
"child cough, baby vomiting, child sore throat",Pediatrician
"blood in cough, breast lump, persistent fatigue, night sweats",Oncologist
"sweating, shortness of breath, fatigue with breathlessness",Cardiologist
"tingling, severe headache, seizure",Neurologist
"hopelessness, anxiety",Psychiatrist
"sore throat, cough",General Physician
"non healing ulcer, swollen lymph nodes, persistent bone pain, blood in stool",Oncologist
"double vision, dry eyes, blurred vision",Ophthalmologist
"indigestion, gas",Gastroenterologist
"left arm pain, pressure in chest, sweating",Cardiologist
"burning urination, testicular swelling, lower abdominal pain urination",Urologist
"eczema, hives, psoriasis",Dermatologist
"severe headache, dizziness, fainting",Neurologist
"hopelessness, hallucinations, suicidal thoughts",Psychiatrist
"difficulty starting urination, night urination, testicular swelling, blood in urine",Urologist
"tremor, neck pain radiating, balance problem",Neurologist
"knee pain, swelling, arthritis",Orthopedic
"boils, redness",Dermatologist
"boils, itching",Dermatologist
"shoulder pain, neck stiffness",Orthopedic
"mild fever, headache",General Physician
"blurred vision, double vision, sensitivity to light",Ophthalmologist
"frequent urination, urine infection, painful urination with fever, testicular swelling",Urologist
"insomnia, overthinking, trauma flashbacks",Psychiatrist
"dehydration, baby vomiting, child cough, rash with fever",Pediatrician
"bone pain, swelling, difficulty walking",Orthopedic
"neck pain radiating, numbness",Neurologist
"pus near gum, swollen gums, toothache",Dentist
"newborn feeding issue, diarrhea, vaccination query",Pediatrician
"arthritis, fracture",Orthopedic
"itchy eyes, dry eyes",Ophthalmologist
"bleeding gums, pain while chewing, bad breath",Dentist
"food poisoning, constipation, stomach cramps, blood in stool",Gastroenterologist
"hip pain, fracture",Orthopedic
"flu, runny nose, body ache",General Physician
"diarrhea, child fever, child stomach pain, child cough",Pediatrician
"bloating, stomach cramps, diarrhea",Gastroenterologist
"nausea, diarrhea, acidity, blood in stool",Gastroenterologist
"persistent hoarseness, unexplained weight loss",Oncologist
"gas, constipation, abdominal pain",Gastroenterologist
"cough, body ache, sore throat, mild fever",General Physician
"swollen lymph nodes, breast lump, non healing ulcer",Oncologist
"difficulty seeing far, swollen eyelid",Ophthalmologist
"child cough, child sore throat, ear pain",Pediatrician
"night sweats, loss of appetite, blood in stool, abdominal swelling",Oncologist
"blood in stool, food poisoning, stomach cramps",Gastroenterologist
"night sweats, persistent fatigue, unusual bleeding",Oncologist
"tooth pain with headache, jaw pain",Dentist
"heartburn, abdominal pain, acidity, nausea",Gastroenterologist
"food poisoning, nausea, stomach cramps, abdominal pain",Gastroenterologist
"low grade fever, dizziness, loss of appetite, mild fever",General Physician
"itchy eyes, night vision problem, double vision",Ophthalmologist
"runny nose, swollen neck glands, vertigo",ENT
"painful periods, vaginal infection, period cramps",Gynecologist
"overthinking, hallucinations, stress",Psychiatrist
"diarrhea, newborn feeding issue, vaccination query",Pediatrician
"eye strain headache, watering eyes, foreign body sensation",Ophthalmologist
"blood in stool, acidity",Gastroenterologist
"double vision, difficulty seeing far, swollen eyelid",Ophthalmologist
"addiction, anxiety, social anxiety",Psychiatrist
"blood in cough, night sweats, unexplained weight loss",Oncologist
"heavy bleeding, pelvic pain, spotting, itching",Gynecologist
"lower abdominal pain urination, burning urination, urine leakage",Urologist
"overthinking, depressed mood, addiction",Psychiatrist
"unexplained weight loss, blood in stool, blood in cough",Oncologist
"dizziness, fainting, left arm pain",Cardiologist
"dandruff, pigmentation, itching",Dermatologist
"mouth ulcer, jaw pain",Dentist
"sprain, joint pain",Orthopedic
"low grade fever, sore throat, weakness, loss of appetite",General Physician
"redness, itching",Dermatologist
"child sore throat, child fever",Pediatrician
"gum swelling, toothache",Dentist
"dry skin, dandruff, skin rash, psoriasis",Dermatologist
"difficulty concentrating, hallucinations, overthinking, insomnia",Psychiatrist
"stomach cramps, loss of appetite, bloating, acidity",Gastroenterologist
"indigestion, diarrhea, gas, loss of appetite",Gastroenterologist
"tremor, tingling, fainting",Neurologist
"child sore throat, child wheezing, child stomach pain",Pediatrician
"redness, psoriasis, skin allergy",Dermatologist
"insomnia, social anxiety, anger issues",Psychiatrist
"foreign body sensation, eye discharge, night vision problem",Ophthalmologist
"itching, hair fall, dandruff",Dermatologist
"chills, fever, body ache",General Physician
"allergic rhinitis, swollen neck glands, sinus pain, vertigo",ENT
"rash with fever, child stomach pain, newborn feeding issue, child sore throat",Pediatrician
"persistent fatigue, persistent bone pain, persistent cough, breast lump",Oncologist
"sprain, wrist injury",Orthopedic
"itchy eyes, eye pain, eye strain headache",Ophthalmologist
"broken tooth, swollen gums, bleeding while brushing",Dentist
"blurred vision, eye strain headache, sensitivity to light",Ophthalmologist
"high blood pressure, left arm pain, palpitations",Cardiologist
"indigestion, constipation, jaundice, bloating",Gastroenterologist
"double vision, red eye, blurred vision",Ophthalmologist
"burning urination, lower abdominal pain urination, testicular swelling",Urologist
"newborn feeding issue, child wheezing, baby vomiting, child sore throat",Pediatrician
"pus near gum, cavity pain, bleeding gums, tooth pain with headache",Dentist
"frequent urination, back pain near kidneys, burning urination",Urologist
"fatigue with breathlessness, pressure in chest, leg swelling, sweating",Cardiologist
"vomiting, indigestion, gas",Gastroenterologist
"balance problem, severe headache, memory loss",Neurologist
"kidney stone pain, burning urination, blood in urine, frequent urination",Urologist
"flu, dizziness",General Physician
"mild fever, cold, dizziness, cough",General Physician
"body ache, mild fever",General Physician
"nose bleeding, hearing loss, vertigo, tonsillitis",ENT
"vomiting, bloating, diarrhea",Gastroenterologist
"chest tightness, dizziness, fainting",Cardiologist
"runny nose, blocked nose, sore throat",ENT
"lower abdominal pain, painful periods, pregnancy nausea",Gynecologist
"insomnia, stress, hopelessness",Psychiatrist
"child stomach pain, vaccination query, child cough",Pediatrician
"bleeding while brushing, pain while chewing",Dentist
"neck stiffness, bone pain, arthritis, muscle strain",Orthopedic
"knee pain, wrist injury, swelling, sprain",Orthopedic
"numbness, neck pain radiating",Neurologist
"spotting, pregnancy nausea",Gynecologist
"kidney stone pain, painful urination with fever, urine leakage",Urologist
"mood swings, anger issues",Psychiatrist
"low grade fever, loss of appetite",General Physician
"blood in stool, indigestion, constipation, nausea",Gastroenterologist
"persistent fatigue, breast lump",Oncologist
"ringing in ear, tonsillitis",ENT
"night urination, groin pain, reduced urine flow",Urologist
"left arm pain, dizziness",Cardiologist
"red eye, swollen eyelid, dry eyes",Ophthalmologist
"hopelessness, anxiety",Psychiatrist
"insomnia, difficulty concentrating, social anxiety, suicidal thoughts",Psychiatrist
"memory loss, severe headache",Neurologist
"eye strain headache, foreign body sensation",Ophthalmologist
"hearing loss, allergic rhinitis, ear discharge",ENT
"dehydration, child wheezing, newborn feeding issue",Pediatrician
"period cramps, heavy bleeding",Gynecologist
"painful urination with fever, urine infection",Urologist
"ringworm, redness, eczema",Dermatologist
"irregular periods, itching, white discharge, pcos symptoms",Gynecologist
"loss of appetite, blood in stool, nausea",Gastroenterologist
"runny nose, throat infection, ear pain",ENT
"fracture, joint pain",Orthopedic
"severe headache, fainting, neck pain radiating",Neurologist
"fracture, joint pain, swelling, back pain",Orthopedic
"panic attacks, stress",Psychiatrist
"shoulder pain, back pain, difficulty walking, bone pain",Orthopedic
"lower back pain radiating, difficulty walking, back pain, neck stiffness",Orthopedic
"neck stiffness, joint pain",Orthopedic
"persistent cough, night sweats, blood in stool",Oncologist
"overthinking, social anxiety, addiction, difficulty concentrating",Psychiatrist
"breast lump, swollen lymph nodes, persistent cough",Oncologist
"double vision, blurred vision, eye discharge",Ophthalmologist
"painful periods, pelvic pain",Gynecologist
"stress, trauma flashbacks, insomnia, overthinking",Psychiatrist
"stress, difficulty concentrating",Psychiatrist
"newborn feeding issue, baby constipation",Pediatrician
"left arm pain, rapid heartbeat, sweating, breathlessness at night",Cardiologist
"sudden vision loss, red eye, sensitivity to light",Ophthalmologist
"itching, psoriasis, hives",Dermatologist
"jaw pain, gum swelling, wisdom tooth pain",Dentist
"speech difficulty, seizure",Neurologist
"throat infection, ringing in ear, nose bleeding, ear discharge",ENT
"difficulty seeing far, double vision",Ophthalmologist
"heartburn, nausea, constipation",Gastroenterologist
"fainting, blurred vision with headache, severe headache",Neurologist
"arthritis, joint pain, difficulty walking",Orthopedic
"mood swings, stress, difficulty concentrating, panic attacks",Psychiatrist
"fast breathing, blocked nose, child stomach pain",Pediatrician
"unusual bleeding, unexplained weight loss, swollen lymph nodes",Oncologist
"heavy bleeding, pregnancy nausea, lower abdominal pain",Gynecologist
"bleeding gums, pus near gum, wisdom tooth pain",Dentist
"ringing in ear, sinus pain, throat infection",ENT
"eye strain headache, foreign body sensation, itchy eyes, night vision problem",Ophthalmologist
"leg swelling, palpitations, rapid heartbeat",Cardiologist
"blocked nose, sinus pain",ENT
"palpitations, pressure in chest",Cardiologist
"sudden vision loss, red eye, double vision",Ophthalmologist
"white discharge, period cramps",Gynecologist
"fainting, pressure in chest, sweating",Cardiologist
"testicular swelling, lower abdominal pain urination, difficulty starting urination",Urologist
"non healing ulcer, abdominal swelling, persistent cough, unusual bleeding",Oncologist
"sore throat, swollen neck glands, loss of voice, hearing loss",ENT
"indigestion, bloating, stomach cramps",Gastroenterologist
"runny nose, body ache, cough",General Physician
"heartburn, bloating, gas",Gastroenterologist
"vaccination query, child cough",Pediatrician
"one sided weakness, severe headache, balance problem",Neurologist
"gum swelling, cavity pain",Dentist
"hallucinations, depressed mood, anger issues, suicidal thoughts",Psychiatrist
"lower abdominal pain urination, groin pain, blood in urine, difficulty starting urination",Urologist
"low grade fever, cold, weakness, mild fever",General Physician
"dandruff, skin allergy, dry skin",Dermatologist
"swollen eyelid, difficulty seeing far, eye strain headache, sensitivity to light",Ophthalmologist
"blurred vision, sudden vision loss, eye discharge, swollen eyelid",Ophthalmologist
"high blood pressure, chest tightness, sweating",Cardiologist
"blurred vision with headache, numbness, fainting",Neurologist
"postpartum bleeding, white discharge",Gynecologist
"dehydration, child stomach pain",Pediatrician
"eye strain headache, eye discharge, swollen eyelid",Ophthalmologist
"shoulder pain, difficulty walking, joint pain",Orthopedic
"one sided weakness, tremor, speech difficulty",Neurologist
"white discharge, period cramps, pelvic pain",Gynecologist
"lower back pain radiating, sprain, swelling",Orthopedic
"swelling, neck stiffness, back pain",Orthopedic
"sensitivity to light, dry eyes, foreign body sensation",Ophthalmologist
"indigestion, gas, bloating, abdominal pain",Gastroenterologist
"food poisoning, constipation, vomiting",Gastroenterologist
"swollen gums, broken tooth, pus near gum",Dentist
"dehydration, rash with fever",Pediatrician
"ear pain, sinus pain, tonsillitis",ENT
"blocked nose, ear pain, nose bleeding",ENT
"shoulder pain, joint pain, lower back pain radiating",Orthopedic
"difficulty starting urination, urine infection",Urologist
"vaginal infection, itching, pcos symptoms",Gynecologist
"social anxiety, anxiety, difficulty concentrating",Psychiatrist
"hallucinations, addiction, hopelessness",Psychiatrist
"heavy bleeding, period cramps, postpartum bleeding",Gynecologist
"anxiety, depressed mood, addiction",Psychiatrist
"unexplained weight loss, swollen lymph nodes, abdominal swelling",Oncologist
"dandruff, fungal infection, boils",Dermatologist
"persistent fatigue, persistent hoarseness",Oncologist
"diarrhea, constipation, indigestion, acidity",Gastroenterologist
"difficulty swallowing, unusual bleeding",Oncologist
"sinus pain, blocked nose, loss of voice",ENT
"shortness of breath, left arm pain, pressure in chest, sweating",Cardiologist
"fungal infection, pigmentation",Dermatologist
"memory loss, balance problem, speech difficulty, confusion",Neurologist
"postpartum bleeding, period cramps, pelvic pain",Gynecologist
"numbness, dizziness, memory loss",Neurologist
"fracture, hip pain, shoulder pain, swelling",Orthopedic
"difficulty concentrating, anger issues, trauma flashbacks",Psychiatrist
"urinary urgency, painful urination with fever",Urologist
"urine leakage, blood in urine, urine infection, back pain near kidneys",Urologist
"lower back pain radiating, bone pain, knee pain",Orthopedic
"wisdom tooth pain, bleeding while brushing, pain while chewing",Dentist
"toothache, gum swelling",Dentist
"cavity pain, toothache, bleeding gums",Dentist
"psoriasis, skin rash, itching",Dermatologist
"throat infection, allergic rhinitis, ringing in ear",ENT
"heavy bleeding, lower abdominal pain",Gynecologist
"loss of appetite, vomiting, acidity",Gastroenterologist
"bad breath, pus near gum, bleeding gums, pain while chewing",Dentist
"urine leakage, burning urination, groin pain, back pain near kidneys",Urologist
"mouth ulcer, pus near gum",Dentist
"diarrhea, indigestion, abdominal pain",Gastroenterologist
"breathlessness at night, rapid heartbeat",Cardiologist
"baby constipation, fast breathing, diarrhea",Pediatrician
"swollen lymph nodes, unusual bleeding",Oncologist
"bad breath, gum swelling, bleeding gums, wisdom tooth pain",Dentist
"dandruff, eczema",Dermatologist
"foreign body sensation, swollen eyelid, sudden vision loss, red eye",Ophthalmologist
"blurred vision with headache, tremor",Neurologist
"persistent cough, persistent hoarseness",Oncologist
"acne, redness, ringworm",Dermatologist
"newborn feeding issue, ear pain, fast breathing",Pediatrician
"vertigo, allergic rhinitis, blocked nose",ENT
"nose bleeding, sore throat, ringing in ear",ENT
"fatigue, loss of appetite, dizziness, headache",General Physician
"urine infection, frequent urination",Urologist
"sudden vision loss, difficulty seeing far, itchy eyes",Ophthalmologist
"eczema, skin rash, hair fall",Dermatologist
"blood in stool, persistent cough, night sweats, difficulty swallowing",Oncologist
"mouth ulcer, broken tooth, bleeding while brushing",Dentist
"fainting, breathlessness at night, sweating, fatigue with breathlessness",Cardiologist
"unexplained weight loss, blood in cough, persistent bone pain",Oncologist
"acidity, diarrhea, loss of appetite",Gastroenterologist
"balance problem, migraine, speech difficulty, blurred vision with headache",Neurologist
"trauma flashbacks, suicidal thoughts, insomnia, hallucinations",Psychiatrist
"anxiety, trauma flashbacks, insomnia",Psychiatrist
"jaw pain, tooth sensitivity, gum swelling",Dentist
"night urination, kidney stone pain, painful urination with fever",Urologist
"swollen eyelid, eye discharge, night vision problem, sensitivity to light",Ophthalmologist
"blurred vision, dry eyes, double vision",Ophthalmologist
"frequent urination, urine leakage, testicular swelling",Urologist
"chest tightness, dizziness, palpitations",Cardiologist
"blood in urine, urinary urgency, night urination, painful urination with fever",Urologist
"loss of voice, tonsillitis, swollen neck glands, vertigo",ENT
"difficulty concentrating, anger issues, stress, mood swings",Psychiatrist
"testicular swelling, urine leakage",Urologist
"blood in urine, frequent urination",Urologist
"loss of appetite, gas, nausea",Gastroenterologist
"cold, weakness, sore throat",General Physician
"anger issues, insomnia",Psychiatrist
"loss of appetite, vomiting",Gastroenterologist
"missed period, itching, spotting",Gynecologist
"unexplained weight loss, loss of appetite, persistent cough",Oncologist
"chest tightness, dizziness",Cardiologist
"back pain, joint pain, swelling",Orthopedic
"blurred vision, difficulty seeing far, itchy eyes",Ophthalmologist
"blood in urine, groin pain, back pain near kidneys",Urologist
"back pain, swelling, fracture",Orthopedic
"flu, headache, mild fever",General Physician
"fainting, chest pain, pressure in chest",Cardiologist
"throat infection, ear pain, nose bleeding",ENT
"groin pain, kidney stone pain, burning urination, night urination",Urologist
"fracture, wrist injury, arthritis",Orthopedic
"rapid heartbeat, dizziness, high blood pressure",Cardiologist
"high blood pressure, breathlessness at night, rapid heartbeat, chest pain",Cardiologist
"abdominal pain, vomiting",Gastroenterologist
"fungal infection, redness, acne, dandruff",Dermatologist
"fatigue, headache, body ache",General Physician
"fainting, confusion",Neurologist
"skin allergy, hives, fungal infection",Dermatologist
"watering eyes, sensitivity to light, eye strain headache, sudden vision loss",Ophthalmologist
"night sweats, swollen lymph nodes, breast lump",Oncologist
"eye strain headache, sudden vision loss, blurred vision",Ophthalmologist
"neck pain radiating, balance problem, numbness, tingling",Neurologist
"nausea, gas, food poisoning, heartburn",Gastroenterologist
"blood in stool, diarrhea, acidity",Gastroenterologist
"fatigue, runny nose, cough",General Physician
"mouth ulcer, cavity pain, toothache",Dentist
"left arm pain, high blood pressure, palpitations, fainting",Cardiologist
"blood in urine, back pain near kidneys, lower abdominal pain urination",Urologist
"breathlessness at night, palpitations, sweating",Cardiologist
"throat infection, sinus pain, allergic rhinitis",ENT
"anxiety, anger issues, hallucinations",Psychiatrist
"fever, loss of appetite, chills",General Physician
"newborn feeding issue, ear pain, dehydration, diarrhea",Pediatrician
"ringing in ear, allergic rhinitis, vertigo",ENT
"fainting, neck pain radiating, tremor",Neurologist
"flu, dizziness",General Physician
"sore throat, fatigue, low grade fever",General Physician
"fainting, chest pain",Cardiologist
"hearing loss, throat infection",ENT
"hives, dandruff, itching",Dermatologist
"irregular heartbeat, shortness of breath",Cardiologist
"irregular periods, heavy bleeding, vaginal infection",Gynecologist
"sudden vision loss, dry eyes, watering eyes",Ophthalmologist
"fainting, speech difficulty, severe headache",Neurologist
"hopelessness, addiction, panic attacks",Psychiatrist
"irregular periods, pcos symptoms, spotting",Gynecologist
"period cramps, pcos symptoms, pelvic pain, vaginal infection",Gynecologist
"broken tooth, pain while chewing, bleeding gums, cavity pain",Dentist
"social anxiety, trauma flashbacks, addiction, mood swings",Psychiatrist
"anxiety, social anxiety",Psychiatrist
"back pain, knee pain, bone pain, neck stiffness",Orthopedic
"hallucinations, depressed mood, hopelessness",Psychiatrist
"ringing in ear, ear pain, allergic rhinitis",ENT
"difficulty starting urination, groin pain",Urologist
"chest tightness, leg swelling, left arm pain",Cardiologist
"fainting, seizure, numbness",Neurologist
"dry skin, fungal infection, pigmentation, eczema",Dermatologist
"child fever, newborn feeding issue",Pediatrician
"muscle strain, wrist injury, lower back pain radiating",Orthopedic
"tooth sensitivity, bleeding while brushing, broken tooth",Dentist
"difficulty seeing far, sensitivity to light",Ophthalmologist
"abdominal pain, heartburn, constipation, indigestion",Gastroenterologist
"loss of appetite, persistent fatigue",Oncologist
"food poisoning, stomach cramps, loss of appetite",Gastroenterologist
"indigestion, abdominal pain, vomiting, blood in stool",Gastroenterologist
"ringworm, hives",Dermatologist
"skin rash, itching, skin allergy, redness",Dermatologist
"unexplained weight loss, persistent cough, night sweats",Oncologist
"postpartum bleeding, painful periods, lower abdominal pain",Gynecologist
"pressure in chest, high blood pressure, rapid heartbeat",Cardiologist
"persistent fatigue, persistent hoarseness, loss of appetite, night sweats",Oncologist
"swollen eyelid, foreign body sensation",Ophthalmologist
"burning urination, lower abdominal pain urination, kidney stone pain",Urologist
"pregnancy nausea, vaginal infection, heavy bleeding",Gynecologist
"pelvic pain, vaginal infection",Gynecologist
"blurred vision, foreign body sensation",Ophthalmologist
"ringing in ear, swollen neck glands, hearing loss",ENT
"trauma flashbacks, addiction, depressed mood",Psychiatrist
"breathlessness at night, irregular heartbeat, dizziness",Cardiologist
"back pain, muscle strain, joint pain",Orthopedic
"weakness, fever, runny nose",General Physician
"persistent cough, breast lump, non healing ulcer",Oncologist
"painful urination with fever, kidney stone pain, reduced urine flow, frequent urination",Urologist
"lower abdominal pain, pelvic pain, white discharge, postpartum bleeding",Gynecologist
"blocked nose, loss of voice, ear discharge",ENT
"hallucinations, suicidal thoughts, panic attacks, insomnia",Psychiatrist
"baby constipation, child stomach pain, ear pain",Pediatrician
"tooth sensitivity, pain while chewing, pus near gum",Dentist
"loss of appetite, blood in cough, persistent hoarseness",Oncologist
"anxiety, hallucinations",Psychiatrist
"leg swelling, chest pain, fainting",Cardiologist
"bloating, diarrhea, indigestion, jaundice",Gastroenterologist
"food poisoning, bloating, diarrhea, constipation",Gastroenterologist
"acidity, heartburn, jaundice",Gastroenterologist
"painful periods, white discharge, postpartum bleeding",Gynecologist
"non healing ulcer, abdominal swelling, blood in cough",Oncologist
"heavy bleeding, lower abdominal pain",Gynecologist
"baby constipation, vaccination query",Pediatrician
"insomnia, social anxiety, depressed mood",Psychiatrist
"blurred vision with headache, severe headache, dizziness",Neurologist
"vertigo, nose bleeding, sore throat",ENT
"tonsillitis, allergic rhinitis, ear discharge, loss of voice",ENT
"fainting, severe headache, tingling, seizure",Neurologist
"itching, skin rash",Dermatologist
"hives, pigmentation, ringworm, skin rash",Dermatologist
"social anxiety, hopelessness, anger issues",Psychiatrist
"vaginal infection, pcos symptoms, lower abdominal pain",Gynecologist
"eye discharge, sensitivity to light, difficulty seeing far",Ophthalmologist
"numbness, fainting",Neurologist
"cough, mild fever, fever, chills",General Physician
"food poisoning, indigestion, diarrhea",Gastroenterologist
"fainting, severe headache, tingling",Neurologist
"dizziness, pressure in chest, left arm pain, sweating",Cardiologist
"difficulty seeing far, eye strain headache",Ophthalmologist
"suicidal thoughts, overthinking",Psychiatrist
"trauma flashbacks, social anxiety, overthinking, anger issues",Psychiatrist
"balance problem, numbness",Neurologist
"anger issues, panic attacks, anxiety",Psychiatrist
"jaw pain, bad breath, gum swelling",Dentist
"breathlessness at night, fatigue with breathlessness, leg swelling",Cardiologist
"anxiety, mood swings, hallucinations, anger issues",Psychiatrist
"sudden vision loss, swollen eyelid, blurred vision",Ophthalmologist
"acidity, abdominal pain, jaundice",Gastroenterologist
"vertigo, sinus pain",ENT
"broken tooth, cavity pain, tooth pain with headache, bleeding gums",Dentist
"toothache, wisdom tooth pain, cavity pain",Dentist
"heartburn, vomiting, stomach cramps",Gastroenterologist
"psoriasis, ringworm, redness, skin rash",Dermatologist
"gas, nausea",Gastroenterologist
"fracture, muscle strain, back pain",Orthopedic
"ear pain, allergic rhinitis, vertigo",ENT
"mild fever, low grade fever, headache",General Physician
"double vision, itchy eyes, eye strain headache, foreign body sensation",Ophthalmologist
"wisdom tooth pain, bad breath, swollen gums",Dentist
"child stomach pain, child sore throat, child wheezing, blocked nose",Pediatrician
"chest tightness, high blood pressure, fatigue with breathlessness, fainting",Cardiologist
"eye discharge, watering eyes, eye pain",Ophthalmologist
"jaundice, stomach cramps",Gastroenterologist
"loss of appetite, flu, runny nose",General Physician
"persistent cough, non healing ulcer, unusual bleeding",Oncologist
"palpitations, breathlessness at night, pressure in chest, chest pain",Cardiologist
"anxiety, stress, mood swings, depressed mood",Psychiatrist
"eczema, skin allergy, skin rash, fungal infection",Dermatologist
"difficulty concentrating, stress",Psychiatrist
"high blood pressure, shortness of breath, leg swelling",Cardiologist
"blurred vision with headache, migraine, neck pain radiating",Neurologist
"child wheezing, diarrhea, child sore throat",Pediatrician
"shortness of breath, sweating, fatigue with breathlessness",Cardiologist
"rapid heartbeat, chest pain, shortness of breath, pressure in chest",Cardiologist
"fever, cough, weakness, runny nose",General Physician
"burning urination, painful urination with fever",Urologist
"social anxiety, hopelessness, anger issues",Psychiatrist
"palpitations, left arm pain, irregular heartbeat",Cardiologist
"severe headache, migraine, one sided weakness",Neurologist
"fast breathing, ear pain, child stomach pain",Pediatrician
"loss of appetite, body ache, runny nose",General Physician
"nausea, jaundice, abdominal pain",Gastroenterologist
"vaginal infection, irregular periods, missed period, itching",Gynecologist
"persistent hoarseness, night sweats, breast lump",Oncologist
"flu, cough, weakness",General Physician
"ear pain, sore throat, swollen neck glands",ENT
"stomach cramps, diarrhea, jaundice",Gastroenterologist
"persistent bone pain, persistent fatigue, breast lump",Oncologist
"knee pain, muscle strain, wrist injury",Orthopedic
"diarrhea, child fever",Pediatrician
"diarrhea, newborn feeding issue",Pediatrician
"painful urination with fever, blood in urine, difficulty starting urination",Urologist
"ear discharge, ringing in ear, throat infection, hearing loss",ENT
"chest pain, leg swelling",Cardiologist
"vomiting, constipation, jaundice",Gastroenterologist
"swollen neck glands, allergic rhinitis, ringing in ear, throat infection",ENT
"gas, constipation, diarrhea",Gastroenterologist
"pus near gum, tooth pain with headache",Dentist
"vaccination query, rash with fever, baby vomiting",Pediatrician
"blood in stool, swollen lymph nodes, abdominal swelling",Oncologist
"night urination, blood in urine",Urologist
"hearing loss, vertigo, loss of voice",ENT
"sensitivity to light, eye pain",Ophthalmologist
"difficulty starting urination, blood in urine",Urologist
"non healing ulcer, loss of appetite, persistent bone pain",Oncologist
"ear discharge, allergic rhinitis, sinus pain",ENT
"joint pain, knee pain, arthritis",Orthopedic
"postpartum bleeding, irregular periods, spotting",Gynecologist
"fever, headache, mild fever",General Physician
"bleeding while brushing, wisdom tooth pain, cavity pain",Dentist
"urinary urgency, blood in urine, burning urination, reduced urine flow",Urologist
"difficulty seeing far, dry eyes, sensitivity to light",Ophthalmologist
"cavity pain, swollen gums",Dentist
"loss of appetite, mild fever, cough, chills",General Physician
"difficulty concentrating, suicidal thoughts",Psychiatrist
"hallucinations, trauma flashbacks, depressed mood",Psychiatrist
"nose bleeding, hearing loss",ENT
"ear pain, newborn feeding issue, dehydration, child sore throat",Pediatrician
"redness, hives, fungal infection",Dermatologist
"acidity, indigestion",Gastroenterologist
"loss of appetite, blood in stool, abdominal swelling",Oncologist
"fainting, leg swelling, left arm pain",Cardiologist
"urine infection, urinary urgency, testicular swelling",Urologist
"eye discharge, watering eyes, night vision problem, dry eyes",Ophthalmologist
"tonsillitis, runny nose, throat infection",ENT
"blood in stool, non healing ulcer, persistent bone pain",Oncologist
"missed period, breast tenderness, heavy bleeding",Gynecologist
"depressed mood, addiction, anxiety, hallucinations",Psychiatrist
"diarrhea, child sore throat, child cough",Pediatrician
"memory loss, one sided weakness",Neurologist
"fatigue with breathlessness, palpitations",Cardiologist
"difficulty walking, arthritis, muscle strain, lower back pain radiating",Orthopedic
"fast breathing, blocked nose, vaccination query",Pediatrician
"blurred vision with headache, tingling",Neurologist
"fainting, tremor",Neurologist
"allergic rhinitis, blocked nose, vertigo",ENT
"one sided weakness, neck pain radiating, numbness",Neurologist
"urine infection, urine leakage, back pain near kidneys",Urologist
"child cough, ear pain",Pediatrician
"dandruff, pigmentation, itching",Dermatologist
"food poisoning, acidity",Gastroenterologist
"eye discharge, eye strain headache, itchy eyes",Ophthalmologist
"ear pain, rash with fever",Pediatrician
"overthinking, anger issues, depressed mood",Psychiatrist
"chest tightness, pressure in chest",Cardiologist
"allergic rhinitis, blocked nose, sore throat",ENT
"fast breathing, blocked nose, ear pain",Pediatrician
"leg swelling, sweating",Cardiologist
"sore throat, fatigue, cold",General Physician
"abdominal pain, diarrhea",Gastroenterologist
"left arm pain, shortness of breath",Cardiologist
"blood in urine, kidney stone pain",Urologist
"ear discharge, hearing loss, loss of voice",ENT
"hallucinations, anger issues",Psychiatrist
"swollen neck glands, blocked nose",ENT
"eye discharge, red eye, eye pain, sudden vision loss",Ophthalmologist
"red eye, sensitivity to light",Ophthalmologist
"cavity pain, pus near gum, bad breath",Dentist
"blood in cough, unexplained weight loss, persistent fatigue",Oncologist
"irregular periods, vaginal infection, lower abdominal pain",Gynecologist
"chest tightness, chest pain, irregular heartbeat, leg swelling",Cardiologist
"persistent fatigue, abdominal swelling",Oncologist
"baby vomiting, ear pain",Pediatrician
"dehydration, blocked nose, diarrhea",Pediatrician
"depressed mood, suicidal thoughts, anger issues",Psychiatrist
"period cramps, missed period, vaginal infection",Gynecologist
"period cramps, breast tenderness, spotting",Gynecologist
"stomach cramps, food poisoning, acidity, loss of appetite",Gastroenterologist
"pain while chewing, tooth pain with headache, toothache",Dentist
"painful urination with fever, reduced urine flow",Urologist
"child sore throat, newborn feeding issue, baby constipation, child wheezing",Pediatrician
"blocked nose, loss of voice, allergic rhinitis",ENT
"itching, irregular periods, pcos symptoms, lower abdominal pain",Gynecologist
"fainting, seizure, neck pain radiating",Neurologist
"child stomach pain, baby constipation, child wheezing, vaccination query",Pediatrician
"sudden vision loss, dry eyes, eye pain",Ophthalmologist
"itchy eyes, red eye, eye strain headache",Ophthalmologist
"hip pain, fracture",Orthopedic
"mood swings, anger issues, hallucinations",Psychiatrist
"back pain, difficulty walking, swelling",Orthopedic
"hip pain, bone pain, swelling, knee pain",Orthopedic
"sinus pain, loss of voice, tonsillitis",ENT
"eye pain, swollen eyelid",Ophthalmologist
"persistent cough, persistent bone pain",Oncologist
"fracture, swelling, back pain",Orthopedic
"urine infection, blood in urine, frequent urination, burning urination",Urologist
"acne, eczema",Dermatologist
"constipation, diarrhea, stomach cramps, nausea",Gastroenterologist
"dizziness, low grade fever, chills",General Physician
"vertigo, tonsillitis, ear discharge",ENT
"skin allergy, itching, pigmentation",Dermatologist
"bleeding gums, toothache",Dentist
"hip pain, bone pain, shoulder pain",Orthopedic
"ear pain, child wheezing, baby vomiting",Pediatrician
"loss of appetite, gas, heartburn, constipation",Gastroenterologist
"itching, psoriasis, skin allergy",Dermatologist
"fracture, wrist injury, lower back pain radiating",Orthopedic
"child sore throat, dehydration, blocked nose",Pediatrician
"muscle strain, sprain, joint pain",Orthopedic
"throat infection, sinus pain",ENT
"abdominal swelling, persistent hoarseness, unexplained weight loss, blood in stool",Oncologist
"blocked nose, runny nose, loss of voice",ENT
"hip pain, sprain",Orthopedic
"swollen lymph nodes, blood in cough, persistent bone pain",Oncologist
"difficulty walking, fracture",Orthopedic
"sore throat, cough",General Physician
"vaginal infection, itching, white discharge",Gynecologist
"migraine, tremor, neck pain radiating",Neurologist
"bleeding while brushing, broken tooth",Dentist
"hallucinations, mood swings, hopelessness",Psychiatrist
"dry skin, eczema, psoriasis",Dermatologist
"postpartum bleeding, pregnancy nausea, painful periods",Gynecologist
"missed period, irregular periods",Gynecologist
"eye strain headache, night vision problem, red eye",Ophthalmologist
"heavy bleeding, vaginal infection",Gynecologist
"severe headache, one sided weakness, numbness, blurred vision with headache",Neurologist
"difficulty swallowing, swollen lymph nodes, unexplained weight loss, persistent fatigue",Oncologist
"breast lump, persistent bone pain, blood in cough",Oncologist
"cold, headache, sore throat, fever",General Physician
"redness, acne, pigmentation, psoriasis",Dermatologist
"redness, skin rash, boils, dandruff",Dermatologist
"blurred vision with headache, tremor, numbness",Neurologist
"knee pain, muscle strain",Orthopedic
"abdominal swelling, blood in stool, swollen lymph nodes",Oncologist
"vomiting, indigestion, heartburn, acidity",Gastroenterologist
"toothache, tooth pain with headache",Dentist
"ear pain, dehydration, vaccination query, newborn feeding issue",Pediatrician
"back pain near kidneys, kidney stone pain, frequent urination",Urologist
"anger issues, mood swings, panic attacks",Psychiatrist
"missed period, spotting, period cramps",Gynecologist
"dizziness, high blood pressure",Cardiologist
"hives, hair fall, redness",Dermatologist
"urine infection, testicular swelling, frequent urination",Urologist
"pcos symptoms, postpartum bleeding, breast tenderness, white discharge",Gynecologist
"depressed mood, addiction",Psychiatrist
"migraine, severe headache, tremor, neck pain radiating",Neurologist
"stomach cramps, indigestion, food poisoning",Gastroenterologist
"dizziness, weakness, flu",General Physician
"confusion, fainting",Neurologist
"high blood pressure, fainting",Cardiologist
"child sore throat, blocked nose, rash with fever, diarrhea",Pediatrician
"constipation, vomiting, loss of appetite",Gastroenterologist
"anger issues, stress, social anxiety",Psychiatrist
"ear pain, child fever",Pediatrician
"seizure, tremor, balance problem",Neurologist
"postpartum bleeding, irregular periods, pcos symptoms",Gynecologist
"foreign body sensation, dry eyes, sensitivity to light",Ophthalmologist
"testicular swelling, night urination, difficulty starting urination, urine infection",Urologist
"bone pain, swelling, hip pain",Orthopedic
"flu, chills",General Physician
"itchy eyes, swollen eyelid",Ophthalmologist
"sore throat, sinus pain, ear discharge, allergic rhinitis",ENT
"child sore throat, ear pain, child wheezing",Pediatrician
"blocked nose, swollen neck glands, vertigo",ENT
"blurred vision with headache, fainting, balance problem",Neurologist
"dizziness, neck pain radiating, tremor",Neurologist
"ear discharge, nose bleeding, ear pain, tonsillitis",ENT
"cold, body ache, weakness",General Physician
"cough, loss of appetite, chills",General Physician
"arthritis, sprain, bone pain",Orthopedic
"hearing loss, throat infection, sore throat",ENT
"shortness of breath, high blood pressure, sweating, chest tightness",Cardiologist
"wisdom tooth pain, pain while chewing, bad breath",Dentist
"tonsillitis, vertigo, ringing in ear",ENT
"blocked nose, ear pain, loss of voice",ENT
"cold, headache, mild fever",General Physician
"itching, hair fall",Dermatologist
"stress, panic attacks, suicidal thoughts, mood swings",Psychiatrist
"postpartum bleeding, pelvic pain, heavy bleeding",Gynecologist
"wisdom tooth pain, pain while chewing, mouth ulcer",Dentist
"blurred vision, itchy eyes",Ophthalmologist
"throat infection, tonsillitis, sore throat",ENT
"weakness, flu, cough, dizziness",General Physician
"hip pain, knee pain, lower back pain radiating",Orthopedic
"eczema, acne, dry skin",Dermatologist
"red eye, eye discharge, swollen eyelid",Ophthalmologist
"sore throat, body ache, fever",General Physician
"jaw pain, toothache, wisdom tooth pain",Dentist
"redness, dandruff",Dermatologist
"eczema, itching",Dermatologist
"pelvic pain, pcos symptoms, spotting, pregnancy nausea",Gynecologist
"chest pain, left arm pain, rapid heartbeat, leg swelling",Cardiologist
"difficulty swallowing, persistent fatigue, unusual bleeding",Oncologist
"blurred vision with headache, tremor, severe headache",Neurologist
"nausea, food poisoning, jaundice, stomach cramps",Gastroenterologist
"abdominal swelling, persistent hoarseness, blood in stool, loss of appetite",Oncologist
"postpartum bleeding, pcos symptoms, breast tenderness",Gynecologist
"fracture, back pain, bone pain",Orthopedic
"blood in stool, unusual bleeding, night sweats",Oncologist
"runny nose, vertigo",ENT
"itching, breast tenderness",Gynecologist
"persistent cough, breast lump, non healing ulcer",Oncologist
"frequent urination, urine infection",Urologist
"tooth pain with headache, mouth ulcer",Dentist
"blood in cough, blood in stool, persistent fatigue",Oncologist
"difficulty swallowing, loss of appetite, persistent hoarseness",Oncologist
"palpitations, sweating, chest tightness",Cardiologist
"pcos symptoms, pregnancy nausea, painful periods, period cramps",Gynecologist
"frequent urination, urine infection, urine leakage",Urologist
"dry skin, redness",Dermatologist
"blood in stool, breast lump, abdominal swelling",Oncologist
"night urination, kidney stone pain, urine leakage, burning urination",Urologist
"bloating, nausea, gas",Gastroenterologist
"sore throat, flu, fatigue",General Physician
"child fever, baby vomiting",Pediatrician
"itching, white discharge",Gynecologist
"diarrhea, rash with fever",Pediatrician
"eye pain, itchy eyes, sensitivity to light, night vision problem",Ophthalmologist
"muscle strain, lower back pain radiating, wrist injury",Orthopedic
"pus near gum, bleeding while brushing",Dentist
"mouth ulcer, swollen gums",Dentist
"blood in stool, constipation, food poisoning",Gastroenterologist
"anxiety, depressed mood, addiction, trauma flashbacks",Psychiatrist
"irregular periods, pelvic pain, lower abdominal pain",Gynecologist
"night vision problem, foreign body sensation, swollen eyelid",Ophthalmologist
"runny nose, tonsillitis, ear pain",ENT
"arthritis, joint pain, neck stiffness",Orthopedic
"blocked nose, nose bleeding",ENT
"back pain, shoulder pain",Orthopedic
"reduced urine flow, lower abdominal pain urination",Urologist
"burning urination, night urination",Urologist
"weakness, flu",General Physician
"anger issues, panic attacks, anxiety, stress",Psychiatrist
"mild fever, flu, dizziness",General Physician
"vomiting, diarrhea",Gastroenterologist
"loss of appetite, cold, fever, sore throat",General Physician
"chest pain, sweating, shortness of breath",Cardiologist
"skin allergy, hives, hair fall, fungal infection",Dermatologist
"constipation, gas, bloating",Gastroenterologist
"knee pain, neck stiffness, hip pain",Orthopedic
"chest pain, palpitations",Cardiologist
"difficulty seeing far, sensitivity to light",Ophthalmologist
"numbness, migraine",Neurologist
"unexplained weight loss, persistent bone pain",Oncologist
"back pain, wrist injury",Orthopedic
"mood swings, insomnia, depressed mood, hopelessness",Psychiatrist
"fatigue with breathlessness, leg swelling, shortness of breath",Cardiologist
"fatigue, cough, weakness",General Physician
"watering eyes, eye discharge, double vision",Ophthalmologist
"social anxiety, stress, insomnia",Psychiatrist
"nausea, vomiting, acidity",Gastroenterologist
"dry eyes, sensitivity to light",Ophthalmologist
"overthinking, difficulty concentrating, depressed mood, panic attacks",Psychiatrist
"constipation, blood in stool",Gastroenterologist
"constipation, blood in stool, diarrhea",Gastroenterologist
"dandruff, hair fall, skin rash, psoriasis",Dermatologist
"addiction, anxiety, social anxiety, overthinking",Psychiatrist
"arthritis, sprain, muscle strain",Orthopedic
"dizziness, balance problem, tremor",Neurologist
"irregular periods, painful periods",Gynecologist
"arthritis, back pain, shoulder pain, lower back pain radiating",Orthopedic
"hip pain, difficulty walking, knee pain, neck stiffness",Orthopedic
"night vision problem, eye pain, difficulty seeing far",Ophthalmologist
"acidity, loss of appetite, constipation, gas",Gastroenterologist
"red eye, double vision, eye discharge",Ophthalmologist
"stomach cramps, acidity",Gastroenterologist
"heavy bleeding, white discharge",Gynecologist
"reduced urine flow, burning urination, blood in urine",Urologist
"blocked nose, child cough, child stomach pain",Pediatrician
"redness, eczema, dry skin",Dermatologist
"neck stiffness, arthritis, hip pain",Orthopedic
"child stomach pain, fast breathing, blocked nose",Pediatrician
"addiction, suicidal thoughts, overthinking",Psychiatrist
"testicular swelling, burning urination, kidney stone pain",Urologist
"speech difficulty, tremor, numbness, neck pain radiating",Neurologist
"overthinking, anger issues, suicidal thoughts",Psychiatrist
"wrist injury, shoulder pain, neck stiffness, sprain",Orthopedic
"fatigue, mild fever",General Physician
"speech difficulty, fainting, one sided weakness",Neurologist
"rapid heartbeat, chest pain",Cardiologist
"throat infection, ear discharge, hearing loss",ENT
"fungal infection, hair fall, psoriasis",Dermatologist
"night vision problem, blurred vision, red eye",Ophthalmologist
"double vision, swollen eyelid, foreign body sensation",Ophthalmologist
"left arm pain, chest pain",Cardiologist
"vaccination query, dehydration, diarrhea",Pediatrician
"pressure in chest, palpitations, chest tightness, leg swelling",Cardiologist
"child wheezing, child sore throat, vaccination query",Pediatrician
"difficulty concentrating, overthinking, panic attacks",Psychiatrist
"acidity, stomach cramps, vomiting",Gastroenterologist
"psoriasis, pigmentation, acne",Dermatologist
"persistent cough, night sweats, swollen lymph nodes, persistent hoarseness",Oncologist
"difficulty concentrating, suicidal thoughts, anxiety, depressed mood",Psychiatrist
"knee pain, back pain",Orthopedic
"acidity, nausea, vomiting",Gastroenterologist
"numbness, confusion, severe headache, blurred vision with headache",Neurologist
"ringing in ear, hearing loss, allergic rhinitis",ENT
"sore throat, runny nose, throat infection",ENT
"back pain near kidneys, lower abdominal pain urination",Urologist
"pcos symptoms, lower abdominal pain, vaginal infection, spotting",Gynecologist
"toothache, gum swelling, bleeding gums",Dentist
"itchy eyes, watering eyes",Ophthalmologist
"weakness, fatigue, headache",General Physician
"kidney stone pain, urine infection",Urologist
"baby vomiting, newborn feeding issue",Pediatrician
"broken tooth, swollen gums, mouth ulcer",Dentist
"throat infection, blocked nose, loss of voice",ENT
"pcos symptoms, painful periods, pelvic pain, spotting",Gynecologist
"hives, dry skin",Dermatologist
"urine infection, frequent urination",Urologist
"itchy eyes, eye pain, swollen eyelid",Ophthalmologist
"constipation, acidity",Gastroenterologist
"addiction, hopelessness, overthinking",Psychiatrist
"one sided weakness, neck pain radiating",Neurologist
"watering eyes, eye discharge, sudden vision loss",Ophthalmologist
"burning urination, testicular swelling, frequent urination",Urologist
"redness, boils, dandruff",Dermatologist
"fast breathing, newborn feeding issue, baby vomiting",Pediatrician
"persistent cough, unusual bleeding, persistent bone pain, loss of appetite",Oncologist
"difficulty starting urination, urinary urgency",Urologist
"headache, fever, runny nose",General Physician
"tooth pain with headache, toothache, pus near gum",Dentist
"spotting, lower abdominal pain, painful periods, pregnancy nausea",Gynecologist
"persistent bone pain, night sweats, breast lump",Oncologist
"loss of appetite, unusual bleeding, swollen lymph nodes",Oncologist
"cavity pain, tooth pain with headache, jaw pain, swollen gums",Dentist
"pcos symptoms, pregnancy nausea, painful periods, heavy bleeding",Gynecologist
"wisdom tooth pain, bad breath",Dentist
"trauma flashbacks, suicidal thoughts, insomnia, anger issues",Psychiatrist
"migraine, balance problem",Neurologist
"ear discharge, loss of voice, hearing loss",ENT
"shortness of breath, leg swelling, left arm pain",Cardiologist
"missed period, pelvic pain, white discharge",Gynecologist
"fever, runny nose",General Physician
"constipation, gas",Gastroenterologist
"fatigue with breathlessness, rapid heartbeat",Cardiologist
"pregnancy nausea, breast tenderness, period cramps",Gynecologist
"heartburn, food poisoning",Gastroenterologist
"period cramps, irregular periods, pelvic pain",Gynecologist
"breast tenderness, spotting, vaginal infection",Gynecologist
"unexplained weight loss, persistent hoarseness, blood in stool, persistent bone pain",Oncologist
"pcos symptoms, heavy bleeding, pregnancy nausea, lower abdominal pain",Gynecologist
"vomiting, indigestion, abdominal pain",Gastroenterologist
"heavy bleeding, vaginal infection, missed period, pelvic pain",Gynecologist
"night vision problem, eye pain, dry eyes",Ophthalmologist
"testicular swelling, difficulty starting urination, lower abdominal pain urination, burning urination",Urologist
"mild fever, fatigue",General Physician
"abdominal pain, gas, blood in stool",Gastroenterologist
"cold, mild fever",General Physician
"migraine, blurred vision with headache, fainting, neck pain radiating",Neurologist
"eye discharge, dry eyes, watering eyes, eye strain headache",Ophthalmologist
"psoriasis, dry skin",Dermatologist
"breast tenderness, period cramps, heavy bleeding, irregular periods",Gynecologist
"indigestion, nausea, blood in stool, vomiting",Gastroenterologist
"swelling, muscle strain, lower back pain radiating, back pain",Orthopedic
"bone pain, muscle strain, knee pain",Orthopedic
"hives, boils, eczema",Dermatologist
"pcos symptoms, vaginal infection, irregular periods",Gynecologist
"irregular periods, pregnancy nausea, missed period, breast tenderness",Gynecologist
"painful periods, white discharge, pelvic pain",Gynecologist
"severe headache, migraine, neck pain radiating",Neurologist
"balance problem, seizure, memory loss",Neurologist
"child stomach pain, vaccination query, ear pain",Pediatrician
"dizziness, cold, fever, flu",General Physician
"wisdom tooth pain, bleeding gums, gum swelling",Dentist
"ear pain, hearing loss, allergic rhinitis",ENT
"bloating, vomiting, loss of appetite, gas",Gastroenterologist
"loss of appetite, diarrhea, constipation",Gastroenterologist
"neck stiffness, knee pain, swelling",Orthopedic
"dehydration, child wheezing, newborn feeding issue",Pediatrician
"palpitations, leg swelling, chest tightness",Cardiologist
"psoriasis, ringworm, boils, skin rash",Dermatologist
"blurred vision, swollen eyelid",Ophthalmologist
"persistent fatigue, breast lump",Oncologist
"pain while chewing, jaw pain, gum swelling",Dentist
"blurred vision with headache, confusion, tremor",Neurologist
"spotting, missed period, vaginal infection, painful periods",Gynecologist
"muscle strain, back pain, hip pain, difficulty walking",Orthopedic
"speech difficulty, fainting, migraine",Neurologist
"sprain, swelling, lower back pain radiating, wrist injury",Orthopedic
"bad breath, swollen gums, mouth ulcer",Dentist
"wisdom tooth pain, pus near gum, pain while chewing",Dentist
"dry eyes, eye strain headache, double vision",Ophthalmologist
"nausea, acidity, constipation, loss of appetite",Gastroenterologist
"anxiety, insomnia",Psychiatrist
"eye strain headache, eye discharge, double vision, night vision problem",Ophthalmologist
"blurred vision, eye pain, foreign body sensation",Ophthalmologist
"difficulty concentrating, stress, addiction",Psychiatrist
"persistent fatigue, night sweats",Oncologist
"balance problem, speech difficulty, one sided weakness",Neurologist
"back pain near kidneys, groin pain, night urination",Urologist
"runny nose, dizziness, mild fever",General Physician
"blurred vision with headache, neck pain radiating, confusion, severe headache",Neurologist
"postpartum bleeding, pelvic pain, pregnancy nausea, pcos symptoms",Gynecologist
"swollen neck glands, loss of voice, sinus pain, tonsillitis",ENT
"night vision problem, eye strain headache, double vision",Ophthalmologist
"urine infection, burning urination, painful urination with fever",Urologist
"urine infection, difficulty starting urination, urinary urgency",Urologist
"irregular heartbeat, pressure in chest",Cardiologist
"unusual bleeding, night sweats, loss of appetite, difficulty swallowing",Oncologist
"ear pain, swollen neck glands",ENT
"addiction, anger issues",Psychiatrist
"unexplained weight loss, persistent fatigue, persistent bone pain",Oncologist
"joint pain, arthritis",Orthopedic
"unusual bleeding, breast lump, difficulty swallowing",Oncologist
"difficulty starting urination, testicular swelling, blood in urine",Urologist
"night urination, reduced urine flow, difficulty starting urination",Urologist
"high blood pressure, rapid heartbeat, shortness of breath",Cardiologist
"cough, dizziness, fatigue",General Physician
"severe headache, tingling, dizziness",Neurologist
"wrist injury, arthritis, lower back pain radiating",Orthopedic
"stress, social anxiety, hopelessness",Psychiatrist
"urine infection, kidney stone pain, urine leakage",Urologist
"vaccination query, fast breathing, ear pain",Pediatrician
"acidity, constipation, vomiting",Gastroenterologist
"joint pain, hip pain",Orthopedic
"joint pain, arthritis",Orthopedic
"arthritis, difficulty walking",Orthopedic
"sore throat, ringing in ear, throat infection, sinus pain",ENT
"blood in stool, unusual bleeding, blood in cough",Oncologist
"neck pain radiating, balance problem, fainting, blurred vision with headache",Neurologist
"tingling, tremor, fainting",Neurologist
"weakness, sore throat, cold, fever",General Physician
"heartburn, stomach cramps",Gastroenterologist
"numbness, balance problem, confusion",Neurologist
"swollen lymph nodes, persistent fatigue, non healing ulcer, blood in cough",Oncologist
"gum swelling, broken tooth, tooth pain with headache",Dentist
"nausea, jaundice, abdominal pain, acidity",Gastroenterologist
"flu, chills, runny nose",General Physician
"persistent fatigue, breast lump, difficulty swallowing",Oncologist
"red eye, double vision, eye discharge",Ophthalmologist
"fainting, dizziness, rapid heartbeat, irregular heartbeat",Cardiologist
"frequent urination, painful urination with fever, urinary urgency",Urologist
"itching, psoriasis, ringworm",Dermatologist
"fatigue, mild fever, sore throat",General Physician
"urine infection, frequent urination, night urination",Urologist
"numbness, dizziness, seizure",Neurologist
"child stomach pain, baby constipation, child fever",Pediatrician
"lower back pain radiating, bone pain, sprain",Orthopedic
"fainting, irregular heartbeat, pressure in chest, breathlessness at night",Cardiologist
"flu, fatigue, headache",General Physician
"back pain near kidneys, groin pain",Urologist
"irregular heartbeat, shortness of breath",Cardiologist
"indigestion, jaundice, diarrhea",Gastroenterologist
"persistent bone pain, abdominal swelling, persistent cough",Oncologist
"vertigo, nose bleeding, throat infection",ENT
"runny nose, loss of voice, throat infection",ENT
"dizziness, blurred vision with headache, severe headache",Neurologist
"trauma flashbacks, hopelessness",Psychiatrist
"dry eyes, double vision",Ophthalmologist
"rapid heartbeat, leg swelling, palpitations, irregular heartbeat",Cardiologist
"urine leakage, difficulty starting urination, lower abdominal pain urination",Urologist
"fatigue, chills, cold",General Physician
"jaw pain, mouth ulcer, cavity pain",Dentist
"dizziness, pressure in chest, irregular heartbeat",Cardiologist
"arthritis, shoulder pain, sprain",Orthopedic
"swollen eyelid, sudden vision loss, foreign body sensation, itchy eyes",Ophthalmologist
"sudden vision loss, eye pain",Ophthalmologist
"low grade fever, chills, weakness, fever",General Physician
"fever, flu",General Physician
"persistent fatigue, breast lump",Oncologist
"social anxiety, hopelessness",Psychiatrist
"swollen eyelid, blurred vision, difficulty seeing far",Ophthalmologist
"ringworm, hives, eczema",Dermatologist
"back pain, shoulder pain, swelling",Orthopedic
"itching, irregular periods, period cramps",Gynecologist
"unusual bleeding, persistent bone pain, persistent fatigue, swollen lymph nodes",Oncologist
"unusual bleeding, blood in cough",Oncologist
"pigmentation, psoriasis",Dermatologist
"blocked nose, rash with fever, child sore throat, diarrhea",Pediatrician
"neck stiffness, wrist injury, fracture, back pain",Orthopedic
"blocked nose, fast breathing",Pediatrician
"overthinking, suicidal thoughts",Psychiatrist
"fainting, breathlessness at night, high blood pressure",Cardiologist
"pcos symptoms, heavy bleeding, irregular periods",Gynecologist
"pain while chewing, toothache, bleeding while brushing, pus near gum",Dentist
"blood in urine, frequent urination, back pain near kidneys",Urologist
"persistent fatigue, unusual bleeding",Oncologist
"vomiting, food poisoning",Gastroenterologist
"wisdom tooth pain, mouth ulcer, cavity pain",Dentist
"joint pain, wrist injury",Orthopedic
"itching, vaginal infection, pcos symptoms, pregnancy nausea",Gynecologist
"one sided weakness, numbness",Neurologist
"red eye, blurred vision, eye pain",Ophthalmologist
"ear pain, ringing in ear, runny nose",ENT
"unusual bleeding, breast lump, night sweats, abdominal swelling",Oncologist
"abdominal swelling, blood in cough, difficulty swallowing",Oncologist
"numbness, memory loss, tremor, speech difficulty",Neurologist
"child cough, child sore throat, vaccination query, blocked nose",Pediatrician
"headache, flu, fever",General Physician
"fainting, seizure, confusion",Neurologist
"muscle strain, sprain, shoulder pain",Orthopedic
"dizziness, runny nose, fatigue",General Physician
"vaginal infection, pelvic pain, missed period",Gynecologist
"balance problem, neck pain radiating, migraine",Neurologist
"shortness of breath, high blood pressure, palpitations",Cardiologist
"anxiety, anger issues",Psychiatrist
"white discharge, period cramps, pregnancy nausea",Gynecologist
"child cough, blocked nose, newborn feeding issue, baby constipation",Pediatrician
"severe headache, migraine",Neurologist
"dizziness, breathlessness at night",Cardiologist
"wrist injury, hip pain, knee pain",Orthopedic
"difficulty swallowing, persistent bone pain, persistent cough",Oncologist
"pregnancy nausea, painful periods, irregular periods",Gynecologist
"painful periods, irregular periods, missed period",Gynecologist
"reduced urine flow, groin pain, blood in urine",Urologist
"swollen gums, pain while chewing, pus near gum",Dentist
"breast lump, persistent cough, swollen lymph nodes",Oncologist
"bloating, constipation, stomach cramps, food poisoning",Gastroenterologist
"back pain, arthritis",Orthopedic
"wisdom tooth pain, bad breath, jaw pain",Dentist
"boils, redness, dandruff",Dermatologist
"loss of voice, runny nose, tonsillitis, ringing in ear",ENT
"lower back pain radiating, difficulty walking, bone pain",Orthopedic
"period cramps, missed period, white discharge, vaginal infection",Gynecologist
"unusual bleeding, non healing ulcer, difficulty swallowing, blood in stool",Oncologist
"panic attacks, social anxiety",Psychiatrist
"cough, body ache, fever",General Physician
"painful periods, pcos symptoms, period cramps",Gynecologist
"unexplained weight loss, persistent fatigue, loss of appetite",Oncologist
"blocked nose, rash with fever, baby constipation, baby vomiting",Pediatrician
"hearing loss, ear pain, tonsillitis, vertigo",ENT
"vertigo, throat infection, runny nose",ENT
"unexplained weight loss, persistent cough, blood in cough",Oncologist
"boils, acne",Dermatologist
"social anxiety, hallucinations",Psychiatrist
"breast lump, abdominal swelling",Oncologist
"gas, jaundice, acidity, stomach cramps",Gastroenterologist
"dry eyes, watering eyes, foreign body sensation",Ophthalmologist
"fungal infection, ringworm, redness",Dermatologist
"palpitations, left arm pain, breathlessness at night",Cardiologist
"eczema, ringworm",Dermatologist
"ear discharge, loss of voice, swollen neck glands",ENT
"dry skin, skin rash, hives",Dermatologist
"urinary urgency, blood in urine, difficulty starting urination",Urologist
"runny nose, loss of voice, throat infection, hearing loss",ENT
"rash with fever, baby vomiting",Pediatrician
"mouth ulcer, swollen gums, bleeding gums",Dentist
"eczema, skin rash, dry skin",Dermatologist
"missed period, spotting",Gynecologist
"itching, ringworm",Dermatologist
"reduced urine flow, testicular swelling, night urination",Urologist
"blood in stool, diarrhea, constipation",Gastroenterologist
"muscle strain, knee pain, joint pain",Orthopedic
"shortness of breath, fatigue with breathlessness, palpitations, chest pain",Cardiologist
"mouth ulcer, broken tooth, jaw pain",Dentist
"dizziness, fainting, one sided weakness",Neurologist
"acne, redness, skin rash",Dermatologist
"chills, loss of appetite, runny nose",General Physician
"persistent fatigue, swollen lymph nodes, blood in stool",Oncologist
"anger issues, overthinking",Psychiatrist
"tonsillitis, ringing in ear, nose bleeding",ENT
"night urination, difficulty starting urination",Urologist
"itching, vaginal infection, breast tenderness",Gynecologist
"blocked nose, runny nose",ENT
"ringing in ear, ear discharge, sinus pain",ENT
"bleeding while brushing, pain while chewing, gum swelling",Dentist
"hives, itching, dandruff, fungal infection",Dermatologist
"stomach cramps, heartburn, loss of appetite, jaundice",Gastroenterologist
"runny nose, blocked nose, sinus pain",ENT
"jaw pain, tooth pain with headache, bleeding gums",Dentist
"skin allergy, hair fall, dandruff",Dermatologist
"severe headache, one sided weakness, seizure",Neurologist
"child fever, ear pain",Pediatrician
"leg swelling, dizziness, sweating",Cardiologist
"breast tenderness, postpartum bleeding, pregnancy nausea",Gynecologist
"blood in stool, abdominal swelling, swollen lymph nodes, loss of appetite",Oncologist
"testicular swelling, lower abdominal pain urination",Urologist
"chills, weakness, mild fever",General Physician
"newborn feeding issue, blocked nose, fast breathing",Pediatrician
"bone pain, back pain, hip pain",Orthopedic
"difficulty starting urination, frequent urination, burning urination, painful urination with fever",Urologist
"knee pain, bone pain, hip pain, shoulder pain",Orthopedic
"blocked nose, nose bleeding, sinus pain",ENT
"period cramps, missed period, postpartum bleeding",Gynecologist
"eye pain, difficulty seeing far",Ophthalmologist
"nausea, bloating, acidity",Gastroenterologist
"psoriasis, pigmentation, ringworm",Dermatologist
"kidney stone pain, night urination, urinary urgency, reduced urine flow",Urologist
"testicular swelling, groin pain",Urologist
"irregular periods, postpartum bleeding",Gynecologist
"sudden vision loss, night vision problem, swollen eyelid",Ophthalmologist
"headache, cough, low grade fever",General Physician
"rapid heartbeat, shortness of breath, dizziness",Cardiologist
"child cough, child wheezing, diarrhea, blocked nose",Pediatrician
"difficulty swallowing, unexplained weight loss, persistent bone pain, breast lump",Oncologist
"pregnancy nausea, painful periods",Gynecologist
"eye pain, difficulty seeing far, dry eyes",Ophthalmologist
"sprain, hip pain, lower back pain radiating",Orthopedic
"eye discharge, blurred vision, double vision",Ophthalmologist
"night sweats, persistent fatigue, abdominal swelling",Oncologist
"loss of appetite, blood in stool, gas",Gastroenterologist
"swollen neck glands, sinus pain, ringing in ear",ENT
"insomnia, addiction",Psychiatrist
"pregnancy nausea, white discharge, pelvic pain",Gynecologist
"tooth pain with headache, pus near gum, cavity pain",Dentist
"blurred vision with headache, speech difficulty, fainting, migraine",Neurologist
"diarrhea, stomach cramps, jaundice",Gastroenterologist
"white discharge, itching",Gynecologist
"difficulty starting urination, urine leakage, groin pain, frequent urination",Urologist
"dehydration, child stomach pain, child cough",Pediatrician
"tooth pain with headache, tooth sensitivity, bad breath",Dentist
"back pain near kidneys, blood in urine",Urologist
"ringing in ear, runny nose, nose bleeding",ENT
"pressure in chest, left arm pain, palpitations, shortness of breath",Cardiologist
"ringworm, skin rash, eczema, boils",Dermatologist
"eye pain, watering eyes, swollen eyelid",Ophthalmologist
"body ache, fatigue, headache",General Physician
"balance problem, confusion, tremor, fainting",Neurologist
"blocked nose, nose bleeding, hearing loss, loss of voice",ENT
"swollen lymph nodes, abdominal swelling",Oncologist
"sprain, swelling",Orthopedic
"bleeding gums, tooth pain with headache",Dentist
"bleeding gums, bleeding while brushing, broken tooth",Dentist
"flu, low grade fever",General Physician
"tooth sensitivity, mouth ulcer, wisdom tooth pain, pain while chewing",Dentist
"persistent cough, night sweats, non healing ulcer",Oncologist
"one sided weakness, numbness, confusion",Neurologist
"painful urination with fever, burning urination",Urologist
"reduced urine flow, lower abdominal pain urination, frequent urination",Urologist
"itching, pelvic pain",Gynecologist
"fainting, left arm pain, high blood pressure",Cardiologist
"depressed mood, suicidal thoughts, social anxiety",Psychiatrist
"child wheezing, dehydration, baby vomiting, child cough",Pediatrician
"boils, hives, hair fall",Dermatologist
"missed period, itching",Gynecologist
"arthritis, wrist injury, swelling",Orthopedic
"stress, overthinking",Psychiatrist
"dizziness, blurred vision with headache",Neurologist
"dry eyes, night vision problem, eye strain headache",Ophthalmologist
"non healing ulcer, abdominal swelling, persistent fatigue",Oncologist
"bleeding while brushing, bleeding gums",Dentist
"mood swings, difficulty concentrating, social anxiety, anxiety",Psychiatrist
"mouth ulcer, broken tooth, swollen gums",Dentist
"vaginal infection, spotting, breast tenderness, itching",Gynecologist
"constipation, nausea, stomach cramps",Gastroenterologist
"unexplained weight loss, unusual bleeding, difficulty swallowing",Oncologist
"vertigo, hearing loss, runny nose",ENT
"abdominal pain, indigestion",Gastroenterologist
"swelling, bone pain, difficulty walking",Orthopedic
"sinus pain, nose bleeding, tonsillitis",ENT
"pain while chewing, mouth ulcer",Dentist
"trauma flashbacks, hopelessness, stress",Psychiatrist
"swollen neck glands, hearing loss, sore throat, tonsillitis",ENT
"pelvic pain, vaginal infection, itching, painful periods",Gynecologist
"body ache, weakness, cough",General Physician
"itchy eyes, foreign body sensation, blurred vision",Ophthalmologist
"fatigue with breathlessness, rapid heartbeat, sweating",Cardiologist
"breast tenderness, pcos symptoms, vaginal infection",Gynecologist
"newborn feeding issue, baby constipation, ear pain",Pediatrician
"pain while chewing, wisdom tooth pain, jaw pain, bleeding while brushing",Dentist
"sudden vision loss, itchy eyes, eye discharge, foreign body sensation",Ophthalmologist
"child stomach pain, rash with fever, diarrhea",Pediatrician
"low grade fever, cough, body ache, fever",General Physician
"arthritis, wrist injury, bone pain",Orthopedic
"reduced urine flow, painful urination with fever, blood in urine, urine leakage",Urologist
"confusion, neck pain radiating, one sided weakness",Neurologist
"shoulder pain, back pain, wrist injury",Orthopedic
"loss of appetite, cough, runny nose",General Physician
"chills, low grade fever, flu",General Physician
"overthinking, anxiety, mood swings",Psychiatrist
"sinus pain, swollen neck glands, hearing loss",ENT
"joint pain, bone pain",Orthopedic
"burning urination, groin pain, painful urination with fever",Urologist
"flu, body ache, weakness, dizziness",General Physician
"cough, headache, body ache",General Physician
"newborn feeding issue, rash with fever, fast breathing",Pediatrician
"flu, fever",General Physician
"weakness, low grade fever, cough, chills",General Physician
"chills, cough, fever, mild fever",General Physician
"pcos symptoms, lower abdominal pain",Gynecologist
"blocked nose, ear pain",Pediatrician
"bone pain, joint pain, difficulty walking",Orthopedic
"watering eyes, sudden vision loss, swollen eyelid, blurred vision",Ophthalmologist
"indigestion, constipation, food poisoning",Gastroenterologist
"mouth ulcer, bleeding gums",Dentist
"dry eyes, night vision problem, watering eyes, sudden vision loss",Ophthalmologist
"headache, sore throat",General Physician
"persistent fatigue, blood in cough, blood in stool",Oncologist
"skin rash, eczema, itching",Dermatologist
"sensitivity to light, eye discharge",Ophthalmologist
"persistent bone pain, blood in stool, loss of appetite",Oncologist
"bad breath, broken tooth, jaw pain",Dentist
"blocked nose, diarrhea",Pediatrician
"pregnancy nausea, heavy bleeding, pcos symptoms",Gynecologist
"left arm pain, sweating, fainting",Cardiologist
"hip pain, lower back pain radiating, neck stiffness",Orthopedic
"bleeding while brushing, wisdom tooth pain, toothache",Dentist
"hallucinations, anxiety, suicidal thoughts",Psychiatrist
"irregular heartbeat, chest pain, high blood pressure",Cardiologist
"itching, eczema, pigmentation",Dermatologist
"red eye, blurred vision, eye pain",Ophthalmologist
"swollen lymph nodes, non healing ulcer",Oncologist
"bleeding while brushing, jaw pain, swollen gums",Dentist
"allergic rhinitis, ear discharge, swollen neck glands",ENT
"overthinking, depressed mood, suicidal thoughts, mood swings",Psychiatrist
"loss of appetite, constipation, vomiting",Gastroenterologist
"headache, runny nose, sore throat",ENT
"night vision problem, blurred vision, sensitivity to light",Ophthalmologist
"runny nose, throat infection, allergic rhinitis, nose bleeding",ENT
"sinus pain, vertigo, nose bleeding, swollen neck glands",ENT
"numbness, seizure",Neurologist
"overthinking, depressed mood, stress",Psychiatrist
"toothache, mouth ulcer, tooth sensitivity, tooth pain with headache",Dentist
"urine leakage, night urination, groin pain, burning urination",Urologist
"breathlessness at night, left arm pain, fainting",Cardiologist
"tingling, memory loss, confusion, blurred vision with headache",Neurologist
"child cough, vaccination query, rash with fever",Pediatrician
"vaginal infection, itching",Gynecologist
"anger issues, hopelessness, social anxiety",Psychiatrist
"night sweats, blood in cough, non healing ulcer",Oncologist
"vaccination query, newborn feeding issue",Pediatrician
"mild fever, low grade fever",General Physician
"ringing in ear, swollen neck glands, blocked nose, nose bleeding",ENT
"migraine, seizure",Neurologist
"heartburn, diarrhea, indigestion",Gastroenterologist
"ringing in ear, throat infection, sore throat, hearing loss",ENT
"period cramps, breast tenderness",Gynecologist
"fast breathing, baby vomiting",Pediatrician
"dehydration, vaccination query, child cough",Pediatrician
"panic attacks, suicidal thoughts, trauma flashbacks, insomnia",Psychiatrist
"mouth ulcer, tooth sensitivity",Dentist
"eye discharge, red eye",Ophthalmologist
"shoulder pain, muscle strain, back pain, difficulty walking",Orthopedic
"boils, eczema, skin allergy",Dermatologist
"stress, social anxiety, panic attacks, suicidal thoughts",Psychiatrist
"skin allergy, hives, eczema, fungal infection",Dermatologist
"pus near gum, tooth pain with headache",Dentist
"leg swelling, fainting, shortness of breath",Cardiologist
"urinary urgency, back pain near kidneys, urine leakage, testicular swelling",Urologist
"chest tightness, left arm pain, fatigue with breathlessness, breathlessness at night",Cardiologist
"constipation, heartburn, gas",Gastroenterologist
"left arm pain, breathlessness at night, rapid heartbeat",Cardiologist
"irregular periods, missed period, heavy bleeding",Gynecologist
"gum swelling, mouth ulcer, cavity pain",Dentist
"difficulty concentrating, addiction",Psychiatrist
"lower back pain radiating, muscle strain, neck stiffness",Orthopedic
"spotting, lower abdominal pain, white discharge",Gynecologist
"baby constipation, ear pain, child stomach pain",Pediatrician
"neck pain radiating, tremor, dizziness, speech difficulty",Neurologist
"ear pain, tonsillitis, vertigo, throat infection",ENT
"missed period, painful periods, vaginal infection",Gynecologist
"shortness of breath, fainting, breathlessness at night, sweating",Cardiologist
"night urination, painful urination with fever, blood in urine",Urologist
"missed period, pcos symptoms, pelvic pain, painful periods",Gynecologist
"tonsillitis, nose bleeding, blocked nose, loss of voice",ENT
"sore throat, ear discharge, runny nose",ENT
"mild fever, flu, low grade fever, fatigue",General Physician
"wrist injury, arthritis, fracture, bone pain",Orthopedic
"boils, psoriasis, dry skin",Dermatologist
"bleeding gums, bleeding while brushing, swollen gums",Dentist
"seizure, neck pain radiating, confusion",Neurologist
"bone pain, hip pain",Orthopedic
"night sweats, persistent hoarseness",Oncologist
"painful urination with fever, night urination",Urologist
"eczema, acne",Dermatologist
"fatigue, weakness",General Physician
"mild fever, fever, weakness",General Physician
"left arm pain, fainting, pressure in chest",Cardiologist
"breast lump, blood in cough, unexplained weight loss, unusual bleeding",Oncologist
"breast tenderness, white discharge, lower abdominal pain, heavy bleeding",Gynecologist
"baby constipation, dehydration, newborn feeding issue",Pediatrician
"anxiety, difficulty concentrating, social anxiety",Psychiatrist
"hives, pigmentation, ringworm, skin allergy",Dermatologist
"broken tooth, mouth ulcer, gum swelling",Dentist
"sore throat, sinus pain, throat infection, ear discharge",ENT
"blurred vision with headache, fainting, neck pain radiating",Neurologist
"addiction, mood swings, panic attacks",Psychiatrist
"shoulder pain, difficulty walking",Orthopedic
"burning urination, testicular swelling, blood in urine",Urologist
"sinus pain, nose bleeding, runny nose, ear discharge",ENT
"jaw pain, broken tooth, bleeding while brushing",Dentist
"social anxiety, panic attacks, depressed mood, anger issues",Psychiatrist
"persistent bone pain, abdominal swelling, non healing ulcer",Oncologist
"loss of appetite, abdominal swelling",Oncologist
"nose bleeding, tonsillitis, ringing in ear",ENT
"wisdom tooth pain, jaw pain, bleeding while brushing, swollen gums",Dentist
"joint pain, wrist injury, back pain",Orthopedic
"child fever, vaccination query, dehydration",Pediatrician
"night vision problem, red eye, sudden vision loss",Ophthalmologist
"mood swings, hopelessness, insomnia",Psychiatrist
"watering eyes, sudden vision loss",Ophthalmologist
"palpitations, fatigue with breathlessness",Cardiologist
"flu, sore throat, body ache, headache",General Physician
"double vision, difficulty seeing far, itchy eyes, red eye",Ophthalmologist
"pelvic pain, missed period, pcos symptoms",Gynecologist
"tremor, seizure, migraine, one sided weakness",Neurologist
"bone pain, difficulty walking",Orthopedic
"difficulty walking, sprain",Orthopedic
"child sore throat, fast breathing, baby vomiting, baby constipation",Pediatrician
"psoriasis, redness",Dermatologist
"persistent hoarseness, persistent cough, unusual bleeding, non healing ulcer",Oncologist
"pus near gum, tooth pain with headache, bleeding while brushing",Dentist
"numbness, neck pain radiating, migraine",Neurologist
"dehydration, fast breathing, baby vomiting, vaccination query",Pediatrician
"sinus pain, ringing in ear",ENT
"wisdom tooth pain, tooth pain with headache, broken tooth, cavity pain",Dentist
"watering eyes, blurred vision, swollen eyelid",Ophthalmologist
"skin rash, itching, fungal infection",Dermatologist
"body ache, sore throat",General Physician
"addiction, hallucinations, trauma flashbacks",Psychiatrist
"migraine, fainting, blurred vision with headache",Neurologist
"itching, lower abdominal pain, irregular periods",Gynecologist
"breast lump, persistent fatigue",Oncologist
"double vision, watering eyes, eye strain headache",Ophthalmologist
"loss of voice, sore throat, blocked nose",ENT
"tonsillitis, ear discharge",ENT
"joint pain, fracture",Orthopedic
"postpartum bleeding, white discharge, irregular periods, spotting",Gynecologist
"non healing ulcer, swollen lymph nodes",Oncologist
"child stomach pain, ear pain, rash with fever",Pediatrician
"runny nose, sore throat, fever",ENT
"indigestion, nausea, bloating, stomach cramps",Gastroenterologist
"speech difficulty, tremor, seizure, blurred vision with headache",Neurologist
"pcos symptoms, pelvic pain",Gynecologist
"bleeding gums, pus near gum, tooth pain with headache",Dentist
"toothache, bad breath, mouth ulcer",Dentist
"fainting, neck pain radiating",Neurologist
"heartburn, bloating",Gastroenterologist
"fungal infection, hair fall, hives, psoriasis",Dermatologist
"throat infection, nose bleeding, tonsillitis",ENT
"addiction, anxiety",Psychiatrist
"newborn feeding issue, child wheezing",Pediatrician
"irregular periods, pcos symptoms, period cramps",Gynecologist
"groin pain, reduced urine flow, urinary urgency",Urologist
"baby constipation, blocked nose, diarrhea",Pediatrician
"non healing ulcer, difficulty swallowing, persistent cough",Oncologist
"blurred vision with headache, speech difficulty, confusion",Neurologist
"hopelessness, social anxiety, insomnia",Psychiatrist
"dizziness, low grade fever",General Physician
"neck pain radiating, memory loss, severe headache",Neurologist
"bleeding gums, broken tooth, swollen gums, gum swelling",Dentist
"suicidal thoughts, hallucinations",Psychiatrist
"vaginal infection, period cramps, pcos symptoms",Gynecologist
"gas, bloating, indigestion",Gastroenterologist
"blood in cough, loss of appetite, breast lump",Oncologist
"chest tightness, breathlessness at night, leg swelling",Cardiologist
"mouth ulcer, wisdom tooth pain, tooth pain with headache, gum swelling",Dentist
"persistent fatigue, unexplained weight loss, loss of appetite",Oncologist
"chest tightness, fatigue with breathlessness, irregular heartbeat",Cardiologist
"hallucinations, hopelessness, depressed mood, social anxiety",Psychiatrist
"cold, cough, low grade fever",General Physician
"rapid heartbeat, breathlessness at night, irregular heartbeat",Cardiologist
"persistent cough, loss of appetite",Oncologist
"blood in stool, bloating",Gastroenterologist
"blocked nose, tonsillitis, ringing in ear",ENT
"loss of appetite, difficulty swallowing",Oncologist
"lower back pain radiating, arthritis, swelling",Orthopedic
"palpitations, shortness of breath, high blood pressure",Cardiologist
"breast tenderness, painful periods, white discharge",Gynecologist
"jaw pain, toothache, tooth pain with headache",Dentist
"ringing in ear, blocked nose, nose bleeding, ear pain",ENT
"irregular periods, painful periods",Gynecologist
"chest tightness, palpitations, high blood pressure",Cardiologist
"hopelessness, trauma flashbacks, mood swings",Psychiatrist
"loss of appetite, low grade fever, chills, body ache",General Physician
"swollen neck glands, throat infection, hearing loss",ENT
"abdominal pain, gas, vomiting",Gastroenterologist
"difficulty swallowing, swollen lymph nodes, loss of appetite",Oncologist
"joint pain, sprain, bone pain",Orthopedic
"redness, pigmentation, ringworm, hair fall",Dermatologist
"bleeding gums, gum swelling, tooth sensitivity",Dentist
"child sore throat, child fever, baby vomiting",Pediatrician
"child sore throat, fast breathing, baby constipation",Pediatrician
"fatigue, headache, sore throat, weakness",General Physician
"difficulty concentrating, overthinking, hallucinations, depressed mood",Psychiatrist
"sudden vision loss, dry eyes, night vision problem",Ophthalmologist
"sore throat, ear pain, sinus pain, allergic rhinitis",ENT
"body ache, dizziness",General Physician
"persistent cough, loss of appetite, persistent hoarseness, non healing ulcer",Oncologist
"boils, psoriasis, acne, hives",Dermatologist
"vertigo, throat infection",ENT
"insomnia, anxiety, depressed mood",Psychiatrist
"abdominal swelling, breast lump, blood in cough",Oncologist
"fainting, left arm pain, irregular heartbeat",Cardiologist
"overthinking, anxiety, addiction, mood swings",Psychiatrist
"pressure in chest, palpitations",Cardiologist
"night sweats, difficulty swallowing, persistent bone pain",Oncologist
"swollen eyelid, foreign body sensation",Ophthalmologist
"blocked nose, dehydration",Pediatrician
"blood in cough, persistent bone pain, difficulty swallowing",Oncologist
"neck pain radiating, speech difficulty",Neurologist
"baby vomiting, vaccination query, child fever",Pediatrician
"dehydration, newborn feeding issue",Pediatrician
"dizziness, fatigue, chills",General Physician
"nausea, loss of appetite, abdominal pain",Gastroenterologist
"diarrhea, blood in stool, jaundice, nausea",Gastroenterologist
"anxiety, anger issues, addiction, hallucinations",Psychiatrist
"severe headache, neck pain radiating, blurred vision with headache, speech difficulty",Neurologist
"vertigo, swollen neck glands, ear discharge",ENT
"dizziness, weakness, cough, chills",General Physician
"jaundice, blood in stool, stomach cramps, gas",Gastroenterologist
"shoulder pain, joint pain, lower back pain radiating, arthritis",Orthopedic
"numbness, fainting, seizure",Neurologist
"tonsillitis, loss of voice, allergic rhinitis",ENT
"unexplained weight loss, persistent hoarseness, night sweats, unusual bleeding",Oncologist
"persistent bone pain, loss of appetite",Oncologist
"postpartum bleeding, missed period, breast tenderness",Gynecologist
"burning urination, difficulty starting urination",Urologist
"breast lump, unusual bleeding, non healing ulcer",Oncologist
"testicular swelling, kidney stone pain",Urologist
"abdominal pain, loss of appetite, gas",Gastroenterologist
"irregular periods, postpartum bleeding",Gynecologist
"balance problem, numbness, neck pain radiating, migraine",Neurologist
"swollen gums, gum swelling",Dentist
"sore throat, ear discharge",ENT
"night vision problem, double vision, foreign body sensation",Ophthalmologist
"panic attacks, hopelessness, anger issues",Psychiatrist
"loss of voice, vertigo",ENT
"loss of voice, hearing loss, nose bleeding",ENT
"sudden vision loss, red eye, watering eyes, night vision problem",Ophthalmologist
"left arm pain, pressure in chest, breathlessness at night",Cardiologist
"gas, stomach cramps, diarrhea",Gastroenterologist
"vaginal infection, itching, pregnancy nausea",Gynecologist
"sprain, swelling, difficulty walking",Orthopedic
"groin pain, frequent urination, night urination",Urologist
"ringing in ear, ear discharge, allergic rhinitis, sore throat",ENT
"swollen eyelid, watering eyes, eye strain headache, double vision",Ophthalmologist
"blood in stool, persistent fatigue, unexplained weight loss",Oncologist
"shortness of breath, breathlessness at night, fatigue with breathlessness",Cardiologist
"flu, dizziness, runny nose",General Physician
"ringing in ear, loss of voice, runny nose, blocked nose",ENT
"nose bleeding, sore throat, ringing in ear",ENT
"back pain, neck stiffness, bone pain",Orthopedic
"vaginal infection, pregnancy nausea, pelvic pain",Gynecologist
"stomach cramps, constipation, food poisoning",Gastroenterologist
"tooth sensitivity, pus near gum",Dentist
"toothache, pus near gum, cavity pain, tooth sensitivity",Dentist
"spotting, period cramps, white discharge, pelvic pain",Gynecologist
"bone pain, fracture, neck stiffness",Orthopedic
"cough, weakness",General Physician
"blocked nose, child stomach pain, vaccination query, baby vomiting",Pediatrician
"back pain, muscle strain",Orthopedic
"blood in cough, persistent hoarseness, breast lump, unusual bleeding",Oncologist
"urinary urgency, burning urination, urine leakage",Urologist
"eye strain headache, sensitivity to light, blurred vision, red eye",Ophthalmologist
"tremor, severe headache, balance problem",Neurologist
"insomnia, anger issues, hallucinations, suicidal thoughts",Psychiatrist
"wrist injury, swelling",Orthopedic
"fracture, joint pain",Orthopedic
"loss of voice, runny nose",ENT
"runny nose, ear pain, swollen neck glands",ENT
"neck stiffness, fracture, sprain",Orthopedic
"rapid heartbeat, left arm pain",Cardiologist
"tingling, migraine, dizziness",Neurologist
"jaundice, nausea",Gastroenterologist
"cavity pain, tooth sensitivity",Dentist
"runny nose, cold, chills, dizziness",General Physician
"baby constipation, rash with fever",Pediatrician
"tingling, confusion",Neurologist
"urinary urgency, painful urination with fever, difficulty starting urination, lower abdominal pain urination",Urologist
"lower abdominal pain urination, kidney stone pain, frequent urination",Urologist
"night urination, burning urination, painful urination with fever, frequent urination",Urologist
"shortness of breath, sweating, fainting, chest pain",Cardiologist
"breast lump, swollen lymph nodes",Oncologist
"postpartum bleeding, lower abdominal pain, heavy bleeding, pcos symptoms",Gynecologist
"fracture, muscle strain",Orthopedic
"child fever, child wheezing",Pediatrician
"ringworm, redness",Dermatologist
"jaw pain, wisdom tooth pain",Dentist
"gas, abdominal pain",Gastroenterologist
"constipation, acidity, loss of appetite",Gastroenterologist
"joint pain, arthritis, difficulty walking",Orthopedic
"breathlessness at night, palpitations, shortness of breath",Cardiologist
"speech difficulty, numbness, neck pain radiating",Neurologist
"fatigue, fever, cold, dizziness",General Physician
"psoriasis, acne, redness",Dermatologist
"nausea, loss of appetite",Gastroenterologist
"chills, sore throat, body ache",General Physician
"urinary urgency, reduced urine flow, back pain near kidneys",Urologist
"seizure, balance problem, confusion",Neurologist
"double vision, night vision problem",Ophthalmologist
"blood in urine, painful urination with fever, burning urination",Urologist
"baby constipation, newborn feeding issue",Pediatrician
"breast tenderness, irregular periods",Gynecologist
"night vision problem, swollen eyelid, difficulty seeing far",Ophthalmologist
"arthritis, bone pain",Orthopedic
"sensitivity to light, red eye, eye discharge, sudden vision loss",Ophthalmologist
"night urination, frequent urination",Urologist
"white discharge, pelvic pain, painful periods, irregular periods",Gynecologist
"stomach cramps, jaundice, gas",Gastroenterologist
"painful periods, postpartum bleeding",Gynecologist
"frequent urination, urine infection, lower abdominal pain urination",Urologist
"back pain near kidneys, burning urination",Urologist
"bloating, gas, stomach cramps, heartburn",Gastroenterologist
"fracture, joint pain, neck stiffness",Orthopedic
"throat infection, allergic rhinitis",ENT
"high blood pressure, chest tightness, shortness of breath",Cardiologist
"heartburn, blood in stool, loss of appetite",Gastroenterologist
"red eye, itchy eyes, dry eyes",Ophthalmologist
"sore throat, tonsillitis, ear pain, sinus pain",ENT
"low grade fever, headache, sore throat",General Physician
"ringworm, itching, redness, hair fall",Dermatologist
"swollen neck glands, vertigo",ENT
"period cramps, pregnancy nausea, spotting, postpartum bleeding",Gynecologist
"testicular swelling, lower abdominal pain urination, reduced urine flow",Urologist
"pigmentation, dandruff, hives",Dermatologist
"one sided weakness, neck pain radiating, balance problem, fainting",Neurologist
"panic attacks, depressed mood, hallucinations",Psychiatrist
"flu, fever, low grade fever",General Physician
"skin rash, dry skin",Dermatologist
"itching, acne, redness, ringworm",Dermatologist
"child wheezing, fast breathing, ear pain",Pediatrician
"abdominal pain, loss of appetite, diarrhea",Gastroenterologist
"unexplained weight loss, loss of appetite, difficulty swallowing",Oncologist
"boils, fungal infection, skin rash, dry skin",Dermatologist
"ear pain, child fever",Pediatrician
"loss of appetite, blood in stool",Gastroenterologist
"cough, fever",General Physician
"gum swelling, mouth ulcer",Dentist
"pigmentation, hives, dandruff, hair fall",Dermatologist
"urinary urgency, painful urination with fever, urine leakage",Urologist
"body ache, low grade fever, weakness",General Physician
"nose bleeding, hearing loss, tonsillitis",ENT
"swollen gums, pus near gum",Dentist
"persistent fatigue, non healing ulcer, persistent cough, blood in cough",Oncologist
"kidney stone pain, painful urination with fever",Urologist
"sprain, neck stiffness",Orthopedic
"sore throat, body ache, mild fever",General Physician
"ear pain, vaccination query, diarrhea, baby vomiting",Pediatrician
"breast tenderness, vaginal infection, pcos symptoms",Gynecologist
"swollen neck glands, ear discharge, nose bleeding",ENT
"sudden vision loss, swollen eyelid, dry eyes",Ophthalmologist
"bleeding gums, toothache, pain while chewing, bleeding while brushing",Dentist
"testicular swelling, back pain near kidneys, kidney stone pain, urine leakage",Urologist
"loss of voice, ear pain, throat infection, vertigo",ENT
"pregnancy nausea, pcos symptoms, white discharge, spotting",Gynecologist
"numbness, fainting, speech difficulty",Neurologist
"insomnia, hopelessness, difficulty concentrating",Psychiatrist
"psoriasis, skin allergy",Dermatologist
"flu, dizziness, runny nose",General Physician
"breast lump, persistent bone pain, blood in cough, abdominal swelling",Oncologist
"blood in stool, bloating, acidity",Gastroenterologist
"difficulty concentrating, addiction, suicidal thoughts",Psychiatrist
"gum swelling, bleeding gums, tooth sensitivity",Dentist
"fracture, wrist injury, back pain",Orthopedic
"blocked nose, swollen neck glands, throat infection",ENT
"watering eyes, double vision",Ophthalmologist
"addiction, anxiety, social anxiety, suicidal thoughts",Psychiatrist
"night sweats, abdominal swelling",Oncologist
"unexplained weight loss, persistent bone pain, blood in cough, blood in stool",Oncologist
"painful urination with fever, kidney stone pain",Urologist
"bleeding while brushing, wisdom tooth pain, gum swelling, cavity pain",Dentist
"painful urination with fever, back pain near kidneys",Urologist
"joint pain, lower back pain radiating, muscle strain",Orthopedic
"redness, boils, hair fall",Dermatologist
"severe headache, confusion, balance problem, migraine",Neurologist
"fainting, speech difficulty, dizziness",Neurologist
"body ache, flu, weakness, mild fever",General Physician
"abdominal swelling, persistent fatigue",Oncologist
"heavy bleeding, missed period, white discharge",Gynecologist
"persistent cough, non healing ulcer, unexplained weight loss",Oncologist
"loss of appetite, cough, mild fever, fever",General Physician
"vaginal infection, breast tenderness",Gynecologist
"diarrhea, bloating, vomiting, heartburn",Gastroenterologist
"speech difficulty, balance problem",Neurologist
"child wheezing, vaccination query, child fever",Pediatrician
"migraine, severe headache, fainting",Neurologist
"stomach cramps, abdominal pain, nausea",Gastroenterologist
"migraine, one sided weakness, dizziness, memory loss",Neurologist
"mood swings, insomnia",Psychiatrist
"panic attacks, insomnia",Psychiatrist
"itching, pigmentation, acne",Dermatologist
"persistent hoarseness, persistent cough",Oncologist
"pigmentation, dandruff",Dermatologist
"seizure, speech difficulty",Neurologist
"joint pain, sprain, hip pain, knee pain",Orthopedic
"bleeding gums, tooth sensitivity",Dentist
"confusion, numbness, one sided weakness, speech difficulty",Neurologist
"period cramps, pelvic pain, heavy bleeding",Gynecologist
"frequent urination, night urination, reduced urine flow",Urologist
"foreign body sensation, red eye, eye strain headache",Ophthalmologist
"nausea, loss of appetite, blood in stool",Gastroenterologist
"breast lump, abdominal swelling, unexplained weight loss",Oncologist
"urine leakage, groin pain, burning urination",Urologist
"left arm pain, irregular heartbeat, chest tightness",Cardiologist
"painful urination with fever, night urination",Urologist
"persistent bone pain, blood in stool",Oncologist
"persistent bone pain, abdominal swelling, swollen lymph nodes",Oncologist
"back pain, fracture, lower back pain radiating",Orthopedic
"ringing in ear, vertigo",ENT
"loss of appetite, blood in stool, unusual bleeding",Oncologist
"unexplained weight loss, difficulty swallowing, unusual bleeding",Oncologist
"pressure in chest, chest tightness",Cardiologist
"child cough, vaccination query",Pediatrician
"hopelessness, addiction, mood swings, anger issues",Psychiatrist
"sinus pain, tonsillitis, hearing loss",ENT
"dry skin, itching, dandruff, hair fall",Dermatologist
"anxiety, hopelessness, depressed mood",Psychiatrist
"blood in stool, loss of appetite",Gastroenterologist
"blocked nose, loss of voice",ENT
"loss of appetite, blood in cough, persistent cough",Oncologist
"wrist injury, joint pain, shoulder pain",Orthopedic
"persistent cough, persistent hoarseness, persistent bone pain",Oncologist
"addiction, hopelessness, overthinking",Psychiatrist
"pregnancy nausea, white discharge, painful periods",Gynecologist
"watering eyes, night vision problem",Ophthalmologist
"fainting, dizziness",Cardiologist
"chest pain, fatigue with breathlessness",Cardiologist
"burning urination, blood in urine",Urologist
"seizure, severe headache, balance problem, dizziness",Neurologist
"kidney stone pain, painful urination with fever",Urologist
"eye discharge, double vision, eye strain headache",Ophthalmologist
"high blood pressure, fatigue with breathlessness, breathlessness at night",Cardiologist
"bloating, blood in stool, gas",Gastroenterologist
"bleeding while brushing, tooth sensitivity, jaw pain, pus near gum",Dentist
"wrist injury, shoulder pain, lower back pain radiating, knee pain",Orthopedic
"shortness of breath, high blood pressure, leg swelling",Cardiologist
"missed period, irregular periods",Gynecologist
"balance problem, neck pain radiating",Neurologist
"fainting, fatigue with breathlessness, chest tightness",Cardiologist
"child cough, newborn feeding issue",Pediatrician
"seizure, tremor, one sided weakness",Neurologist
"child cough, rash with fever",Pediatrician
"food poisoning, diarrhea, acidity, loss of appetite",Gastroenterologist
"frequent urination, urine infection",Urologist
"night urination, urine infection, testicular swelling, painful urination with fever",Urologist
"stomach cramps, blood in stool, nausea, vomiting",Gastroenterologist
"chest pain, rapid heartbeat",Cardiologist
"pus near gum, bleeding while brushing, broken tooth",Dentist
"ringing in ear, tonsillitis, runny nose",ENT
"pregnancy nausea, missed period, postpartum bleeding, painful periods",Gynecologist
"bleeding gums, toothache, tooth sensitivity",Dentist
"vaginal infection, pcos symptoms",Gynecologist
"vomiting, food poisoning",Gastroenterologist
"tingling, confusion",Neurologist
"itching, lower abdominal pain, period cramps",Gynecologist
"pregnancy nausea, postpartum bleeding, itching",Gynecologist
"headache, runny nose",General Physician
"constipation, blood in stool",Gastroenterologist
"dandruff, skin rash, pigmentation, psoriasis",Dermatologist
"urinary urgency, reduced urine flow, difficulty starting urination",Urologist
"boils, fungal infection, acne, psoriasis",Dermatologist
"runny nose, ear discharge, sore throat",ENT
"constipation, acidity, vomiting",Gastroenterologist
"itching, skin allergy, eczema",Dermatologist
"difficulty starting urination, blood in urine, lower abdominal pain urination",Urologist
"child sore throat, child fever, ear pain",Pediatrician
"psoriasis, itching, acne, dry skin",Dermatologist
"psoriasis, pigmentation, acne",Dermatologist
"dizziness, chills, cold, low grade fever",General Physician
"vertigo, ear discharge, tonsillitis",ENT
"dehydration, newborn feeding issue, baby vomiting",Pediatrician
"pigmentation, boils, skin allergy, dandruff",Dermatologist
"fever, mild fever, dizziness",General Physician
"hopelessness, anger issues, depressed mood",Psychiatrist
"dry skin, hives, dandruff",Dermatologist
"itchy eyes, eye strain headache, red eye",Ophthalmologist
"pelvic pain, period cramps, heavy bleeding",Gynecologist
"breathlessness at night, pressure in chest",Cardiologist
"lower abdominal pain, vaginal infection, spotting",Gynecologist
"fainting, fatigue with breathlessness, shortness of breath",Cardiologist
"high blood pressure, rapid heartbeat, shortness of breath",Cardiologist
"muscle strain, lower back pain radiating, back pain",Orthopedic
"pcos symptoms, irregular periods, vaginal infection",Gynecologist
"lower back pain radiating, shoulder pain, difficulty walking, muscle strain",Orthopedic
"palpitations, sweating, chest pain",Cardiologist
"fatigue with breathlessness, shortness of breath, left arm pain",Cardiologist
"hair fall, skin rash, eczema, pigmentation",Dermatologist
"stomach cramps, loss of appetite, blood in stool",Gastroenterologist
"diarrhea, child fever, ear pain, child wheezing",Pediatrician
"hives, fungal infection",Dermatologist
"hives, redness, eczema",Dermatologist
"persistent bone pain, unusual bleeding",Oncologist
"heartburn, blood in stool",Gastroenterologist
"psoriasis, acne, eczema",Dermatologist
"dry eyes, swollen eyelid, eye pain, sudden vision loss",Ophthalmologist
"pregnancy nausea, white discharge, period cramps, painful periods",Gynecologist
"irregular heartbeat, palpitations, sweating, leg swelling",Cardiologist
"diarrhea, ear pain",Pediatrician
"cold, mild fever",General Physician
"toothache, jaw pain",Dentist
"mild fever, cough, flu",General Physician
"trauma flashbacks, addiction, hallucinations",Psychiatrist
"pelvic pain, irregular periods, postpartum bleeding, missed period",Gynecologist
"confusion, neck pain radiating, tingling",Neurologist
"itchy eyes, double vision",Ophthalmologist
"hearing loss, allergic rhinitis, tonsillitis",ENT
"persistent hoarseness, persistent bone pain, blood in stool, non healing ulcer",Oncologist
"blurred vision with headache, one sided weakness, memory loss",Neurologist
"loss of appetite, chills, body ache",General Physician
"trauma flashbacks, depressed mood, suicidal thoughts, social anxiety",Psychiatrist
"blurred vision, sensitivity to light, dry eyes",Ophthalmologist
"pcos symptoms, missed period, spotting",Gynecologist
"missed period, itching, vaginal infection",Gynecologist
"sore throat, dizziness",General Physician
"fatigue with breathlessness, rapid heartbeat, high blood pressure",Cardiologist
"food poisoning, indigestion, vomiting",Gastroenterologist
"night vision problem, blurred vision, sensitivity to light",Ophthalmologist
"muscle strain, knee pain",Orthopedic
"child fever, newborn feeding issue, child cough",Pediatrician
"runny nose, dizziness, weakness, low grade fever",General Physician
"frequent urination, urinary urgency, reduced urine flow",Urologist
"night vision problem, dry eyes, eye discharge",Ophthalmologist
"vomiting, stomach cramps, gas",Gastroenterologist
"insomnia, overthinking",Psychiatrist
"double vision, eye discharge, swollen eyelid",Ophthalmologist
"pus near gum, tooth sensitivity, pain while chewing",Dentist
"spotting, painful periods, missed period",Gynecologist
"mouth ulcer, tooth sensitivity, toothache",Dentist
"child stomach pain, child cough, child wheezing",Pediatrician
"night vision problem, eye pain, difficulty seeing far",Ophthalmologist
"diarrhea, acidity, heartburn",Gastroenterologist
"jaundice, indigestion, nausea, blood in stool",Gastroenterologist
"child fever, fast breathing, child cough, diarrhea",Pediatrician
"blood in urine, back pain near kidneys, lower abdominal pain urination",Urologist
"sprain, hip pain, muscle strain, knee pain",Orthopedic
"rash with fever, fast breathing, ear pain",Pediatrician
"sinus pain, nose bleeding, runny nose",ENT
"lower back pain radiating, joint pain, neck stiffness, hip pain",Orthopedic
"fatigue, headache",General Physician
"chest pain, dizziness, high blood pressure, irregular heartbeat",Cardiologist
"reduced urine flow, lower abdominal pain urination",Urologist
"dizziness, chills, cough, fever",General Physician
"hallucinations, overthinking, anxiety",Psychiatrist
"low grade fever, cold",General Physician
"frequent urination, urinary urgency, testicular swelling",Urologist
"hip pain, difficulty walking, swelling",Orthopedic
"seizure, balance problem, tremor",Neurologist
"breathlessness at night, leg swelling, left arm pain",Cardiologist
"dizziness, confusion, severe headache",Neurologist
"acne, fungal infection",Dermatologist
"hopelessness, anxiety",Psychiatrist
"nose bleeding, vertigo, allergic rhinitis",ENT
"swollen neck glands, allergic rhinitis, runny nose, throat infection",ENT
"difficulty swallowing, persistent hoarseness",Oncologist
"one sided weakness, tremor, severe headache, memory loss",Neurologist
"sensitivity to light, eye pain, eye strain headache, sudden vision loss",Ophthalmologist
"bone pain, fracture",Orthopedic
"migraine, confusion, speech difficulty, balance problem",Neurologist
"swelling, bone pain, muscle strain, sprain",Orthopedic
"dizziness, body ache",General Physician
"cold, chills, body ache",General Physician
"pcos symptoms, spotting, pelvic pain, breast tenderness",Gynecologist
"severe headache, tremor, tingling",Neurologist
"pus near gum, bad breath, tooth pain with headache, mouth ulcer",Dentist
"low grade fever, mild fever, sore throat, chills",General Physician
"chills, fever, body ache",General Physician
"loss of appetite, persistent cough, persistent hoarseness, breast lump",Oncologist
"persistent bone pain, unusual bleeding, persistent cough, blood in cough",Oncologist
"joint pain, difficulty walking, shoulder pain",Orthopedic
"pain while chewing, wisdom tooth pain, bleeding gums",Dentist
"shoulder pain, neck stiffness, difficulty walking",Orthopedic
"throat infection, runny nose, hearing loss",ENT
"night vision problem, watering eyes, foreign body sensation",Ophthalmologist
"tonsillitis, ringing in ear",ENT
"knee pain, neck stiffness, difficulty walking",Orthopedic
"vaccination query, fast breathing",Pediatrician
"hip pain, sprain, muscle strain",Orthopedic
"dry skin, eczema",Dermatologist
"abdominal swelling, unusual bleeding",Oncologist
"hallucinations, social anxiety, anger issues, panic attacks",Psychiatrist
"rash with fever, blocked nose",Pediatrician
"persistent cough, difficulty swallowing",Oncologist
"tingling, severe headache, numbness",Neurologist
"rapid heartbeat, leg swelling, chest pain",Cardiologist
"runny nose, cough, low grade fever",General Physician
"numbness, tingling",Neurologist
"tooth pain with headache, bleeding while brushing",Dentist
"child fever, blocked nose, dehydration",Pediatrician
"neck stiffness, back pain",Orthopedic
"sprain, knee pain",Orthopedic
"lower abdominal pain urination, urine leakage, urinary urgency",Urologist
"low grade fever, mild fever, fatigue",General Physician
"balance problem, seizure, severe headache",Neurologist
"pregnancy nausea, irregular periods, spotting",Gynecologist
"persistent cough, swollen lymph nodes",Oncologist
"missed period, spotting, painful periods",Gynecologist
"difficulty starting urination, urine infection",Urologist
"unusual bleeding, loss of appetite, night sweats, blood in cough",Oncologist
"nausea, heartburn, diarrhea, loss of appetite",Gastroenterologist
"itching, breast tenderness, pregnancy nausea",Gynecologist
"acidity, nausea, bloating",Gastroenterologist
"anxiety, suicidal thoughts, insomnia",Psychiatrist
"cough, flu, mild fever, chills",General Physician
"breathlessness at night, rapid heartbeat, sweating",Cardiologist
"neck stiffness, wrist injury",Orthopedic
"eye pain, eye discharge, dry eyes",Ophthalmologist
"child fever, rash with fever, child wheezing",Pediatrician
"missed period, itching, pelvic pain",Gynecologist
"white discharge, itching, missed period",Gynecologist
"social anxiety, overthinking, anxiety, mood swings",Psychiatrist
"tooth sensitivity, broken tooth, bad breath, jaw pain",Dentist
"chest pain, high blood pressure, rapid heartbeat, irregular heartbeat",Cardiologist
"acidity, diarrhea, gas, vomiting",Gastroenterologist
"addiction, anxiety, hopelessness",Psychiatrist
"back pain, fracture, bone pain",Orthopedic
"panic attacks, addiction, anxiety",Psychiatrist
"hip pain, lower back pain radiating, knee pain",Orthopedic
"breathlessness at night, rapid heartbeat, fatigue with breathlessness",Cardiologist
"sore throat, ear pain, blocked nose",ENT
"stress, mood swings, anxiety, addiction",Psychiatrist
"pcos symptoms, lower abdominal pain, period cramps",Gynecologist
"loss of appetite, persistent cough, difficulty swallowing",Oncologist
"child wheezing, baby vomiting, dehydration",Pediatrician
"pus near gum, pain while chewing, bleeding while brushing",Dentist
"loss of appetite, fatigue, flu, chills",General Physician
"persistent cough, persistent hoarseness, blood in stool",Oncologist
"memory loss, numbness, tremor",Neurologist
"chest pain, fatigue with breathlessness, fainting",Cardiologist
"mood swings, difficulty concentrating, hopelessness",Psychiatrist
"baby constipation, child sore throat",Pediatrician
"ear pain, dehydration",Pediatrician
"ear discharge, ringing in ear, sinus pain, ear pain",ENT
"anxiety, suicidal thoughts",Psychiatrist
"one sided weakness, blurred vision with headache, neck pain radiating",Neurologist
"fainting, rapid heartbeat, palpitations",Cardiologist
"muscle strain, joint pain, hip pain",Orthopedic
"ringing in ear, tonsillitis",ENT
"one sided weakness, severe headache, balance problem",Neurologist
"muscle strain, sprain",Orthopedic
"abdominal swelling, persistent fatigue, persistent cough",Oncologist
"ear pain, blocked nose, allergic rhinitis",ENT
"acne, hives, skin allergy",Dermatologist
"muscle strain, back pain, neck stiffness, shoulder pain",Orthopedic
"dandruff, hair fall",Dermatologist
"nausea, vomiting, acidity, indigestion",Gastroenterologist
"flu, sore throat, headache, body ache",General Physician
"dizziness, blurred vision with headache, numbness",Neurologist
"dry skin, hives, itching",Dermatologist
"fungal infection, psoriasis, eczema",Dermatologist
"arthritis, swelling",Orthopedic
"swollen lymph nodes, unusual bleeding",Oncologist
"abdominal swelling, persistent cough, blood in cough, blood in stool",Oncologist
"dizziness, left arm pain",Cardiologist
"runny nose, fatigue, fever, cold",General Physician
"neck stiffness, knee pain, joint pain, wrist injury",Orthopedic
"blocked nose, ear discharge, throat infection",ENT
"knee pain, difficulty walking, back pain",Orthopedic
"depressed mood, overthinking, anxiety, suicidal thoughts",Psychiatrist
"insomnia, trauma flashbacks, social anxiety",Psychiatrist
"diarrhea, child cough, child fever, fast breathing",Pediatrician
"cough, cold",General Physician
"persistent fatigue, persistent bone pain, loss of appetite, abdominal swelling",Oncologist
"eye discharge, eye strain headache",Ophthalmologist
"spotting, vaginal infection, missed period",Gynecologist
"burning urination, testicular swelling, back pain near kidneys, frequent urination",Urologist
"psoriasis, redness, hair fall, dry skin",Dermatologist
"reduced urine flow, frequent urination, difficulty starting urination",Urologist
"irregular periods, pcos symptoms, pelvic pain, white discharge",Gynecologist
"confusion, numbness, one sided weakness, balance problem",Neurologist
"sinus pain, allergic rhinitis, ear pain, blocked nose",ENT
"sensitivity to light, itchy eyes, difficulty seeing far",Ophthalmologist
"bloating, diarrhea",Gastroenterologist
"dizziness, sore throat",General Physician
"fast breathing, vaccination query, child fever, blocked nose",Pediatrician
"difficulty walking, wrist injury, joint pain",Orthopedic
"child stomach pain, dehydration, child wheezing",Pediatrician
"night vision problem, difficulty seeing far, red eye",Ophthalmologist
"fainting, blurred vision with headache, severe headache",Neurologist
"shoulder pain, wrist injury",Orthopedic
"red eye, double vision, blurred vision",Ophthalmologist
"pelvic pain, pregnancy nausea, pcos symptoms",Gynecologist
"vertigo, blocked nose",ENT
"baby vomiting, ear pain, dehydration, blocked nose",Pediatrician
"loss of appetite, runny nose",General Physician
"dizziness, chest tightness",Cardiologist
"blurred vision, eye strain headache, eye discharge",Ophthalmologist
"blocked nose, rash with fever, baby vomiting",Pediatrician
"constipation, acidity, nausea",Gastroenterologist
"mild fever, dizziness",General Physician
"rash with fever, diarrhea",Pediatrician
"loss of appetite, headache, runny nose",General Physician
"breathlessness at night, shortness of breath",Cardiologist
"bloating, loss of appetite, acidity",Gastroenterologist
"period cramps, spotting",Gynecologist
"foreign body sensation, dry eyes, night vision problem",Ophthalmologist
"mild fever, chills, weakness, body ache",General Physician
"lower abdominal pain urination, groin pain",Urologist
"sprain, muscle strain, arthritis",Orthopedic
"rapid heartbeat, fatigue with breathlessness, high blood pressure, dizziness",Cardiologist
"skin allergy, skin rash",Dermatologist
"painful periods, pcos symptoms, pelvic pain",Gynecologist
"dehydration, child cough",Pediatrician
"vomiting, food poisoning, stomach cramps",Gastroenterologist
"lower abdominal pain urination, testicular swelling, reduced urine flow, painful urination with fever",Urologist
"sinus pain, swollen neck glands, loss of voice",ENT
"cold, mild fever, runny nose",General Physician
"palpitations, fatigue with breathlessness",Cardiologist
"body ache, fever, headache",General Physician
"pressure in chest, irregular heartbeat, leg swelling",Cardiologist
"hearing loss, swollen neck glands, ear discharge, blocked nose",ENT
"nausea, abdominal pain, food poisoning, indigestion",Gastroenterologist
"loss of appetite, headache, fatigue",General Physician
"one sided weakness, severe headache, memory loss, neck pain radiating",Neurologist
"cavity pain, jaw pain, mouth ulcer",Dentist
"watering eyes, red eye, sensitivity to light",Ophthalmologist
"heavy bleeding, period cramps, white discharge",Gynecologist
"dizziness, shortness of breath",Cardiologist
"pressure in chest, irregular heartbeat",Cardiologist
"nose bleeding, ear discharge, sinus pain",ENT
"lower back pain radiating, neck stiffness, shoulder pain",Orthopedic
"bleeding while brushing, gum swelling",Dentist
"broken tooth, bleeding gums, gum swelling, bad breath",Dentist
"seizure, neck pain radiating, dizziness",Neurologist
"abdominal pain, constipation, heartburn, food poisoning",Gastroenterologist
"abdominal pain, blood in stool, bloating",Gastroenterologist
"addiction, hallucinations, overthinking",Psychiatrist
"pressure in chest, sweating, leg swelling",Cardiologist
"painful periods, itching, postpartum bleeding",Gynecologist
"hallucinations, addiction, insomnia, depressed mood",Psychiatrist
"unexplained weight loss, difficulty swallowing, blood in cough",Oncologist
"eye discharge, difficulty seeing far, night vision problem, swollen eyelid",Ophthalmologist
"cold, headache, flu",General Physician
"night urination, urinary urgency",Urologist
"watering eyes, eye discharge, sensitivity to light",Ophthalmologist
"hair fall, eczema, redness",Dermatologist
"eye strain headache, red eye, watering eyes, swollen eyelid",Ophthalmologist
"memory loss, balance problem, numbness",Neurologist
"dandruff, boils, ringworm",Dermatologist
"sore throat, runny nose, sinus pain",ENT
"shoulder pain, back pain, wrist injury, joint pain",Orthopedic
"tremor, fainting, one sided weakness, neck pain radiating",Neurologist
"hearing loss, sinus pain, blocked nose, sore throat",ENT
"persistent cough, swollen lymph nodes, persistent hoarseness",Oncologist
"irregular heartbeat, shortness of breath",Cardiologist
"anger issues, hallucinations, insomnia, overthinking",Psychiatrist
"social anxiety, depressed mood, anxiety",Psychiatrist
"sensitivity to light, foreign body sensation",Ophthalmologist
"blood in stool, diarrhea",Gastroenterologist
"arthritis, shoulder pain",Orthopedic
"tremor, seizure, dizziness, speech difficulty",Neurologist
"ear pain, rash with fever, vaccination query, child sore throat",Pediatrician
"swollen neck glands, hearing loss, ear discharge",ENT
"breathlessness at night, left arm pain, dizziness",Cardiologist
"skin allergy, psoriasis, ringworm, acne",Dermatologist
"blurred vision with headache, speech difficulty, fainting",Neurologist
"ringworm, acne, psoriasis",Dermatologist
"fainting, rapid heartbeat, palpitations",Cardiologist
"gas, constipation",Gastroenterologist
"night vision problem, eye pain, double vision",Ophthalmologist
"neck pain radiating, memory loss, tremor",Neurologist
"speech difficulty, balance problem, dizziness",Neurologist
"panic attacks, hallucinations, trauma flashbacks",Psychiatrist
"memory loss, severe headache",Neurologist
"irregular heartbeat, palpitations, pressure in chest",Cardiologist
"skin allergy, redness",Dermatologist
"swelling, knee pain, bone pain",Orthopedic
"fainting, left arm pain, sweating, shortness of breath",Cardiologist
"constipation, heartburn, food poisoning, indigestion",Gastroenterologist
"child sore throat, diarrhea, dehydration",Pediatrician
"abdominal swelling, blood in cough, swollen lymph nodes",Oncologist
"sensitivity to light, dry eyes, eye discharge",Ophthalmologist
"persistent bone pain, unusual bleeding, persistent fatigue",Oncologist
"urine leakage, urinary urgency, painful urination with fever, urine infection",Urologist
"itchy eyes, blurred vision, swollen eyelid",Ophthalmologist
"throat infection, ringing in ear, nose bleeding",ENT
"red eye, eye pain, double vision, sensitivity to light",Ophthalmologist
"ear pain, hearing loss, ear discharge, loss of voice",ENT
"fracture, hip pain, knee pain, shoulder pain",Orthopedic
"pelvic pain, irregular periods, spotting, pcos symptoms",Gynecologist
"baby vomiting, child fever, newborn feeding issue, blocked nose",Pediatrician
"urine leakage, groin pain, night urination, painful urination with fever",Urologist
"painful urination with fever, urine leakage",Urologist
"fatigue with breathlessness, chest tightness, breathlessness at night",Cardiologist
"redness, skin allergy, hives",Dermatologist
"painful periods, missed period",Gynecologist
"lower abdominal pain, vaginal infection, pcos symptoms",Gynecologist
"tremor, one sided weakness",Neurologist
"irregular heartbeat, fainting",Cardiologist
"stomach cramps, jaundice, gas",Gastroenterologist
"difficulty seeing far, red eye, sensitivity to light",Ophthalmologist
"cough, mild fever, cold",General Physician
"night vision problem, red eye",Ophthalmologist
"dandruff, hives, redness",Dermatologist
"urine infection, kidney stone pain",Urologist
"unusual bleeding, swollen lymph nodes, difficulty swallowing",Oncologist
"child stomach pain, child cough",Pediatrician
"difficulty swallowing, abdominal swelling, non healing ulcer, loss of appetite",Oncologist
"double vision, night vision problem, itchy eyes, sensitivity to light",Ophthalmologist
"weakness, fatigue, cough",General Physician
"loss of appetite, breast lump",Oncologist
"runny nose, weakness",General Physician
"jaundice, abdominal pain, nausea",Gastroenterologist
"pigmentation, eczema",Dermatologist
"dizziness, leg swelling, sweating, left arm pain",Cardiologist
"pregnancy nausea, postpartum bleeding",Gynecologist
"hair fall, acne",Dermatologist
"frequent urination, difficulty starting urination, testicular swelling",Urologist
"mild fever, runny nose, cough",General Physician
"breast tenderness, spotting, pelvic pain",Gynecologist
"dehydration, vaccination query, baby vomiting",Pediatrician
"frequent urination, groin pain, urine infection",Urologist
"persistent cough, breast lump",Oncologist
"depressed mood, social anxiety",Psychiatrist
"watering eyes, swollen eyelid, red eye, night vision problem",Ophthalmologist
"left arm pain, rapid heartbeat, breathlessness at night",Cardiologist
"severe headache, migraine, dizziness, fainting",Neurologist
"difficulty seeing far, eye pain, night vision problem",Ophthalmologist
"psoriasis, fungal infection, ringworm, itching",Dermatologist
"neck stiffness, joint pain",Orthopedic
"migraine, speech difficulty, blurred vision with headache",Neurologist
"hearing loss, ear discharge, swollen neck glands, loss of voice",ENT
"bleeding gums, pus near gum, tooth pain with headache",Dentist
"child stomach pain, blocked nose, ear pain, child cough",Pediatrician
"chest tightness, shortness of breath, left arm pain",Cardiologist
"throat infection, ringing in ear, loss of voice",ENT
"neck pain radiating, fainting",Neurologist
"blurred vision, red eye, swollen eyelid",Ophthalmologist
"low grade fever, runny nose",General Physician
"allergic rhinitis, sore throat, nose bleeding",ENT
"bad breath, pus near gum, pain while chewing",Dentist
"missed period, heavy bleeding, white discharge",Gynecologist
"double vision, sensitivity to light, watering eyes, eye pain",Ophthalmologist
"irregular heartbeat, dizziness, chest pain",Cardiologist
"heartburn, nausea",Gastroenterologist
"trauma flashbacks, difficulty concentrating, panic attacks",Psychiatrist
"pressure in chest, left arm pain, palpitations",Cardiologist
"difficulty swallowing, breast lump, blood in cough",Oncologist
"blurred vision, difficulty seeing far, sensitivity to light, double vision",Ophthalmologist
"boils, skin rash, pigmentation",Dermatologist
"fatigue with breathlessness, leg swelling",Cardiologist
"acne, eczema, psoriasis, skin rash",Dermatologist
"fatigue with breathlessness, breathlessness at night, rapid heartbeat",Cardiologist
"itching, pcos symptoms, breast tenderness, lower abdominal pain",Gynecologist
"sore throat, throat infection, allergic rhinitis",ENT
"gum swelling, pain while chewing, bleeding while brushing",Dentist
"persistent hoarseness, persistent fatigue, non healing ulcer",Oncologist
"abdominal swelling, persistent cough, difficulty swallowing",Oncologist
"baby constipation, child sore throat",Pediatrician
"stress, anxiety, trauma flashbacks, mood swings",Psychiatrist
"dry eyes, blurred vision, night vision problem",Ophthalmologist
"knee pain, hip pain, fracture",Orthopedic
"throat infection, ringing in ear, nose bleeding, vertigo",ENT
"flu, low grade fever, cold, fever",General Physician
"cavity pain, mouth ulcer, swollen gums",Dentist
"stomach cramps, acidity",Gastroenterologist
"blood in stool, persistent cough, night sweats",Oncologist
"vomiting, nausea",Gastroenterologist
"hallucinations, panic attacks, overthinking",Psychiatrist
"painful urination with fever, blood in urine",Urologist
"difficulty starting urination, testicular swelling, painful urination with fever",Urologist
"stress, insomnia, mood swings, trauma flashbacks",Psychiatrist
"pcos symptoms, pelvic pain, heavy bleeding, itching",Gynecologist
"loss of appetite, unexplained weight loss, blood in cough",Oncologist
"unexplained weight loss, night sweats",Oncologist
"ear pain, hearing loss, blocked nose, throat infection",ENT
"body ache, low grade fever, headache",General Physician
"bleeding while brushing, jaw pain, broken tooth",Dentist
"swelling, bone pain, hip pain",Orthopedic
"migraine, tremor, memory loss",Neurologist
"urinary urgency, difficulty starting urination",Urologist
"bad breath, cavity pain, bleeding gums",Dentist
"swelling, lower back pain radiating, fracture, bone pain",Orthopedic
"blurred vision with headache, numbness, speech difficulty",Neurologist
"tonsillitis, ringing in ear, ear discharge, throat infection",ENT
"runny nose, allergic rhinitis",ENT
"leg swelling, chest pain, rapid heartbeat",Cardiologist
"numbness, tingling, confusion",Neurologist
"memory loss, severe headache",Neurologist
"breast lump, difficulty swallowing, non healing ulcer",Oncologist
"night sweats, persistent hoarseness, difficulty swallowing, abdominal swelling",Oncologist
"fracture, lower back pain radiating",Orthopedic
"shoulder pain, wrist injury, sprain, muscle strain",Orthopedic
"night vision problem, eye pain",Ophthalmologist
"lower back pain radiating, neck stiffness, muscle strain, hip pain",Orthopedic
"fracture, knee pain, sprain, hip pain",Orthopedic
"fatigue with breathlessness, palpitations",Cardiologist
"difficulty seeing far, eye pain, blurred vision",Ophthalmologist
"bloating, jaundice, loss of appetite",Gastroenterologist
"gum swelling, broken tooth, swollen gums, jaw pain",Dentist
"vaccination query, rash with fever, child cough",Pediatrician
"dizziness, migraine, balance problem",Neurologist
"kidney stone pain, difficulty starting urination, frequent urination, groin pain",Urologist
"sore throat, chills, headache",General Physician
"mood swings, hallucinations",Psychiatrist
"confusion, speech difficulty, severe headache",Neurologist
"fungal infection, ringworm, dandruff",Dermatologist
"difficulty starting urination, urinary urgency, testicular swelling, back pain near kidneys",Urologist
"boils, dry skin",Dermatologist
"groin pain, lower abdominal pain urination, urine leakage",Urologist
"pus near gum, pain while chewing, bleeding while brushing",Dentist
"testicular swelling, difficulty starting urination, urine leakage, kidney stone pain",Urologist
"chest tightness, fatigue with breathlessness, fainting",Cardiologist
"heartburn, vomiting, nausea, abdominal pain",Gastroenterologist
"overthinking, social anxiety, anxiety, depressed mood",Psychiatrist
"hair fall, pigmentation, redness",Dermatologist
"diarrhea, newborn feeding issue, child cough",Pediatrician
"rapid heartbeat, high blood pressure, fainting",Cardiologist
"sore throat, low grade fever, cough",General Physician
"chest pain, fatigue with breathlessness",Cardiologist
"dehydration, child cough, rash with fever",Pediatrician
"knee pain, wrist injury, swelling",Orthopedic
"psoriasis, ringworm, eczema",Dermatologist
"unexplained weight loss, night sweats, loss of appetite",Oncologist
"child stomach pain, child wheezing, diarrhea, newborn feeding issue",Pediatrician
"itching, skin rash, skin allergy",Dermatologist
"eye strain headache, sudden vision loss",Ophthalmologist
"blood in cough, unexplained weight loss, persistent hoarseness, non healing ulcer",Oncologist
"chills, cough, low grade fever",General Physician
"vaginal infection, lower abdominal pain, irregular periods, postpartum bleeding",Gynecologist
"ringworm, acne, fungal infection",Dermatologist
"fast breathing, vaccination query",Pediatrician
"constipation, vomiting, blood in stool, gas",Gastroenterologist
"heavy bleeding, pelvic pain, lower abdominal pain, itching",Gynecologist
"redness, hives, dry skin",Dermatologist
"memory loss, severe headache, neck pain radiating, blurred vision with headache",Neurologist
"persistent bone pain, abdominal swelling",Oncologist
"dandruff, boils, hair fall",Dermatologist
"psoriasis, acne",Dermatologist
"runny nose, allergic rhinitis, swollen neck glands",ENT
"blocked nose, diarrhea, baby vomiting",Pediatrician
"jaw pain, bleeding while brushing, tooth pain with headache",Dentist
"sensitivity to light, blurred vision, difficulty seeing far",Ophthalmologist
"ringworm, dry skin, dandruff",Dermatologist
"irregular periods, pregnancy nausea, heavy bleeding",Gynecologist
"dry skin, hair fall, psoriasis",Dermatologist
"weakness, cold, chills, sore throat",General Physician
"difficulty seeing far, night vision problem, itchy eyes",Ophthalmologist
"dehydration, rash with fever, baby constipation, child cough",Pediatrician
"dehydration, child fever, newborn feeding issue",Pediatrician
"difficulty concentrating, hopelessness",Psychiatrist
"left arm pain, fainting, leg swelling",Cardiologist
"cavity pain, jaw pain",Dentist
"speech difficulty, memory loss, blurred vision with headache",Neurologist
"lower back pain radiating, wrist injury, shoulder pain",Orthopedic
"itching, white discharge, pcos symptoms",Gynecologist
"body ache, cold, fever",General Physician
"double vision, sensitivity to light, night vision problem",Ophthalmologist
"dry skin, ringworm, itching",Dermatologist
"mild fever, cold, weakness",General Physician
"mouth ulcer, pus near gum, swollen gums, bleeding gums",Dentist
"heavy bleeding, missed period, lower abdominal pain, itching",Gynecologist
"pus near gum, swollen gums",Dentist
"loss of appetite, mild fever, low grade fever",General Physician
"child stomach pain, rash with fever, child cough",Pediatrician
"persistent bone pain, non healing ulcer, unexplained weight loss, breast lump",Oncologist
"acne, hives, ringworm",Dermatologist
"knee pain, neck stiffness, swelling",Orthopedic
"child sore throat, blocked nose",Pediatrician
"back pain, bone pain, knee pain",Orthopedic
"itchy eyes, difficulty seeing far, blurred vision",Ophthalmologist
"leg swelling, pressure in chest, fatigue with breathlessness",Cardiologist
"diarrhea, nausea, gas",Gastroenterologist
"chest pain, pressure in chest",Cardiologist
"itching, eczema",Dermatologist
"blood in stool, persistent fatigue, unusual bleeding",Oncologist
"non healing ulcer, persistent fatigue, night sweats, breast lump",Oncologist
"leg swelling, pressure in chest, breathlessness at night",Cardiologist
"wisdom tooth pain, gum swelling, swollen gums",Dentist
"vertigo, swollen neck glands",ENT
"baby vomiting, blocked nose, baby constipation, dehydration",Pediatrician
"diarrhea, newborn feeding issue, child fever",Pediatrician
"difficulty swallowing, persistent fatigue",Oncologist
"non healing ulcer, loss of appetite",Oncologist
"leg swelling, sweating, palpitations",Cardiologist
"body ache, low grade fever, fever",General Physician
"runny nose, hearing loss, nose bleeding",ENT
"dizziness, runny nose, mild fever, body ache",General Physician
"foreign body sensation, sudden vision loss",Ophthalmologist
"swollen eyelid, difficulty seeing far, red eye, watering eyes",Ophthalmologist
"dizziness, balance problem",Neurologist
"vaginal infection, breast tenderness",Gynecologist
"numbness, tingling, dizziness",Neurologist
"persistent fatigue, difficulty swallowing, breast lump",Oncologist
"shortness of breath, palpitations, fainting",Cardiologist
"spotting, painful periods, breast tenderness, vaginal infection",Gynecologist
"acne, psoriasis, dandruff",Dermatologist
"vertigo, allergic rhinitis",ENT
"pigmentation, itching, skin rash",Dermatologist
"skin rash, dry skin, itching",Dermatologist
"loss of appetite, flu",General Physician
"vaccination query, child cough, child stomach pain, baby vomiting",Pediatrician
"swollen eyelid, sensitivity to light, eye pain, eye discharge",Ophthalmologist
"breast lump, persistent bone pain",Oncologist
"tonsillitis, nose bleeding",ENT
"seizure, blurred vision with headache, fainting",Neurologist
"child stomach pain, ear pain, rash with fever",Pediatrician
"high blood pressure, rapid heartbeat, dizziness, shortness of breath",Cardiologist
"chest pain, high blood pressure, leg swelling, pressure in chest",Cardiologist
"vaccination query, diarrhea",Pediatrician
"tingling, blurred vision with headache, seizure, speech difficulty",Neurologist
"loss of appetite, fever",General Physician
"swollen lymph nodes, loss of appetite, unexplained weight loss",Oncologist
"child wheezing, vaccination query, child stomach pain",Pediatrician
"pregnancy nausea, painful periods, lower abdominal pain, pcos symptoms",Gynecologist
"runny nose, body ache",General Physician
"frequent urination, painful urination with fever, burning urination",Urologist
"bleeding while brushing, mouth ulcer, tooth pain with headache, bad breath",Dentist
"child sore throat, child cough, ear pain, blocked nose",Pediatrician
"lower abdominal pain, period cramps, pelvic pain",Gynecologist
"pain while chewing, gum swelling, tooth sensitivity",Dentist
"double vision, eye strain headache, watering eyes",Ophthalmologist
"chest tightness, high blood pressure",Cardiologist
"painful urination with fever, kidney stone pain",Urologist
"skin allergy, pigmentation",Dermatologist
"back pain near kidneys, testicular swelling",Urologist
"bad breath, tooth pain with headache, tooth sensitivity",Dentist
"chest pain, dizziness, rapid heartbeat",Cardiologist
"joint pain, fracture",Orthopedic
"fungal infection, hives, psoriasis",Dermatologist
"suicidal thoughts, hallucinations, anger issues",Psychiatrist
"knee pain, wrist injury, bone pain",Orthopedic
"sinus pain, sore throat, allergic rhinitis",ENT
"double vision, eye strain headache, eye discharge, difficulty seeing far",Ophthalmologist
"back pain near kidneys, urinary urgency",Urologist
"tooth sensitivity, gum swelling",Dentist
"breast lump, night sweats, non healing ulcer",Oncologist
"indigestion, nausea, constipation, jaundice",Gastroenterologist
"swollen neck glands, blocked nose, vertigo, loss of voice",ENT
"night sweats, blood in stool",Oncologist
"chills, flu, sore throat",General Physician
"rash with fever, diarrhea",Pediatrician
"missed period, lower abdominal pain",Gynecologist
"back pain near kidneys, difficulty starting urination, lower abdominal pain urination",Urologist
"heartburn, constipation, vomiting, gas",Gastroenterologist
"skin rash, skin allergy, hives",Dermatologist
"ear discharge, allergic rhinitis, runny nose, hearing loss",ENT
"wisdom tooth pain, pus near gum, jaw pain",Dentist
"missed period, vaginal infection, breast tenderness",Gynecologist
"frequent urination, urine leakage, difficulty starting urination",Urologist
"ringworm, fungal infection, itching, psoriasis",Dermatologist
"back pain near kidneys, urinary urgency, lower abdominal pain urination, urine leakage",Urologist
"ringing in ear, ear discharge, vertigo",ENT
"dizziness, numbness, blurred vision with headache",Neurologist
"sore throat, mild fever",General Physician
"knee pain, bone pain, swelling",Orthopedic
"depressed mood, anger issues, hopelessness",Psychiatrist
"blood in urine, urine infection, reduced urine flow, night urination",Urologist
"left arm pain, fatigue with breathlessness, rapid heartbeat, fainting",Cardiologist
"pus near gum, wisdom tooth pain, gum swelling",Dentist
"suicidal thoughts, stress, hopelessness",Psychiatrist
"abdominal swelling, unexplained weight loss, persistent bone pain, blood in stool",Oncologist
"persistent hoarseness, loss of appetite, persistent cough",Oncologist
"mouth ulcer, pain while chewing, pus near gum",Dentist
"sensitivity to light, sudden vision loss, eye strain headache",Ophthalmologist
"sudden vision loss, eye pain, itchy eyes",Ophthalmologist
"abdominal pain, gas, stomach cramps",Gastroenterologist
"ringing in ear, nose bleeding",ENT
"difficulty walking, neck stiffness, bone pain",Orthopedic
"acidity, blood in stool",Gastroenterologist
"swollen gums, wisdom tooth pain, toothache",Dentist
"urinary urgency, urine leakage",Urologist
"acidity, indigestion, vomiting",Gastroenterologist
"non healing ulcer, abdominal swelling, loss of appetite",Oncologist
"sore throat, ear pain, swollen neck glands, sinus pain",ENT
"blocked nose, baby vomiting, child wheezing, fast breathing",Pediatrician
"mouth ulcer, cavity pain, swollen gums, broken tooth",Dentist
"pregnancy nausea, painful periods, postpartum bleeding",Gynecologist
"body ache, cough",General Physician
"dandruff, acne, skin allergy",Dermatologist
"dry skin, fungal infection, eczema",Dermatologist
"anxiety, hallucinations",Psychiatrist
"high blood pressure, chest pain, sweating",Cardiologist
"chest pain, sweating, chest tightness, dizziness",Cardiologist
"blocked nose, ear discharge, tonsillitis",ENT
"frequent urination, kidney stone pain, painful urination with fever",Urologist
"high blood pressure, shortness of breath, breathlessness at night, left arm pain",Cardiologist
"swollen neck glands, tonsillitis, ear pain",ENT
"anxiety, trauma flashbacks, hallucinations",Psychiatrist
"balance problem, tremor, speech difficulty, memory loss",Neurologist
"painful periods, pelvic pain, itching",Gynecologist
"fungal infection, acne, psoriasis, skin rash",Dermatologist
"rapid heartbeat, leg swelling, pressure in chest",Cardiologist
"persistent bone pain, persistent fatigue, abdominal swelling",Oncologist
"hip pain, neck stiffness, sprain, swelling",Orthopedic
"headache, sore throat, fatigue",General Physician
"back pain near kidneys, reduced urine flow, night urination, frequent urination",Urologist
"ringworm, hives, pigmentation",Dermatologist
"wrist injury, hip pain",Orthopedic
"wrist injury, lower back pain radiating, sprain",Orthopedic
"sore throat, body ache",General Physician
"difficulty concentrating, stress, anxiety, social anxiety",Psychiatrist
"period cramps, pregnancy nausea, pelvic pain, white discharge",Gynecologist
"speech difficulty, confusion, tremor",Neurologist
"vertigo, loss of voice",ENT
"dizziness, breathlessness at night, leg swelling",Cardiologist
"sinus pain, tonsillitis, sore throat",ENT
"hallucinations, depressed mood, stress",Psychiatrist
"sudden vision loss, swollen eyelid, itchy eyes",Ophthalmologist
"suicidal thoughts, insomnia, anxiety, social anxiety",Psychiatrist
"addiction, hopelessness, panic attacks",Psychiatrist
"diarrhea, heartburn, food poisoning",Gastroenterologist
"lower back pain radiating, hip pain",Orthopedic
"nose bleeding, blocked nose, ear pain",ENT
"broken tooth, mouth ulcer, bleeding while brushing, tooth sensitivity",Dentist
"fainting, neck pain radiating, one sided weakness",Neurologist
"hopelessness, difficulty concentrating",Psychiatrist
"testicular swelling, back pain near kidneys, urine infection, burning urination",Urologist
"trauma flashbacks, stress, addiction",Psychiatrist
"spotting, vaginal infection",Gynecologist
"tooth pain with headache, bleeding while brushing, mouth ulcer",Dentist
"difficulty concentrating, stress, insomnia, mood swings",Psychiatrist
"back pain near kidneys, reduced urine flow, blood in urine",Urologist
"neck stiffness, muscle strain, shoulder pain, wrist injury",Orthopedic
"persistent fatigue, night sweats, loss of appetite, blood in cough",Oncologist
"lower back pain radiating, knee pain, hip pain",Orthopedic
"mild fever, dizziness",General Physician
"left arm pain, high blood pressure, fainting",Cardiologist
"foreign body sensation, swollen eyelid",Ophthalmologist
"skin allergy, itching, boils",Dermatologist
"left arm pain, breathlessness at night",Cardiologist
"constipation, acidity, heartburn",Gastroenterologist
"overthinking, mood swings",Psychiatrist
"burning urination, urine infection, testicular swelling",Urologist
"heartburn, constipation, diarrhea",Gastroenterologist
"mood swings, hopelessness, stress, trauma flashbacks",Psychiatrist
"pus near gum, pain while chewing, jaw pain, tooth sensitivity",Dentist
"loss of voice, ear discharge, nose bleeding",ENT
"runny nose, fatigue",General Physician
"swollen eyelid, eye strain headache",Ophthalmologist
"pain while chewing, wisdom tooth pain, bleeding while brushing",Dentist
"swollen eyelid, eye pain, red eye",Ophthalmologist
"indigestion, loss of appetite, nausea",Gastroenterologist
"seizure, tingling, fainting, migraine",Neurologist
"runny nose, flu",General Physician
"ringing in ear, sore throat",ENT
"vaginal infection, irregular periods, pelvic pain",Gynecologist
"fever, loss of appetite",General Physician
"runny nose, ringing in ear, loss of voice",ENT
"urine leakage, testicular swelling, painful urination with fever, burning urination",Urologist
"eye strain headache, watering eyes, double vision",Ophthalmologist
"fracture, lower back pain radiating, difficulty walking, sprain",Orthopedic
"blocked nose, vaccination query, child stomach pain",Pediatrician
"blood in stool, diarrhea, bloating",Gastroenterologist
"eczema, dry skin",Dermatologist
"gas, constipation, loss of appetite",Gastroenterologist
"lower abdominal pain, breast tenderness, white discharge",Gynecologist
"blood in urine, groin pain, urine infection, kidney stone pain",Urologist
"ear pain, blocked nose, loss of voice",ENT
"ringing in ear, hearing loss",ENT
"confusion, neck pain radiating, tingling",Neurologist
"back pain near kidneys, testicular swelling, kidney stone pain",Urologist
"swollen gums, broken tooth",Dentist
"hopelessness, depressed mood, addiction",Psychiatrist
"dizziness, tremor, tingling",Neurologist
"swelling, hip pain, muscle strain, neck stiffness",Orthopedic
"period cramps, vaginal infection",Gynecologist
"headache, low grade fever",General Physician
"bleeding gums, broken tooth, bad breath",Dentist
"severe headache, balance problem",Neurologist
"neck pain radiating, fainting, seizure",Neurologist
"dizziness, tremor, memory loss",Neurologist
"lower abdominal pain, missed period, pregnancy nausea",Gynecologist
"missed period, period cramps, lower abdominal pain",Gynecologist
"back pain near kidneys, groin pain, painful urination with fever",Urologist
"mouth ulcer, pain while chewing, bleeding while brushing",Dentist
"pain while chewing, bleeding while brushing, toothache",Dentist
"cold, dizziness",General Physician
"itching, skin allergy, dandruff",Dermatologist
"blocked nose, vertigo, tonsillitis, runny nose",ENT
"psoriasis, itching, hair fall",Dermatologist
"boils, redness",Dermatologist
"high blood pressure, leg swelling, fatigue with breathlessness",Cardiologist
"unexplained weight loss, persistent fatigue, unusual bleeding",Oncologist
"balance problem, severe headache",Neurologist
"mild fever, headache, runny nose, weakness",General Physician
"urinary urgency, blood in urine, frequent urination, lower abdominal pain urination",Urologist
"child fever, diarrhea, rash with fever",Pediatrician
"food poisoning, blood in stool, acidity",Gastroenterologist
"ringing in ear, sore throat, nose bleeding",ENT
"hip pain, wrist injury",Orthopedic
"period cramps, vaginal infection, pcos symptoms, pelvic pain",Gynecologist
"loss of appetite, weakness, chills",General Physician
"headache, fatigue, runny nose, body ache",General Physician
"sprain, bone pain, difficulty walking",Orthopedic
"vomiting, abdominal pain, blood in stool",Gastroenterologist
"insomnia, difficulty concentrating, hallucinations",Psychiatrist
"fatigue, dizziness, cough, low grade fever",General Physician
"dry skin, dandruff, boils, acne",Dermatologist
"cavity pain, bleeding gums, mouth ulcer",Dentist
"weakness, runny nose",General Physician
"fungal infection, itching, hair fall, ringworm",Dermatologist
"numbness, migraine, one sided weakness, fainting",Neurologist
"baby constipation, ear pain, newborn feeding issue, child cough",Pediatrician
"one sided weakness, blurred vision with headache, speech difficulty, migraine",Neurologist
"eye discharge, double vision",Ophthalmologist
"pressure in chest, rapid heartbeat, sweating, fatigue with breathlessness",Cardiologist
"blocked nose, vertigo",ENT
"non healing ulcer, persistent cough",Oncologist
"child fever, vaccination query",Pediatrician
"swollen neck glands, runny nose",ENT
"white discharge, period cramps, pelvic pain",Gynecologist
"swollen lymph nodes, abdominal swelling",Oncologist
"swollen neck glands, vertigo",ENT
"nose bleeding, swollen neck glands, sore throat",ENT
"dizziness, irregular heartbeat, fainting",Cardiologist
"baby constipation, rash with fever, child fever",Pediatrician
"pelvic pain, breast tenderness, pregnancy nausea",Gynecologist
"lower abdominal pain, irregular periods, pcos symptoms",Gynecologist
"bleeding while brushing, broken tooth, tooth pain with headache, cavity pain",Dentist
"night vision problem, sensitivity to light, double vision, difficulty seeing far",Ophthalmologist
"high blood pressure, fainting, leg swelling",Cardiologist
"sweating, breathlessness at night, high blood pressure, chest pain",Cardiologist
"fast breathing, child cough",Pediatrician
"eczema, fungal infection, ringworm",Dermatologist
"pressure in chest, dizziness",Cardiologist
"child wheezing, blocked nose, vaccination query",Pediatrician
"loss of voice, ringing in ear, sore throat, ear pain",ENT
"blood in cough, night sweats, persistent fatigue, persistent hoarseness",Oncologist
"frequent urination, groin pain",Urologist
"non healing ulcer, breast lump",Oncologist
"anxiety, difficulty concentrating",Psychiatrist
"jaundice, stomach cramps",Gastroenterologist
"anger issues, panic attacks, suicidal thoughts",Psychiatrist
"severe headache, one sided weakness, confusion",Neurologist
"knee pain, swelling, arthritis, neck stiffness",Orthopedic
"blocked nose, rash with fever, child cough",Pediatrician
"eye strain headache, sensitivity to light, red eye",Ophthalmologist
"insomnia, suicidal thoughts",Psychiatrist
"flu, loss of appetite",General Physician
"one sided weakness, dizziness, numbness, tremor",Neurologist
"throat infection, sore throat, vertigo, swollen neck glands",ENT
"hives, hair fall, dry skin",Dermatologist
"newborn feeding issue, child cough, baby vomiting",Pediatrician
"ringing in ear, sore throat",ENT
"back pain, difficulty walking, bone pain, joint pain",Orthopedic
"painful periods, pcos symptoms, pelvic pain",Gynecologist
"fainting, irregular heartbeat, leg swelling",Cardiologist
"difficulty swallowing, unexplained weight loss",Oncologist
"chills, loss of appetite, weakness",General Physician
"baby vomiting, dehydration",Pediatrician
"swollen eyelid, double vision, blurred vision",Ophthalmologist
"pregnancy nausea, heavy bleeding, painful periods",Gynecologist
"vaginal infection, spotting, breast tenderness",Gynecologist
"difficulty concentrating, insomnia, anger issues",Psychiatrist
"balance problem, dizziness, tingling",Neurologist
"testicular swelling, painful urination with fever, frequent urination",Urologist
"groin pain, testicular swelling",Urologist
"pelvic pain, period cramps, white discharge",Gynecologist
"itching, pelvic pain, spotting",Gynecologist
"one sided weakness, migraine, fainting",Neurologist
"tonsillitis, loss of voice, sore throat",ENT
"ringing in ear, ear pain, throat infection, sinus pain",ENT
"dizziness, tingling",Neurologist
"newborn feeding issue, fast breathing, ear pain, rash with fever",Pediatrician
"loss of appetite, difficulty swallowing, blood in stool, persistent cough",Oncologist
"sudden vision loss, sensitivity to light, eye discharge, foreign body sensation",Ophthalmologist
"chills, mild fever",General Physician
"testicular swelling, burning urination, blood in urine, urine leakage",Urologist
"sudden vision loss, foreign body sensation",Ophthalmologist
"blurred vision with headache, tingling, fainting",Neurologist
"vaginal infection, spotting, period cramps, pcos symptoms",Gynecologist
"dizziness, sweating, chest tightness, breathlessness at night",Cardiologist
"mild fever, sore throat, body ache, chills",General Physician
"back pain, joint pain, arthritis",Orthopedic
"urine infection, night urination, testicular swelling",Urologist
"blood in cough, unexplained weight loss, unusual bleeding",Oncologist
"gum swelling, swollen gums, bad breath",Dentist
"foreign body sensation, eye discharge, eye pain, double vision",Ophthalmologist
"body ache, flu, runny nose, low grade fever",General Physician
"baby constipation, dehydration, rash with fever, fast breathing",Pediatrician
"swollen lymph nodes, blood in cough, unexplained weight loss",Oncologist
"difficulty starting urination, back pain near kidneys",Urologist
"broken tooth, bleeding while brushing, cavity pain",Dentist
"allergic rhinitis, ringing in ear, ear discharge, swollen neck glands",ENT
"left arm pain, leg swelling, pressure in chest",Cardiologist
"swelling, fracture, back pain",Orthopedic
"food poisoning, jaundice, loss of appetite, acidity",Gastroenterologist
"itching, vaginal infection, painful periods, pelvic pain",Gynecologist
"high blood pressure, left arm pain, palpitations",Cardiologist
"child wheezing, baby constipation, child fever, blocked nose",Pediatrician
"tremor, tingling, fainting",Neurologist
"hives, eczema",Dermatologist
"mouth ulcer, pus near gum, wisdom tooth pain",Dentist
"white discharge, itching",Gynecologist
"chest pain, breathlessness at night, dizziness",Cardiologist
"persistent bone pain, persistent fatigue, loss of appetite, persistent cough",Oncologist
"swollen lymph nodes, abdominal swelling, blood in stool",Oncologist
"newborn feeding issue, ear pain, diarrhea",Pediatrician
"headache, low grade fever, cough, dizziness",General Physician
"burning urination, urinary urgency, groin pain",Urologist
"heavy bleeding, pregnancy nausea",Gynecologist
"trauma flashbacks, suicidal thoughts",Psychiatrist
"stress, addiction, hallucinations",Psychiatrist
"social anxiety, mood swings, insomnia, addiction",Psychiatrist
"loss of appetite, abdominal pain, constipation, nausea",Gastroenterologist
"watering eyes, sudden vision loss",Ophthalmologist
"eye discharge, eye pain",Ophthalmologist
"ear discharge, vertigo, blocked nose",ENT
"eye discharge, red eye, double vision",Ophthalmologist
"cold, loss of appetite, chills",General Physician
"sweating, chest tightness",Cardiologist
"eczema, dandruff, pigmentation, ringworm",Dermatologist
"numbness, severe headache, migraine",Neurologist
"redness, psoriasis, skin rash, pigmentation",Dermatologist
"itching, eczema, hair fall",Dermatologist
"unusual bleeding, persistent fatigue, night sweats",Oncologist
"mild fever, flu",General Physician
"kidney stone pain, urine infection, frequent urination",Urologist
"one sided weakness, severe headache, speech difficulty, fainting",Neurologist
"loss of appetite, cold, weakness",General Physician
"hopelessness, depressed mood, mood swings",Psychiatrist
"fainting, tingling, seizure, dizziness",Neurologist
"itchy eyes, night vision problem",Ophthalmologist
"burning urination, blood in urine",Urologist
"ear pain, child sore throat, child stomach pain, dehydration",Pediatrician
"cold, fatigue",General Physician
"blocked nose, loss of voice, hearing loss",ENT
"rash with fever, child stomach pain",Pediatrician
"arthritis, joint pain, swelling, lower back pain radiating",Orthopedic
"shortness of breath, sweating, chest tightness",Cardiologist
"arthritis, lower back pain radiating, bone pain",Orthopedic
"dandruff, pigmentation, hair fall",Dermatologist
"difficulty concentrating, anxiety",Psychiatrist
"irregular heartbeat, fatigue with breathlessness",Cardiologist
"allergic rhinitis, ear discharge, tonsillitis",ENT
"swollen eyelid, sudden vision loss, dry eyes",Ophthalmologist
"hallucinations, anxiety, hopelessness",Psychiatrist
"dry skin, pigmentation, psoriasis, skin rash",Dermatologist
"fainting, rapid heartbeat, chest pain",Cardiologist
"itching, skin allergy, psoriasis, hives",Dermatologist
"persistent hoarseness, non healing ulcer, night sweats, persistent fatigue",Oncologist
"trauma flashbacks, stress, hallucinations",Psychiatrist
"anxiety, hopelessness, overthinking",Psychiatrist
"confusion, memory loss, dizziness",Neurologist
"ear pain, swollen neck glands, runny nose, allergic rhinitis",ENT
"pcos symptoms, painful periods, itching, postpartum bleeding",Gynecologist
"dizziness, chills, fatigue",General Physician
"child stomach pain, dehydration",Pediatrician
"blood in stool, stomach cramps, vomiting",Gastroenterologist
"heavy bleeding, irregular periods, lower abdominal pain",Gynecologist
"hip pain, shoulder pain, arthritis, bone pain",Orthopedic
"hives, ringworm, eczema, dry skin",Dermatologist
"loss of appetite, swollen lymph nodes, blood in stool, non healing ulcer",Oncologist
"ear discharge, sinus pain",ENT
"indigestion, bloating, acidity, abdominal pain",Gastroenterologist
"confusion, tremor",Neurologist
"gum swelling, swollen gums, pus near gum",Dentist
"ringing in ear, sinus pain, hearing loss",ENT
"severe headache, tingling",Neurologist
"tooth sensitivity, tooth pain with headache, jaw pain, bad breath",Dentist
"psoriasis, acne, skin rash, dandruff",Dermatologist
"bone pain, wrist injury",Orthopedic
"non healing ulcer, unusual bleeding, loss of appetite, night sweats",Oncologist
"body ache, mild fever",General Physician
"difficulty seeing far, watering eyes, sudden vision loss",Ophthalmologist
"ear pain, vertigo, ringing in ear",ENT
"eczema, hives, fungal infection, skin rash",Dermatologist
"fracture, sprain, difficulty walking",Orthopedic
"ringworm, fungal infection, psoriasis",Dermatologist
"swelling, knee pain, arthritis",Orthopedic
"lower abdominal pain, pregnancy nausea, painful periods",Gynecologist
"one sided weakness, balance problem",Neurologist
"urine leakage, groin pain, lower abdominal pain urination",Urologist
"nausea, heartburn, gas",Gastroenterologist
"diarrhea, dehydration, child stomach pain",Pediatrician
"dizziness, confusion, migraine",Neurologist
"fast breathing, diarrhea, ear pain, child fever",Pediatrician
"eye strain headache, blurred vision, eye pain, swollen eyelid",Ophthalmologist
"vaginal infection, white discharge",Gynecologist
"skin rash, hair fall, eczema, dandruff",Dermatologist
"urinary urgency, lower abdominal pain urination, back pain near kidneys, blood in urine",Urologist
"blood in stool, vomiting, gas",Gastroenterologist
"baby vomiting, blocked nose, newborn feeding issue",Pediatrician
"diarrhea, indigestion, abdominal pain, gas",Gastroenterologist
"blood in stool, breast lump, blood in cough",Oncologist
"cold, runny nose, sore throat, loss of appetite",ENT
"severe headache, migraine",Neurologist
"dry skin, redness, fungal infection",Dermatologist
"night sweats, difficulty swallowing, persistent fatigue, blood in cough",Oncologist
"difficulty swallowing, persistent fatigue",Oncologist
"testicular swelling, urinary urgency",Urologist
"kidney stone pain, urine leakage, urinary urgency",Urologist
"pigmentation, skin allergy, redness, boils",Dermatologist
"fatigue with breathlessness, fainting, breathlessness at night",Cardiologist
"vomiting, nausea, acidity",Gastroenterologist
"anger issues, hopelessness",Psychiatrist
"blocked nose, baby constipation, rash with fever",Pediatrician
"lower abdominal pain, white discharge, heavy bleeding",Gynecologist
"testicular swelling, burning urination, lower abdominal pain urination",Urologist
"nose bleeding, tonsillitis, sore throat, ringing in ear",ENT
"sensitivity to light, night vision problem, dry eyes, blurred vision",Ophthalmologist
"stress, hopelessness",Psychiatrist
"hair fall, dry skin, skin rash",Dermatologist
"ear discharge, runny nose, ringing in ear",ENT
"chest tightness, dizziness, high blood pressure, fainting",Cardiologist
"blood in cough, unusual bleeding, non healing ulcer, persistent hoarseness",Oncologist
"breast lump, loss of appetite, persistent hoarseness",Oncologist
"joint pain, arthritis, muscle strain, wrist injury",Orthopedic
"night sweats, persistent cough, non healing ulcer",Oncologist
"shortness of breath, fatigue with breathlessness, high blood pressure",Cardiologist
"headache, mild fever, fever",General Physician
"body ache, sore throat",General Physician
"sensitivity to light, swollen eyelid, foreign body sensation, eye pain",Ophthalmologist
"allergic rhinitis, vertigo, ear discharge",ENT
"tooth sensitivity, mouth ulcer, swollen gums",Dentist
"constipation, abdominal pain, heartburn, blood in stool",Gastroenterologist
"arthritis, bone pain, difficulty walking",Orthopedic
"itching, pregnancy nausea, missed period",Gynecologist
"fainting, irregular heartbeat",Cardiologist
"insomnia, anger issues",Psychiatrist
"tooth sensitivity, mouth ulcer, jaw pain, bad breath",Dentist
"broken tooth, wisdom tooth pain, pain while chewing",Dentist
"heavy bleeding, itching, vaginal infection",Gynecologist
"hearing loss, throat infection",ENT
"lower abdominal pain urination, frequent urination, difficulty starting urination, urine infection",Urologist
"lower back pain radiating, arthritis, difficulty walking, wrist injury",Orthopedic
"abdominal pain, gas, bloating, blood in stool",Gastroenterologist
"diarrhea, newborn feeding issue, child fever",Pediatrician
"suicidal thoughts, difficulty concentrating",Psychiatrist
"chest tightness, left arm pain, pressure in chest",Cardiologist
"fast breathing, baby constipation, ear pain",Pediatrician
"ringworm, acne",Dermatologist
"tooth pain with headache, tooth sensitivity, gum swelling, swollen gums",Dentist
"palpitations, chest tightness, fainting",Cardiologist
"child wheezing, rash with fever, child sore throat",Pediatrician
"itching, white discharge, postpartum bleeding",Gynecologist
"postpartum bleeding, pelvic pain, heavy bleeding",Gynecologist
"tooth pain with headache, toothache, swollen gums",Dentist
"wrist injury, back pain",Orthopedic
"ear pain, child fever, vaccination query",Pediatrician
"wisdom tooth pain, pain while chewing, bad breath",Dentist
"hip pain, difficulty walking, fracture",Orthopedic
"skin rash, ringworm, skin allergy",Dermatologist
"trauma flashbacks, mood swings, hopelessness",Psychiatrist
"swollen eyelid, eye pain, sudden vision loss",Ophthalmologist
"memory loss, tremor, neck pain radiating, confusion",Neurologist
"watering eyes, double vision, red eye",Ophthalmologist
"social anxiety, anger issues",Psychiatrist
"blood in stool, abdominal pain, food poisoning",Gastroenterologist
"child wheezing, child sore throat, rash with fever",Pediatrician
"unexplained weight loss, blood in cough, persistent fatigue",Oncologist
"painful periods, pelvic pain, itching",Gynecologist
"dandruff, fungal infection",Dermatologist
"sore throat, allergic rhinitis, sinus pain",ENT
"blood in stool, jaundice, bloating",Gastroenterologist
"shortness of breath, pressure in chest",Cardiologist
"broken tooth, swollen gums, toothache",Dentist
"weakness, cold, dizziness",General Physician
"jaundice, abdominal pain, bloating",Gastroenterologist
"fungal infection, ringworm, pigmentation",Dermatologist
"palpitations, fatigue with breathlessness, leg swelling",Cardiologist
"sprain, swelling",Orthopedic
"baby constipation, diarrhea, rash with fever, child stomach pain",Pediatrician
"shoulder pain, knee pain",Orthopedic
"neck pain radiating, tremor, numbness",Neurologist
"toothache, cavity pain, tooth pain with headache",Dentist
"ear pain, child cough",Pediatrician
"toothache, wisdom tooth pain, cavity pain, bleeding gums",Dentist
"back pain near kidneys, burning urination, groin pain, reduced urine flow",Urologist
"throat infection, sore throat, tonsillitis",ENT
"fatigue with breathlessness, chest tightness",Cardiologist
"tremor, one sided weakness, memory loss, confusion",Neurologist
"tonsillitis, hearing loss, ear discharge",ENT
"heavy bleeding, vaginal infection",Gynecologist
"overthinking, insomnia, suicidal thoughts, hopelessness",Psychiatrist
"arthritis, hip pain, shoulder pain, sprain",Orthopedic
"irregular periods, postpartum bleeding",Gynecologist
"chest tightness, rapid heartbeat, fatigue with breathlessness",Cardiologist
"tremor, numbness, blurred vision with headache, balance problem",Neurologist
"fainting, neck pain radiating, confusion, tingling",Neurologist
"urine infection, painful urination with fever",Urologist
"gas, diarrhea, bloating",Gastroenterologist
"fast breathing, baby vomiting, child cough",Pediatrician
"watering eyes, itchy eyes, blurred vision",Ophthalmologist
"toothache, bleeding gums, broken tooth",Dentist
"fungal infection, ringworm, eczema",Dermatologist
"low grade fever, mild fever, fatigue, dizziness",General Physician
"toothache, pain while chewing",Dentist
"severe headache, neck pain radiating, tremor",Neurologist
"swollen eyelid, eye pain, itchy eyes, sudden vision loss",Ophthalmologist
"jaw pain, swollen gums",Dentist
"confusion, tingling, severe headache, balance problem",Neurologist
"dizziness, high blood pressure",Cardiologist
"skin allergy, dry skin, ringworm",Dermatologist
"acidity, loss of appetite, stomach cramps",Gastroenterologist
"persistent bone pain, unusual bleeding, persistent hoarseness, persistent fatigue",Oncologist
"ringworm, skin allergy, hives",Dermatologist
"diarrhea, fast breathing, vaccination query, dehydration",Pediatrician
"shortness of breath, fatigue with breathlessness, high blood pressure",Cardiologist
"painful urination with fever, night urination",Urologist
"pressure in chest, rapid heartbeat, dizziness, palpitations",Cardiologist
"jaw pain, pus near gum, bad breath",Dentist
"insomnia, anger issues, panic attacks",Psychiatrist
"mood swings, stress, addiction",Psychiatrist
"breathlessness at night, fatigue with breathlessness, irregular heartbeat",Cardiologist
"ear pain, vaccination query, baby constipation",Pediatrician
"unexplained weight loss, unusual bleeding, persistent fatigue, blood in cough",Oncologist
"pus near gum, bleeding gums",Dentist
"loss of appetite, food poisoning, constipation",Gastroenterologist
"insomnia, hallucinations, depressed mood",Psychiatrist
"hopelessness, panic attacks",Psychiatrist
"ringing in ear, loss of voice, tonsillitis",ENT
"fracture, sprain",Orthopedic
"blood in urine, urinary urgency",Urologist
"mouth ulcer, gum swelling, bad breath",Dentist
"sore throat, ringing in ear, hearing loss",ENT
"red eye, double vision, eye pain",Ophthalmologist
"diarrhea, loss of appetite",Gastroenterologist
"heartburn, abdominal pain, diarrhea, gas",Gastroenterologist
"fungal infection, skin rash, itching",Dermatologist
"fracture, wrist injury, swelling, sprain",Orthopedic
"skin rash, itching, ringworm",Dermatologist
"skin allergy, pigmentation, fungal infection, dry skin",Dermatologist
"dandruff, itching, boils",Dermatologist
"persistent bone pain, difficulty swallowing, abdominal swelling, persistent cough",Oncologist
"newborn feeding issue, child wheezing, vaccination query",Pediatrician
"abdominal swelling, swollen lymph nodes, persistent fatigue",Oncologist
"bad breath, pus near gum, pain while chewing, gum swelling",Dentist
"urinary urgency, groin pain, difficulty starting urination, back pain near kidneys",Urologist
"itching, ringworm",Dermatologist
"difficulty concentrating, anxiety, hopelessness",Psychiatrist
"mood swings, hallucinations, anxiety",Psychiatrist
"acidity, jaundice",Gastroenterologist
"headache, runny nose, flu, chills",General Physician
"swollen neck glands, ringing in ear, throat infection",ENT
"pcos symptoms, painful periods",Gynecologist
"chills, fever, cold",General Physician
"itching, breast tenderness, heavy bleeding, postpartum bleeding",Gynecologist
"loss of voice, runny nose",ENT
"mouth ulcer, jaw pain, broken tooth, tooth sensitivity",Dentist
"child fever, child sore throat, child cough",Pediatrician
"memory loss, fainting, seizure, balance problem",Neurologist
"child fever, vaccination query, baby constipation",Pediatrician
"urinary urgency, painful urination with fever, burning urination",Urologist
"unexplained weight loss, persistent bone pain, unusual bleeding",Oncologist
"persistent hoarseness, unusual bleeding, blood in stool",Oncologist
"mood swings, overthinking",Psychiatrist
"swollen eyelid, eye discharge, itchy eyes, eye strain headache",Ophthalmologist
"bad breath, tooth pain with headache, jaw pain, wisdom tooth pain",Dentist
"runny nose, low grade fever, fever",General Physician
"painful urination with fever, lower abdominal pain urination, burning urination, kidney stone pain",Urologist
"jaundice, gas, abdominal pain",Gastroenterologist
"ear pain, ringing in ear, hearing loss",ENT
"blood in cough, persistent fatigue, abdominal swelling",Oncologist
"fracture, back pain, difficulty walking, bone pain",Orthopedic
"bleeding gums, wisdom tooth pain",Dentist
"bloating, indigestion, food poisoning",Gastroenterologist
"child sore throat, child cough, newborn feeding issue",Pediatrician
"baby vomiting, newborn feeding issue",Pediatrician
"ear pain, fast breathing, baby vomiting",Pediatrician
"fainting, chest pain, sweating",Cardiologist
"sprain, hip pain",Orthopedic
"irregular heartbeat, leg swelling",Cardiologist
"urine leakage, kidney stone pain, frequent urination",Urologist
"night sweats, unusual bleeding, breast lump, unexplained weight loss",Oncologist
"eye pain, sudden vision loss",Ophthalmologist
"lower abdominal pain urination, frequent urination",Urologist
"hearing loss, runny nose",ENT
"persistent cough, swollen lymph nodes, loss of appetite",Oncologist
"throat infection, ringing in ear",ENT
"sprain, shoulder pain, lower back pain radiating",Orthopedic
"unusual bleeding, abdominal swelling",Oncologist
"dehydration, fast breathing, baby constipation, ear pain",Pediatrician
"pain while chewing, tooth sensitivity, bad breath",Dentist
"psoriasis, boils",Dermatologist
"pelvic pain, white discharge, breast tenderness",Gynecologist
"blurred vision with headache, memory loss",Neurologist
"newborn feeding issue, rash with fever, diarrhea",Pediatrician
"depressed mood, mood swings",Psychiatrist
"child stomach pain, fast breathing",Pediatrician
"toothache, pus near gum, bleeding gums, bad breath",Dentist
"chills, weakness, headache, mild fever",General Physician
"sore throat, tonsillitis, loss of voice",ENT
"vaccination query, diarrhea, fast breathing",Pediatrician
"child wheezing, child cough",Pediatrician
"shortness of breath, dizziness, rapid heartbeat, breathlessness at night",Cardiologist
"itchy eyes, red eye, eye discharge",Ophthalmologist
"itching, eczema",Dermatologist
"back pain near kidneys, groin pain, blood in urine",Urologist
"addiction, anxiety, anger issues",Psychiatrist
"sore throat, runny nose, swollen neck glands",ENT
"white discharge, period cramps",Gynecologist
"loss of appetite, persistent hoarseness, night sweats",Oncologist
"pus near gum, bad breath, cavity pain, jaw pain",Dentist
"abdominal pain, heartburn, jaundice",Gastroenterologist
"hair fall, acne",Dermatologist
"tooth pain with headache, wisdom tooth pain, bad breath, toothache",Dentist
"knee pain, muscle strain, bone pain, fracture",Orthopedic
"unexplained weight loss, swollen lymph nodes, unusual bleeding",Oncologist
"dizziness, fainting",Neurologist
"hives, dandruff, ringworm",Dermatologist
"loss of appetite, abdominal pain, acidity",Gastroenterologist
"pain while chewing, pus near gum, mouth ulcer",Dentist
"stomach cramps, indigestion",Gastroenterologist
"bleeding while brushing, cavity pain, toothache",Dentist
"kidney stone pain, frequent urination, urinary urgency, painful urination with fever",Urologist
"frequent urination, painful urination with fever",Urologist
"fainting, shortness of breath",Cardiologist
"bloating, food poisoning, abdominal pain, nausea",Gastroenterologist
"left arm pain, chest pain, pressure in chest, palpitations",Cardiologist
"hearing loss, loss of voice",ENT
"loss of voice, allergic rhinitis, tonsillitis, ringing in ear",ENT
"bleeding while brushing, pain while chewing, swollen gums",Dentist
"burning urination, frequent urination",Urologist
"fracture, arthritis, lower back pain radiating",Orthopedic
"diarrhea, rash with fever, blocked nose, vaccination query",Pediatrician
"urine leakage, difficulty starting urination, testicular swelling",Urologist
"fast breathing, baby vomiting, diarrhea, dehydration",Pediatrician
"burning urination, groin pain",Urologist
"loss of appetite, unexplained weight loss, night sweats, abdominal swelling",Oncologist
"urinary urgency, urine leakage, testicular swelling",Urologist
"diarrhea, newborn feeding issue, child stomach pain",Pediatrician
"night sweats, difficulty swallowing, unusual bleeding, blood in cough",Oncologist
"heartburn, loss of appetite, indigestion",Gastroenterologist
"loss of voice, allergic rhinitis, nose bleeding",ENT
"non healing ulcer, unusual bleeding",Oncologist
"urinary urgency, night urination",Urologist
"ear pain, throat infection, loss of voice",ENT
"low grade fever, dizziness, chills, cough",General Physician
"depressed mood, hallucinations, suicidal thoughts",Psychiatrist
"swelling, knee pain, neck stiffness, bone pain",Orthopedic
"unusual bleeding, night sweats, swollen lymph nodes, unexplained weight loss",Oncologist
"severe headache, tremor, migraine",Neurologist
"lower abdominal pain urination, blood in urine",Urologist
"persistent cough, breast lump",Oncologist
"shoulder pain, sprain, back pain",Orthopedic
"foreign body sensation, eye strain headache, blurred vision, double vision",Ophthalmologist
"anxiety, anger issues, panic attacks",Psychiatrist
"hopelessness, insomnia, addiction",Psychiatrist
"skin allergy, boils, hives",Dermatologist
"dizziness, confusion, one sided weakness, memory loss",Neurologist
"lower abdominal pain urination, burning urination, difficulty starting urination",Urologist
"high blood pressure, rapid heartbeat, fainting",Cardiologist
"night vision problem, watering eyes",Ophthalmologist
"leg swelling, fainting",Cardiologist
"fast breathing, ear pain",Pediatrician
"eczema, psoriasis, acne",Dermatologist
"neck stiffness, wrist injury, difficulty walking",Orthopedic
"difficulty swallowing, persistent cough, abdominal swelling, swollen lymph nodes",Oncologist
"postpartum bleeding, pelvic pain, spotting, period cramps",Gynecologist
"suicidal thoughts, stress",Psychiatrist
"palpitations, chest pain, fainting",Cardiologist
"tonsillitis, loss of voice, sinus pain, ear pain",ENT
"cold, fever, body ache",General Physician
"cavity pain, bleeding gums, tooth sensitivity",Dentist
"food poisoning, stomach cramps, loss of appetite, vomiting",Gastroenterologist
"abdominal swelling, persistent fatigue, unexplained weight loss",Oncologist
"fainting, shortness of breath, irregular heartbeat",Cardiologist
"swollen neck glands, throat infection, allergic rhinitis",ENT
"gas, stomach cramps, diarrhea",Gastroenterologist
"persistent cough, swollen lymph nodes",Oncologist
"hopelessness, panic attacks, suicidal thoughts",Psychiatrist
"tremor, severe headache",Neurologist
"panic attacks, difficulty concentrating, overthinking",Psychiatrist
"tonsillitis, hearing loss",ENT
"period cramps, postpartum bleeding, breast tenderness",Gynecologist
"difficulty swallowing, persistent bone pain, loss of appetite, blood in stool",Oncologist
"overthinking, trauma flashbacks, addiction",Psychiatrist
"anxiety, social anxiety, insomnia",Psychiatrist
"dizziness, chest tightness, irregular heartbeat",Cardiologist
"night vision problem, itchy eyes",Ophthalmologist
"child stomach pain, baby constipation",Pediatrician
"kidney stone pain, urinary urgency, frequent urination, difficulty starting urination",Urologist
"dandruff, itching, pigmentation, boils",Dermatologist
"chills, flu, fatigue, dizziness",General Physician
"persistent hoarseness, unusual bleeding, swollen lymph nodes",Oncologist
"neck stiffness, muscle strain",Orthopedic
"persistent bone pain, abdominal swelling",Oncologist
"shoulder pain, fracture, joint pain",Orthopedic
"dandruff, pigmentation, ringworm, hives",Dermatologist
"constipation, loss of appetite, bloating, heartburn",Gastroenterologist
"rash with fever, diarrhea, vaccination query, dehydration",Pediatrician
"cold, body ache, low grade fever",General Physician
"red eye, watering eyes, sudden vision loss",Ophthalmologist
"seizure, blurred vision with headache, migraine, balance problem",Neurologist
"chest tightness, palpitations, left arm pain",Cardiologist
"weakness, body ache, sore throat",General Physician
"bone pain, joint pain, neck stiffness",Orthopedic
"difficulty seeing far, sensitivity to light, eye discharge",Ophthalmologist
"bad breath, bleeding while brushing, tooth sensitivity",Dentist
"dry skin, boils, skin allergy",Dermatologist
"hip pain, lower back pain radiating",Orthopedic
"pain while chewing, bleeding while brushing, pus near gum",Dentist
"toothache, wisdom tooth pain, mouth ulcer",Dentist
"postpartum bleeding, period cramps, lower abdominal pain",Gynecologist
"pressure in chest, chest pain, shortness of breath, breathlessness at night",Cardiologist
"hives, boils, psoriasis",Dermatologist
"swollen lymph nodes, persistent hoarseness, blood in cough",Oncologist
"abdominal pain, stomach cramps, heartburn",Gastroenterologist
"acidity, nausea, diarrhea",Gastroenterologist
"skin allergy, psoriasis, skin rash",Dermatologist
"heavy bleeding, period cramps, pcos symptoms",Gynecologist
"flu, low grade fever, dizziness",General Physician
"neck pain radiating, tremor, seizure",Neurologist
"addiction, anxiety, trauma flashbacks, depressed mood",Psychiatrist
"wrist injury, swelling, arthritis",Orthopedic
"cold, headache, body ache",General Physician
"fainting, migraine, neck pain radiating",Neurologist
"panic attacks, depressed mood, difficulty concentrating, social anxiety",Psychiatrist
"child sore throat, blocked nose",Pediatrician
"groin pain, urinary urgency, kidney stone pain",Urologist
"eye strain headache, itchy eyes, blurred vision",Ophthalmologist
"suicidal thoughts, addiction, panic attacks, hopelessness",Psychiatrist
"leg swelling, breathlessness at night",Cardiologist
"stomach cramps, indigestion",Gastroenterologist
"back pain near kidneys, urine infection, frequent urination, blood in urine",Urologist
"vertigo, allergic rhinitis, tonsillitis",ENT
"bleeding while brushing, pain while chewing, bleeding gums",Dentist
"blurred vision, eye pain, dry eyes",Ophthalmologist
"itching, heavy bleeding, missed period",Gynecologist
"social anxiety, difficulty concentrating, trauma flashbacks, mood swings",Psychiatrist
"fainting, balance problem, severe headache, tremor",Neurologist
"tremor, one sided weakness, balance problem",Neurologist
"migraine, numbness, confusion, neck pain radiating",Neurologist
"nose bleeding, sore throat, loss of voice",ENT
"breast tenderness, vaginal infection, white discharge",Gynecologist
"watering eyes, blurred vision, swollen eyelid",Ophthalmologist
"eye strain headache, sensitivity to light, red eye",Ophthalmologist
"breathlessness at night, pressure in chest",Cardiologist
"blocked nose, tonsillitis, ringing in ear, sore throat",ENT
"breathlessness at night, sweating, irregular heartbeat",Cardiologist
"double vision, watering eyes, foreign body sensation, sudden vision loss",Ophthalmologist
"fast breathing, child stomach pain, child sore throat",Pediatrician
"breast lump, non healing ulcer, difficulty swallowing",Oncologist
"mood swings, anger issues, social anxiety, addiction",Psychiatrist
"blood in stool, persistent cough, blood in cough",Oncologist
"psoriasis, fungal infection",Dermatologist
"diarrhea, rash with fever, ear pain, blocked nose",Pediatrician
"constipation, loss of appetite, abdominal pain",Gastroenterologist
"dry skin, fungal infection",Dermatologist
"mouth ulcer, gum swelling, cavity pain",Dentist
"cough, low grade fever, chills, loss of appetite",General Physician
"fever, sore throat, low grade fever, runny nose",ENT
"cold, chills, low grade fever, fatigue",General Physician
"fever, sore throat",General Physician
"eye pain, red eye",Ophthalmologist
"persistent cough, abdominal swelling",Oncologist
"one sided weakness, migraine",Neurologist
"urinary urgency, reduced urine flow, blood in urine, back pain near kidneys",Urologist
"swollen eyelid, sudden vision loss, sensitivity to light",Ophthalmologist
"missed period, pelvic pain, painful periods",Gynecologist
"itchy eyes, difficulty seeing far, swollen eyelid, sensitivity to light",Ophthalmologist
"depressed mood, stress, social anxiety",Psychiatrist
"ringing in ear, loss of voice",ENT
"chills, runny nose, headache",General Physician
"shoulder pain, difficulty walking",Orthopedic
"dry eyes, sensitivity to light, sudden vision loss",Ophthalmologist
"blocked nose, child cough, child fever, baby constipation",Pediatrician
"vaginal infection, white discharge, pregnancy nausea",Gynecologist
"migraine, balance problem, fainting",Neurologist
"stress, hallucinations, hopelessness, mood swings",Psychiatrist
"constipation, loss of appetite, food poisoning",Gastroenterologist
"cold, runny nose, dizziness",General Physician
"dry skin, acne, skin allergy",Dermatologist
"confusion, neck pain radiating, migraine",Neurologist
"seizure, migraine, tingling, confusion",Neurologist
"tremor, blurred vision with headache, migraine",Neurologist
"bleeding gums, bad breath, broken tooth, wisdom tooth pain",Dentist
"panic attacks, social anxiety, overthinking",Psychiatrist
"dry eyes, watering eyes",Ophthalmologist
"pain while chewing, gum swelling",Dentist
"migraine, one sided weakness",Neurologist
"neck stiffness, wrist injury",Orthopedic
"ear pain, allergic rhinitis, nose bleeding",ENT
"burning urination, painful urination with fever",Urologist
"vaginal infection, pelvic pain, breast tenderness",Gynecologist
"swollen eyelid, eye pain, sensitivity to light",Ophthalmologist
"back pain, shoulder pain, lower back pain radiating",Orthopedic
"weakness, fatigue, low grade fever",General Physician
"muscle strain, joint pain, fracture",Orthopedic
"burning urination, night urination, testicular swelling",Urologist
"tremor, balance problem, dizziness, fainting",Neurologist
"constipation, food poisoning, jaundice",Gastroenterologist
"persistent hoarseness, unusual bleeding, blood in stool",Oncologist
"runny nose, swollen neck glands",ENT
"vaccination query, fast breathing, newborn feeding issue",Pediatrician
"stomach cramps, food poisoning, jaundice, acidity",Gastroenterologist
"bleeding while brushing, jaw pain, pus near gum",Dentist
"overthinking, suicidal thoughts, depressed mood",Psychiatrist
"balance problem, neck pain radiating",Neurologist
"persistent fatigue, loss of appetite",Oncologist
"frequent urination, urinary urgency, burning urination, night urination",Urologist
"hopelessness, mood swings",Psychiatrist
"overthinking, depressed mood, mood swings",Psychiatrist
"skin rash, boils",Dermatologist
"mild fever, fever, body ache",General Physician
"blood in cough, breast lump",Oncologist
"ear pain, ear discharge, runny nose",ENT
"eye strain headache, watering eyes, swollen eyelid",Ophthalmologist
"bad breath, tooth sensitivity, pus near gum, bleeding while brushing",Dentist
"flu, weakness, fatigue",General Physician
"itchy eyes, watering eyes, red eye",Ophthalmologist
"difficulty walking, joint pain, back pain",Orthopedic
"painful urination with fever, kidney stone pain, testicular swelling",Urologist
"tooth sensitivity, cavity pain, swollen gums, pain while chewing",Dentist
"body ache, mild fever, sore throat",General Physician
"pus near gum, jaw pain, wisdom tooth pain, bleeding gums",Dentist
"sprain, muscle strain, neck stiffness",Orthopedic
"foreign body sensation, dry eyes, itchy eyes",Ophthalmologist
"frequent urination, urinary urgency, painful urination with fever",Urologist
"neck stiffness, bone pain, back pain",Orthopedic
"fatigue with breathlessness, leg swelling",Cardiologist
"sensitivity to light, night vision problem, swollen eyelid",Ophthalmologist
"burning urination, frequent urination, urine leakage, night urination",Urologist
"difficulty seeing far, dry eyes",Ophthalmologist
"dry eyes, eye pain",Ophthalmologist
"pain while chewing, jaw pain",Dentist
"panic attacks, hallucinations",Psychiatrist
"joint pain, fracture, back pain",Orthopedic
"eye strain headache, night vision problem, eye discharge",Ophthalmologist
"sensitivity to light, foreign body sensation, watering eyes",Ophthalmologist
"social anxiety, panic attacks, difficulty concentrating",Psychiatrist
"chest tightness, sweating",Cardiologist
"stomach cramps, nausea, loss of appetite, constipation",Gastroenterologist
"chest pain, fainting",Cardiologist
"fainting, palpitations, dizziness",Cardiologist
"cold, runny nose, dizziness, headache",General Physician
"wisdom tooth pain, tooth sensitivity, tooth pain with headache, gum swelling",Dentist
"severe headache, numbness, confusion, tingling",Neurologist
"balance problem, neck pain radiating, seizure",Neurologist
"difficulty starting urination, urine infection, night urination, lower abdominal pain urination",Urologist
"severe headache, memory loss",Neurologist
"headache, fever, fatigue, loss of appetite",General Physician
"body ache, sore throat, loss of appetite",General Physician
"hearing loss, vertigo, throat infection, loss of voice",ENT
"insomnia, suicidal thoughts",Psychiatrist
"skin allergy, psoriasis, boils",Dermatologist
"lower back pain radiating, bone pain",Orthopedic
"double vision, eye discharge",Ophthalmologist
"fainting, seizure, one sided weakness",Neurologist
"body ache, runny nose, chills",General Physician
"bone pain, neck stiffness, difficulty walking, knee pain",Orthopedic
"runny nose, ear pain, throat infection, ear discharge",ENT
"tingling, tremor, neck pain radiating",Neurologist
"diarrhea, bloating, gas",Gastroenterologist
"lower abdominal pain, breast tenderness, white discharge",Gynecologist
"anger issues, difficulty concentrating, insomnia, stress",Psychiatrist
"sore throat, blocked nose, ear pain",ENT
"balance problem, speech difficulty, memory loss, numbness",Neurologist
"double vision, itchy eyes, eye discharge, difficulty seeing far",Ophthalmologist
"lower abdominal pain urination, urine infection, testicular swelling",Urologist
"bleeding gums, bleeding while brushing, pain while chewing",Dentist
"toothache, mouth ulcer, bad breath, broken tooth",Dentist
"swollen neck glands, sore throat, hearing loss, allergic rhinitis",ENT
"night sweats, persistent fatigue, breast lump, persistent bone pain",Oncologist
"fatigue, body ache, dizziness, loss of appetite",General Physician
"postpartum bleeding, pcos symptoms, white discharge",Gynecologist
"left arm pain, chest tightness, rapid heartbeat",Cardiologist
"skin allergy, boils, acne",Dermatologist
"ringworm, acne, eczema",Dermatologist
"gas, diarrhea",Gastroenterologist
"hearing loss, sinus pain",ENT
"fainting, tremor, dizziness",Neurologist
"balance problem, blurred vision with headache",Neurologist
"muscle strain, lower back pain radiating, swelling",Orthopedic
"wisdom tooth pain, tooth sensitivity, broken tooth, bleeding gums",Dentist
"eye pain, watering eyes, difficulty seeing far",Ophthalmologist
"cold, body ache, headache",General Physician
"child wheezing, child fever, child stomach pain, blocked nose",Pediatrician
"jaw pain, bleeding while brushing, bad breath, swollen gums",Dentist
"pigmentation, hives",Dermatologist
"dizziness, pressure in chest",Cardiologist
"fatigue with breathlessness, irregular heartbeat",Cardiologist
"fast breathing, diarrhea, child cough, child stomach pain",Pediatrician
"eczema, redness, ringworm, dandruff",Dermatologist
"abdominal swelling, unusual bleeding, difficulty swallowing",Oncologist
"persistent hoarseness, difficulty swallowing",Oncologist
"itching, white discharge, missed period, pelvic pain",Gynecologist
"weakness, cough",General Physician
"chest tightness, palpitations, chest pain, left arm pain",Cardiologist
"ringworm, pigmentation, skin allergy",Dermatologist
"pregnancy nausea, itching, missed period",Gynecologist
"child fever, child sore throat",Pediatrician
"mild fever, sore throat, fever",General Physician
"white discharge, pregnancy nausea, pelvic pain",Gynecologist
"migraine, memory loss, tremor",Neurologist
"sudden vision loss, swollen eyelid, blurred vision, red eye",Ophthalmologist
"anger issues, overthinking, insomnia",Psychiatrist
"hallucinations, hopelessness, addiction",Psychiatrist
"cavity pain, tooth pain with headache",Dentist
"chest pain, dizziness, irregular heartbeat",Cardiologist
"urine infection, frequent urination, blood in urine",Urologist
"boils, dry skin, itching, hair fall",Dermatologist
"seizure, memory loss, fainting, tremor",Neurologist
"numbness, blurred vision with headache, memory loss, tingling",Neurologist
"palpitations, high blood pressure",Cardiologist
"fatigue with breathlessness, leg swelling",Cardiologist
"reduced urine flow, testicular swelling",Urologist
"night urination, painful urination with fever, lower abdominal pain urination",Urologist
"bone pain, shoulder pain",Orthopedic
"fever, cold",General Physician
"persistent cough, unexplained weight loss, blood in cough",Oncologist
"neck stiffness, swelling, joint pain",Orthopedic
"breast tenderness, spotting, missed period",Gynecologist
"hives, psoriasis, hair fall, fungal infection",Dermatologist
"ringing in ear, sore throat, vertigo",ENT
"muscle strain, knee pain",Orthopedic
"itching, hives",Dermatologist
"sinus pain, loss of voice, runny nose",ENT
"food poisoning, gas, acidity",Gastroenterologist
"cough, weakness",General Physician
"sprain, knee pain, neck stiffness, lower back pain radiating",Orthopedic
"swelling, difficulty walking, hip pain",Orthopedic
"social anxiety, trauma flashbacks, depressed mood, addiction",Psychiatrist
"ringing in ear, swollen neck glands, blocked nose",ENT
"blurred vision with headache, memory loss, fainting",Neurologist
"watering eyes, blurred vision, swollen eyelid",Ophthalmologist
"missed period, lower abdominal pain, irregular periods",Gynecologist
"eye pain, blurred vision, dry eyes",Ophthalmologist
"frequent urination, urinary urgency, urine leakage, kidney stone pain",Urologist
"tonsillitis, ear pain, ear discharge, sore throat",ENT
"urinary urgency, back pain near kidneys, urine leakage",Urologist
"persistent hoarseness, persistent cough, swollen lymph nodes",Oncologist
"psoriasis, acne, itching",Dermatologist
"psoriasis, hair fall, hives",Dermatologist
"skin allergy, hair fall, fungal infection",Dermatologist
"fungal infection, eczema, itching, dandruff",Dermatologist
"painful periods, postpartum bleeding, pelvic pain, breast tenderness",Gynecologist
"red eye, dry eyes, double vision",Ophthalmologist
"tingling, dizziness",Neurologist
"bad breath, swollen gums, jaw pain",Dentist
"difficulty walking, neck stiffness, sprain, wrist injury",Orthopedic
"swollen gums, wisdom tooth pain, pus near gum, bleeding gums",Dentist
"abdominal pain, food poisoning, blood in stool",Gastroenterologist
"tooth sensitivity, bad breath, pain while chewing, bleeding gums",Dentist
"vaccination query, child fever, child cough",Pediatrician
"loss of appetite, runny nose, cold, sore throat",ENT
"throat infection, ear discharge, sore throat",ENT
"ringworm, redness, pigmentation, eczema",Dermatologist
"blurred vision, night vision problem, eye discharge",Ophthalmologist
"swollen lymph nodes, loss of appetite, persistent hoarseness",Oncologist
"mouth ulcer, wisdom tooth pain, jaw pain, pain while chewing",Dentist
"nose bleeding, vertigo, runny nose",ENT
"burning urination, blood in urine, difficulty starting urination, night urination",Urologist
"pain while chewing, toothache, bleeding while brushing, cavity pain",Dentist
"neck stiffness, bone pain, muscle strain, hip pain",Orthopedic
"child wheezing, child fever, dehydration",Pediatrician
"night urination, testicular swelling, blood in urine",Urologist
"foreign body sensation, itchy eyes",Ophthalmologist
"fatigue with breathlessness, chest tightness, chest pain",Cardiologist
"speech difficulty, severe headache",Neurologist
"night urination, groin pain, painful urination with fever, back pain near kidneys",Urologist
"cough, dizziness, low grade fever, body ache",General Physician
"swollen lymph nodes, persistent cough, breast lump",Oncologist
"toothache, swollen gums, wisdom tooth pain",Dentist
"hopelessness, stress, social anxiety, hallucinations",Psychiatrist
"depressed mood, trauma flashbacks",Psychiatrist
"pressure in chest, rapid heartbeat, left arm pain",Cardiologist
"fainting, blurred vision with headache, confusion",Neurologist
"sprain, difficulty walking",Orthopedic
"psoriasis, acne, skin rash, redness",Dermatologist
"testicular swelling, frequent urination, painful urination with fever",Urologist
"skin rash, pigmentation",Dermatologist
"rapid heartbeat, irregular heartbeat, fatigue with breathlessness",Cardiologist
"unexplained weight loss, non healing ulcer, night sweats",Oncologist
"night urination, kidney stone pain",Urologist
"loss of voice, tonsillitis, swollen neck glands",ENT
"kidney stone pain, blood in urine, lower abdominal pain urination",Urologist
"pelvic pain, heavy bleeding, missed period",Gynecologist
"muscle strain, knee pain, lower back pain radiating",Orthopedic
"neck pain radiating, numbness, confusion, balance problem",Neurologist
"itchy eyes, swollen eyelid, sudden vision loss",Ophthalmologist
"ringing in ear, nose bleeding, runny nose, throat infection",ENT
"hopelessness, overthinking, anger issues",Psychiatrist
"dandruff, dry skin, skin allergy",Dermatologist
"heartburn, diarrhea",Gastroenterologist
"kidney stone pain, frequent urination, urine infection",Urologist
"dehydration, child fever, rash with fever",Pediatrician
"hearing loss, blocked nose",ENT
"depressed mood, hopelessness",Psychiatrist
"hives, skin allergy, pigmentation, hair fall",Dermatologist
"severe headache, speech difficulty, blurred vision with headache",Neurologist
"toothache, cavity pain, jaw pain, broken tooth",Dentist
"mood swings, insomnia",Psychiatrist
"shoulder pain, knee pain",Orthopedic
"allergic rhinitis, swollen neck glands, loss of voice",ENT
"sudden vision loss, dry eyes, night vision problem",Ophthalmologist
"spotting, white discharge, pregnancy nausea",Gynecologist
"irregular periods, period cramps",Gynecologist
"confusion, balance problem",Neurologist
"acne, hair fall, dry skin, redness",Dermatologist
"neck pain radiating, blurred vision with headache, severe headache",Neurologist
"anxiety, social anxiety, hopelessness",Psychiatrist
"double vision, foreign body sensation, eye discharge, sudden vision loss",Ophthalmologist
"eye strain headache, dry eyes",Ophthalmologist
"difficulty walking, arthritis, joint pain",Orthopedic
"toothache, bleeding while brushing, mouth ulcer",Dentist
"boils, eczema",Dermatologist
"high blood pressure, sweating, dizziness, fatigue with breathlessness",Cardiologist
"sprain, shoulder pain, knee pain",Orthopedic
"tooth sensitivity, wisdom tooth pain, bleeding gums, bad breath",Dentist
"sensitivity to light, swollen eyelid",Ophthalmologist
"loss of appetite, abdominal pain, heartburn",Gastroenterologist
"chills, runny nose, cough, dizziness",General Physician
"dehydration, fast breathing",Pediatrician
"blurred vision, night vision problem",Ophthalmologist
"loss of appetite, body ache, fever, low grade fever",General Physician
"migraine, speech difficulty, one sided weakness",Neurologist
"missed period, lower abdominal pain",Gynecologist
"swollen neck glands, ear pain, vertigo, sinus pain",ENT
"diarrhea, baby constipation, child stomach pain",Pediatrician
"shoulder pain, joint pain, bone pain, neck stiffness",Orthopedic
"night urination, difficulty starting urination",Urologist
"vomiting, abdominal pain, heartburn",Gastroenterologist
"neck pain radiating, seizure, migraine",Neurologist
"bleeding while brushing, pain while chewing, jaw pain",Dentist
"urine leakage, difficulty starting urination, lower abdominal pain urination",Urologist
"blurred vision with headache, fainting, speech difficulty",Neurologist
"heavy bleeding, missed period, period cramps",Gynecologist
"tooth pain with headache, toothache, bleeding gums, broken tooth",Dentist
"tooth sensitivity, bleeding while brushing, tooth pain with headache",Dentist
"leg swelling, shortness of breath, rapid heartbeat",Cardiologist
"social anxiety, addiction, mood swings",Psychiatrist
"vomiting, indigestion",Gastroenterologist
"urine infection, urine leakage, night urination",Urologist
"bone pain, difficulty walking, fracture, neck stiffness",Orthopedic
"runny nose, ringing in ear, ear pain",ENT
"postpartum bleeding, spotting, period cramps",Gynecologist
"breathlessness at night, left arm pain, pressure in chest",Cardiologist
"irregular periods, period cramps, spotting",Gynecologist
"shoulder pain, swelling, wrist injury",Orthopedic
"dandruff, acne",Dermatologist
"child sore throat, baby vomiting, child stomach pain",Pediatrician
"seizure, dizziness",Neurologist
"child sore throat, child fever, baby vomiting",Pediatrician
"knee pain, bone pain, fracture",Orthopedic
"mouth ulcer, tooth pain with headache, gum swelling",Dentist
"jaw pain, bleeding while brushing, gum swelling",Dentist
"body ache, weakness, runny nose",General Physician
"night vision problem, eye pain",Ophthalmologist
"skin rash, boils",Dermatologist
"night vision problem, red eye",Ophthalmologist
"diarrhea, bloating, loss of appetite",Gastroenterologist
"swollen lymph nodes, night sweats, unexplained weight loss, abdominal swelling",Oncologist
"ear pain, ringing in ear, sore throat",ENT
"palpitations, sweating, rapid heartbeat",Cardiologist
"testicular swelling, urine leakage, back pain near kidneys",Urologist
"cavity pain, toothache",Dentist
"hives, dandruff",Dermatologist
"toothache, cavity pain, swollen gums",Dentist
"neck stiffness, sprain, difficulty walking",Orthopedic
"pregnancy nausea, missed period, pcos symptoms",Gynecologist
"arthritis, lower back pain radiating",Orthopedic
"abdominal swelling, unexplained weight loss",Oncologist
"mood swings, panic attacks, depressed mood",Psychiatrist
"speech difficulty, seizure",Neurologist
"seizure, one sided weakness",Neurologist
"unusual bleeding, loss of appetite",Oncologist
"hives, psoriasis, boils",Dermatologist
"depressed mood, hopelessness, trauma flashbacks",Psychiatrist
"gum swelling, tooth pain with headache",Dentist
"severe headache, neck pain radiating, migraine",Neurologist
"sore throat, hearing loss, vertigo",ENT
"left arm pain, high blood pressure, irregular heartbeat, chest pain",Cardiologist
"swollen lymph nodes, persistent hoarseness",Oncologist
"hopelessness, depressed mood, social anxiety, insomnia",Psychiatrist
"hives, pigmentation, boils, ringworm",Dermatologist
"eye discharge, double vision",Ophthalmologist
"back pain, knee pain, swelling, muscle strain",Orthopedic
"tonsillitis, runny nose, sore throat",ENT
"fungal infection, redness, skin allergy",Dermatologist
"itching, heavy bleeding, pcos symptoms",Gynecologist
"urine infection, groin pain, testicular swelling, back pain near kidneys",Urologist
"knee pain, arthritis, wrist injury, joint pain",Orthopedic
"runny nose, fatigue, weakness",General Physician
"pain while chewing, bad breath",Dentist
"ear pain, swollen neck glands, hearing loss",ENT
"urinary urgency, testicular swelling, urine leakage, frequent urination",Urologist
"blocked nose, baby constipation, newborn feeding issue, diarrhea",Pediatrician
"dizziness, cough, headache, mild fever",General Physician
"persistent fatigue, persistent hoarseness, abdominal swelling, breast lump",Oncologist
"dizziness, one sided weakness, memory loss, blurred vision with headache",Neurologist
"anxiety, mood swings, overthinking, panic attacks",Psychiatrist
"speech difficulty, migraine, seizure, neck pain radiating",Neurologist
"fever, sore throat",General Physician
"social anxiety, stress, difficulty concentrating",Psychiatrist
"blurred vision with headache, balance problem, seizure, one sided weakness",Neurologist
"itching, skin rash, hair fall, acne",Dermatologist
"headache, chills",General Physician
"burning urination, difficulty starting urination, reduced urine flow, painful urination with fever",Urologist
"baby constipation, blocked nose",Pediatrician
"chills, loss of appetite, cough, runny nose",General Physician
"sprain, swelling, knee pain",Orthopedic
"swollen neck glands, nose bleeding, ear pain",ENT
"difficulty swallowing, unusual bleeding, unexplained weight loss",Oncologist
"headache, body ache, low grade fever, cold",General Physician
"acne, ringworm, itching, fungal infection",Dermatologist
"blurred vision, swollen eyelid, dry eyes",Ophthalmologist
"night vision problem, eye strain headache",Ophthalmologist
"heavy bleeding, lower abdominal pain, irregular periods",Gynecologist
"persistent hoarseness, swollen lymph nodes",Oncologist
"stomach cramps, jaundice",Gastroenterologist
"swollen eyelid, sensitivity to light, eye pain",Ophthalmologist
"balance problem, blurred vision with headache, confusion",Neurologist
"seizure, migraine",Neurologist
"anxiety, anger issues, mood swings, addiction",Psychiatrist
"missed period, painful periods, postpartum bleeding, lower abdominal pain",Gynecologist
"back pain, joint pain, wrist injury",Orthopedic
"joint pain, hip pain",Orthopedic
"fungal infection, itching, acne",Dermatologist
"newborn feeding issue, child cough, baby constipation",Pediatrician
"night urination, urine leakage",Urologist
"urinary urgency, urine leakage, burning urination, urine infection",Urologist
"neck pain radiating, seizure, migraine",Neurologist
"breast tenderness, itching, lower abdominal pain, spotting",Gynecologist
"suicidal thoughts, anger issues, overthinking",Psychiatrist
"pain while chewing, broken tooth, toothache",Dentist
"sore throat, low grade fever, cough, headache",General Physician
"sore throat, mild fever, body ache",General Physician
"painful urination with fever, back pain near kidneys, urine infection, testicular swelling",Urologist
"neck stiffness, muscle strain, arthritis",Orthopedic
"chills, dizziness, flu",General Physician
"pressure in chest, dizziness, fatigue with breathlessness",Cardiologist
"blood in urine, reduced urine flow, lower abdominal pain urination",Urologist
"palpitations, high blood pressure, leg swelling",Cardiologist
"ear discharge, ear pain, sore throat",ENT
"one sided weakness, migraine, seizure, confusion",Neurologist
"baby vomiting, ear pain",Pediatrician
"sensitivity to light, eye pain, itchy eyes, double vision",Ophthalmologist
"speech difficulty, balance problem, migraine",Neurologist
"urine infection, groin pain",Urologist
"suicidal thoughts, addiction",Psychiatrist
"bleeding while brushing, bad breath, tooth sensitivity",Dentist
"fainting, sweating, pressure in chest",Cardiologist
"severe headache, seizure, neck pain radiating, tingling",Neurologist
"itching, eczema, redness",Dermatologist
"chest tightness, rapid heartbeat, irregular heartbeat",Cardiologist
"fainting, dizziness, speech difficulty, memory loss",Neurologist
"hallucinations, difficulty concentrating, stress, trauma flashbacks",Psychiatrist
"period cramps, postpartum bleeding, pcos symptoms",Gynecologist
"knee pain, muscle strain, wrist injury, difficulty walking",Orthopedic
"gas, diarrhea, loss of appetite, nausea",Gastroenterologist
"reduced urine flow, testicular swelling, frequent urination",Urologist
"red eye, dry eyes, double vision",Ophthalmologist
"palpitations, pressure in chest, fatigue with breathlessness, leg swelling",Cardiologist
"tooth sensitivity, wisdom tooth pain",Dentist
"acidity, jaundice, gas",Gastroenterologist
"swollen lymph nodes, abdominal swelling, loss of appetite",Oncologist
"missed period, breast tenderness, period cramps, painful periods",Gynecologist
"cold, chills, headache",General Physician
"unexplained weight loss, abdominal swelling, breast lump",Oncologist
"acne, boils, psoriasis",Dermatologist
"lower abdominal pain urination, back pain near kidneys",Urologist
"weakness, cold, fever",General Physician
"bone pain, shoulder pain, hip pain",Orthopedic
"postpartum bleeding, irregular periods, pregnancy nausea",Gynecologist
"persistent cough, breast lump, unexplained weight loss, loss of appetite",Oncologist
"sensitivity to light, difficulty seeing far, eye pain",Ophthalmologist
"dizziness, sore throat",General Physician
"newborn feeding issue, ear pain, blocked nose, dehydration",Pediatrician
"pain while chewing, swollen gums, tooth pain with headache",Dentist
"blocked nose, hearing loss, swollen neck glands",ENT
"double vision, blurred vision, eye strain headache",Ophthalmologist
"bad breath, bleeding gums, mouth ulcer, jaw pain",Dentist
"vaccination query, blocked nose, child wheezing",Pediatrician
"ear discharge, swollen neck glands",ENT
"allergic rhinitis, ear pain",ENT
"ear discharge, allergic rhinitis, tonsillitis",ENT
"swollen neck glands, ringing in ear",ENT
"blocked nose, ear pain, vertigo",ENT
"fatigue with breathlessness, palpitations",Cardiologist
"pelvic pain, heavy bleeding",Gynecologist
"vomiting, food poisoning, loss of appetite",Gastroenterologist
"blood in urine, frequent urination, kidney stone pain",Urologist
"hip pain, muscle strain, back pain",Orthopedic
"sprain, fracture",Orthopedic
"vomiting, indigestion, blood in stool",Gastroenterologist
"groin pain, frequent urination, urine infection",Urologist
"left arm pain, fatigue with breathlessness",Cardiologist
"urinary urgency, groin pain, kidney stone pain",Urologist
"lower abdominal pain urination, blood in urine",Urologist
"pain while chewing, wisdom tooth pain, cavity pain",Dentist
"persistent hoarseness, unusual bleeding, swollen lymph nodes, blood in stool",Oncologist
"pus near gum, tooth pain with headache, bad breath",Dentist
"anger issues, suicidal thoughts",Psychiatrist
"high blood pressure, sweating, chest pain",Cardiologist
"urinary urgency, urine infection",Urologist
"child wheezing, ear pain",Pediatrician
"dry skin, skin rash, ringworm",Dermatologist
"muscle strain, neck stiffness, arthritis",Orthopedic
"flu, runny nose, body ache",General Physician
"difficulty starting urination, urine infection, reduced urine flow",Urologist
"speech difficulty, migraine",Neurologist
"ear pain, loss of voice",ENT
"diarrhea, child sore throat, newborn feeding issue",Pediatrician
"jaw pain, bleeding while brushing",Dentist
"abdominal pain, acidity, heartburn, food poisoning",Gastroenterologist
"joint pain, knee pain, back pain",Orthopedic
"food poisoning, jaundice, diarrhea",Gastroenterologist
"suicidal thoughts, insomnia, anxiety",Psychiatrist
"eye pain, double vision, foreign body sensation, swollen eyelid",Ophthalmologist
"shoulder pain, muscle strain",Orthopedic
"jaundice, blood in stool, gas",Gastroenterologist
"shortness of breath, breathlessness at night, dizziness, left arm pain",Cardiologist
"insomnia, panic attacks, anxiety",Psychiatrist
"child cough, diarrhea",Pediatrician
"fracture, difficulty walking, lower back pain radiating",Orthopedic
"sinus pain, ear discharge",ENT
"mood swings, stress, hallucinations",Psychiatrist
"persistent bone pain, unusual bleeding, abdominal swelling",Oncologist
"irregular heartbeat, shortness of breath, breathlessness at night",Cardiologist
"weakness, cold",General Physician
"dehydration, child stomach pain, blocked nose, child fever",Pediatrician
"hearing loss, allergic rhinitis, nose bleeding",ENT
"neck pain radiating, severe headache, dizziness",Neurologist
"hair fall, skin rash, fungal infection",Dermatologist
"dizziness, memory loss, tremor, seizure",Neurologist
"ear discharge, tonsillitis, throat infection, allergic rhinitis",ENT
"neck stiffness, hip pain, difficulty walking",Orthopedic
"bleeding while brushing, wisdom tooth pain, jaw pain",Dentist
"tingling, blurred vision with headache",Neurologist
"tingling, numbness, migraine",Neurologist
"low grade fever, runny nose, loss of appetite",General Physician
"eczema, ringworm",Dermatologist
"child stomach pain, vaccination query, baby constipation",Pediatrician
"hives, psoriasis, skin rash",Dermatologist
"dry eyes, sudden vision loss",Ophthalmologist
"sprain, difficulty walking, fracture",Orthopedic
"urine infection, kidney stone pain, lower abdominal pain urination, back pain near kidneys",Urologist
"constipation, bloating, indigestion",Gastroenterologist
"low grade fever, weakness, fever",General Physician
"non healing ulcer, breast lump, persistent cough, unusual bleeding",Oncologist
"insomnia, suicidal thoughts, hopelessness",Psychiatrist
"heavy bleeding, period cramps, white discharge",Gynecologist
"tremor, confusion, migraine, fainting",Neurologist
"loss of voice, sore throat, sinus pain, swollen neck glands",ENT
"pregnancy nausea, heavy bleeding, white discharge",Gynecologist
"speech difficulty, numbness, fainting",Neurologist
"non healing ulcer, blood in cough",Oncologist
"foreign body sensation, eye strain headache",Ophthalmologist
"shoulder pain, knee pain",Orthopedic
"pelvic pain, white discharge, postpartum bleeding, lower abdominal pain",Gynecologist
"headache, cold",General Physician
"painful periods, irregular periods, lower abdominal pain, itching",Gynecologist
"difficulty walking, shoulder pain",Orthopedic
"fainting, left arm pain, shortness of breath",Cardiologist
"broken tooth, bad breath, pain while chewing, pus near gum",Dentist
"double vision, blurred vision, watering eyes",Ophthalmologist
"migraine, tingling, tremor, fainting",Neurologist
"balance problem, speech difficulty, tremor",Neurologist
"swollen gums, broken tooth",Dentist
"left arm pain, palpitations",Cardiologist
"unusual bleeding, loss of appetite, blood in cough",Oncologist
"irregular heartbeat, left arm pain, chest pain",Cardiologist
"boils, acne",Dermatologist
"nose bleeding, ear discharge, sinus pain",ENT
"arthritis, sprain, bone pain",Orthopedic
"dehydration, diarrhea, child fever, newborn feeding issue",Pediatrician
"swollen neck glands, allergic rhinitis, ringing in ear",ENT
"mild fever, body ache, fatigue",General Physician
"hallucinations, depressed mood, suicidal thoughts",Psychiatrist
"high blood pressure, leg swelling, rapid heartbeat, fainting",Cardiologist
"night sweats, persistent cough, persistent hoarseness, difficulty swallowing",Oncologist
"urinary urgency, reduced urine flow, burning urination",Urologist
"itching, acne, eczema, boils",Dermatologist
"tremor, severe headache, numbness",Neurologist
"painful periods, pelvic pain",Gynecologist
"child wheezing, child cough",Pediatrician
"unexplained weight loss, abdominal swelling",Oncologist
"heavy bleeding, pregnancy nausea, painful periods, missed period",Gynecologist
"child stomach pain, newborn feeding issue, rash with fever",Pediatrician
"gas, bloating, food poisoning",Gastroenterologist
"eye discharge, eye pain, watering eyes",Ophthalmologist
"vaccination query, blocked nose, fast breathing",Pediatrician
"foreign body sensation, watering eyes, eye discharge",Ophthalmologist
"ringing in ear, allergic rhinitis, throat infection",ENT
"sinus pain, nose bleeding, vertigo, ringing in ear",ENT
"testicular swelling, painful urination with fever, urine leakage, frequent urination",Urologist
"migraine, numbness, blurred vision with headache, seizure",Neurologist
"dry eyes, watering eyes, swollen eyelid",Ophthalmologist
"blurred vision, sensitivity to light, eye pain",Ophthalmologist
"pcos symptoms, heavy bleeding, pelvic pain",Gynecologist
"night sweats, unexplained weight loss, breast lump",Oncologist
"acne, dandruff, redness",Dermatologist
"blocked nose, tonsillitis",ENT
"night vision problem, itchy eyes",Ophthalmologist
"swollen neck glands, nose bleeding",ENT
"spotting, lower abdominal pain, irregular periods",Gynecologist
"one sided weakness, speech difficulty, fainting, severe headache",Neurologist
"joint pain, bone pain, shoulder pain",Orthopedic
"tonsillitis, ear discharge, ear pain",ENT
"bone pain, hip pain, joint pain",Orthopedic
"pigmentation, ringworm",Dermatologist
"hip pain, joint pain, wrist injury",Orthopedic
"rapid heartbeat, fainting, chest pain, high blood pressure",Cardiologist
"abdominal pain, jaundice, indigestion",Gastroenterologist
"hearing loss, loss of voice",ENT
"chest tightness, left arm pain, sweating, shortness of breath",Cardiologist
"dry eyes, sensitivity to light",Ophthalmologist
"throat infection, allergic rhinitis",ENT
"urine leakage, testicular swelling, blood in urine",Urologist
"urine leakage, back pain near kidneys, night urination",Urologist
"diarrhea, child wheezing, newborn feeding issue, child sore throat",Pediatrician
"difficulty seeing far, red eye, blurred vision",Ophthalmologist
"newborn feeding issue, child cough, diarrhea, child sore throat",Pediatrician
"eye discharge, night vision problem",Ophthalmologist
"swollen gums, gum swelling, bleeding while brushing",Dentist
"speech difficulty, memory loss, confusion",Neurologist
"ringing in ear, ear discharge, blocked nose, sinus pain",ENT
"tingling, one sided weakness, seizure",Neurologist
"confusion, seizure, neck pain radiating, blurred vision with headache",Neurologist
"stomach cramps, blood in stool",Gastroenterologist
"dizziness, memory loss, balance problem",Neurologist
"skin allergy, hair fall",Dermatologist
"child stomach pain, rash with fever, blocked nose",Pediatrician
"hip pain, arthritis, swelling",Orthopedic
"sprain, difficulty walking, knee pain",Orthopedic
"social anxiety, difficulty concentrating, mood swings",Psychiatrist
"throat infection, blocked nose",ENT
"dehydration, blocked nose, vaccination query",Pediatrician
"arthritis, wrist injury, swelling",Orthopedic
"addiction, trauma flashbacks, hopelessness",Psychiatrist
"tingling, neck pain radiating",Neurologist
"chest tightness, shortness of breath, leg swelling, irregular heartbeat",Cardiologist
"lower back pain radiating, knee pain, difficulty walking",Orthopedic
"frequent urination, blood in urine, groin pain, urine infection",Urologist
"ringworm, dandruff, eczema, skin rash",Dermatologist
"migraine, tremor, one sided weakness",Neurologist
"gas, vomiting, nausea, food poisoning",Gastroenterologist
"baby vomiting, ear pain, child sore throat",Pediatrician
"mild fever, cough, cold, low grade fever",General Physician
"toothache, pain while chewing",Dentist
"painful urination with fever, back pain near kidneys",Urologist
"hearing loss, tonsillitis",ENT
"skin allergy, eczema, skin rash, hair fall",Dermatologist
"high blood pressure, dizziness, shortness of breath",Cardiologist
"hair fall, dandruff, eczema, boils",Dermatologist
"pressure in chest, rapid heartbeat, sweating",Cardiologist
"breast tenderness, heavy bleeding",Gynecologist
"pus near gum, cavity pain, broken tooth",Dentist
"swollen lymph nodes, blood in stool, night sweats, loss of appetite",Oncologist
"watering eyes, eye discharge, difficulty seeing far",Ophthalmologist
"foreign body sensation, night vision problem, eye discharge",Ophthalmologist
"dizziness, memory loss",Neurologist
"memory loss, speech difficulty",Neurologist
"eye strain headache, sudden vision loss, red eye",Ophthalmologist
"runny nose, nose bleeding, ringing in ear",ENT
"chills, fever",General Physician
"pressure in chest, chest tightness, dizziness, sweating",Cardiologist
"acne, pigmentation, skin allergy",Dermatologist
"reduced urine flow, groin pain",Urologist
"boils, ringworm, fungal infection",Dermatologist
"missed period, vaginal infection, pelvic pain",Gynecologist
"dehydration, child sore throat, diarrhea, newborn feeding issue",Pediatrician
"burning urination, urine infection, frequent urination",Urologist
"ringworm, pigmentation",Dermatologist
"anger issues, anxiety, overthinking",Psychiatrist
"blurred vision, eye strain headache, swollen eyelid",Ophthalmologist
"pcos symptoms, painful periods",Gynecologist
"eye strain headache, foreign body sensation, double vision",Ophthalmologist
"wrist injury, back pain, arthritis",Orthopedic
"groin pain, difficulty starting urination, painful urination with fever",Urologist
"diarrhea, jaundice, nausea",Gastroenterologist
"hip pain, neck stiffness, shoulder pain",Orthopedic
"indigestion, loss of appetite",Gastroenterologist
"dizziness, sore throat, flu",General Physician
"red eye, eye discharge, swollen eyelid",Ophthalmologist
"trauma flashbacks, hopelessness",Psychiatrist
"persistent hoarseness, persistent bone pain, swollen lymph nodes",Oncologist
"sensitivity to light, sudden vision loss, eye pain",Ophthalmologist
"non healing ulcer, persistent bone pain, persistent cough",Oncologist
"toothache, bleeding gums",Dentist
"pcos symptoms, pelvic pain",Gynecologist
"pain while chewing, toothache, pus near gum",Dentist
"food poisoning, heartburn, jaundice",Gastroenterologist
"urine infection, urinary urgency, burning urination, reduced urine flow",Urologist
"sore throat, chills, cold, runny nose",ENT
"rapid heartbeat, chest tightness, left arm pain, shortness of breath",Cardiologist
"fever, runny nose, cold, loss of appetite",General Physician
"persistent bone pain, persistent cough, persistent hoarseness, night sweats",Oncologist
"tingling, blurred vision with headache, migraine",Neurologist
"vertigo, ringing in ear, tonsillitis",ENT
"tingling, numbness, migraine, confusion",Neurologist
"itching, redness, hair fall",Dermatologist
"night urination, kidney stone pain, groin pain",Urologist
"fracture, difficulty walking, knee pain, lower back pain radiating",Orthopedic
"sore throat, ear pain, ringing in ear, sinus pain",ENT
"painful urination with fever, burning urination, blood in urine",Urologist
"constipation, diarrhea, food poisoning",Gastroenterologist
"diarrhea, abdominal pain, constipation",Gastroenterologist
"blurred vision with headache, migraine, dizziness",Neurologist
"night vision problem, foreign body sensation",Ophthalmologist
"sprain, joint pain, lower back pain radiating",Orthopedic
"sore throat, blocked nose, allergic rhinitis",ENT
"broken tooth, pus near gum",Dentist
"fever, low grade fever, headache",General Physician
"pigmentation, acne, dandruff",Dermatologist
"blood in urine, reduced urine flow, difficulty starting urination, kidney stone pain",Urologist
"bleeding while brushing, tooth sensitivity, bad breath, toothache",Dentist
"pcos symptoms, period cramps, irregular periods",Gynecologist
"non healing ulcer, swollen lymph nodes, persistent hoarseness",Oncologist
"chest pain, dizziness",Cardiologist
"sprain, lower back pain radiating, bone pain, difficulty walking",Orthopedic
"postpartum bleeding, period cramps, itching",Gynecologist
"painful periods, pregnancy nausea, heavy bleeding",Gynecologist
"watering eyes, eye discharge, eye pain",Ophthalmologist
"ear discharge, ringing in ear, ear pain",ENT
"nausea, loss of appetite, stomach cramps",Gastroenterologist
"lower abdominal pain urination, painful urination with fever, groin pain",Urologist
"acidity, loss of appetite, diarrhea",Gastroenterologist
"redness, fungal infection",Dermatologist
"rash with fever, child sore throat, ear pain",Pediatrician
"heavy bleeding, itching, painful periods, vaginal infection",Gynecologist
"hives, redness, hair fall, fungal infection",Dermatologist
"vertigo, loss of voice, hearing loss",ENT
"testicular swelling, burning urination",Urologist
"fever, headache",General Physician
"diarrhea, acidity, heartburn",Gastroenterologist
"social anxiety, trauma flashbacks, depressed mood",Psychiatrist
"bloating, jaundice, acidity",Gastroenterologist
"memory loss, numbness, tremor",Neurologist
"difficulty walking, knee pain, shoulder pain",Orthopedic
"mood swings, addiction",Psychiatrist
"left arm pain, shortness of breath, dizziness, chest pain",Cardiologist
"boils, redness, hives, eczema",Dermatologist
"postpartum bleeding, painful periods, white discharge",Gynecologist
"indigestion, blood in stool, vomiting, diarrhea",Gastroenterologist
"wisdom tooth pain, bad breath, jaw pain",Dentist
"pcos symptoms, postpartum bleeding, missed period",Gynecologist
"mild fever, cold, sore throat",General Physician
"persistent cough, swollen lymph nodes, unexplained weight loss",Oncologist
"irregular periods, breast tenderness, white discharge",Gynecologist
"gas, diarrhea, jaundice",Gastroenterologist
"sore throat, throat infection",ENT
"social anxiety, overthinking, addiction",Psychiatrist
"allergic rhinitis, runny nose, sore throat",ENT
"blocked nose, baby vomiting, diarrhea, vaccination query",Pediatrician
"tonsillitis, sinus pain, throat infection",ENT
"mouth ulcer, swollen gums, jaw pain",Dentist
"blurred vision, night vision problem",Ophthalmologist
"muscle strain, shoulder pain, difficulty walking",Orthopedic
"numbness, neck pain radiating, seizure",Neurologist
"unexplained weight loss, persistent fatigue, loss of appetite, unusual bleeding",Oncologist
"arthritis, sprain, difficulty walking",Orthopedic
"neck pain radiating, blurred vision with headache, confusion, speech difficulty",Neurologist
"vertigo, nose bleeding, hearing loss",ENT
"chills, flu",General Physician
"overthinking, anger issues, mood swings, depressed mood",Psychiatrist
"knee pain, arthritis, swelling, muscle strain",Orthopedic
"swollen eyelid, dry eyes, night vision problem",Ophthalmologist
"sore throat, body ache",General Physician
"shortness of breath, left arm pain",Cardiologist
"seizure, one sided weakness, neck pain radiating",Neurologist
"throat infection, ear pain",ENT
"baby vomiting, child sore throat, child cough",Pediatrician
"allergic rhinitis, ringing in ear",ENT
"hearing loss, sore throat, ear discharge",ENT
"baby constipation, blocked nose, diarrhea",Pediatrician
"hallucinations, addiction, anxiety, anger issues",Psychiatrist
"chest pain, pressure in chest, fatigue with breathlessness",Cardiologist
"anxiety, suicidal thoughts, trauma flashbacks",Psychiatrist
"child sore throat, baby vomiting",Pediatrician
"reduced urine flow, painful urination with fever",Urologist
"urine leakage, lower abdominal pain urination, painful urination with fever",Urologist
"skin allergy, dandruff, ringworm",Dermatologist
"vertigo, swollen neck glands",ENT
"blood in urine, urine leakage, back pain near kidneys, painful urination with fever",Urologist
"fatigue with breathlessness, chest pain, irregular heartbeat",Cardiologist
"white discharge, pelvic pain, missed period, painful periods",Gynecologist
"eye pain, dry eyes, sudden vision loss",Ophthalmologist
"low grade fever, mild fever, fever, fatigue",General Physician
"blocked nose, child cough",Pediatrician
"back pain, wrist injury, shoulder pain, hip pain",Orthopedic
"anxiety, mood swings, overthinking, anger issues",Psychiatrist
"dizziness, runny nose",General Physician
"bleeding while brushing, bleeding gums, gum swelling",Dentist
"ringing in ear, nose bleeding, sinus pain, runny nose",ENT
"addiction, hallucinations",Psychiatrist
"spotting, period cramps, white discharge, missed period",Gynecologist
"gum swelling, jaw pain, cavity pain, pus near gum",Dentist
"painful urination with fever, difficulty starting urination, burning urination, blood in urine",Urologist
"balance problem, dizziness",Neurologist
"mouth ulcer, toothache, tooth pain with headache",Dentist
"body ache, sore throat",General Physician
"mild fever, runny nose",General Physician
"palpitations, leg swelling, fatigue with breathlessness, breathlessness at night",Cardiologist
"dry eyes, blurred vision, double vision, foreign body sensation",Ophthalmologist
"hallucinations, difficulty concentrating, insomnia",Psychiatrist
"persistent cough, non healing ulcer",Oncologist
"sore throat, vertigo, blocked nose",ENT
"testicular swelling, urine leakage, urine infection, blood in urine",Urologist
"palpitations, pressure in chest",Cardiologist
"numbness, tingling, blurred vision with headache, tremor",Neurologist
"acne, redness, dandruff",Dermatologist
"acidity, vomiting, loss of appetite, stomach cramps",Gastroenterologist
"balance problem, fainting",Neurologist
"child fever, child stomach pain, fast breathing",Pediatrician
"shortness of breath, dizziness, high blood pressure",Cardiologist
"child stomach pain, rash with fever, blocked nose, fast breathing",Pediatrician
"food poisoning, loss of appetite, abdominal pain, bloating",Gastroenterologist
"confusion, migraine, tingling",Neurologist
"stomach cramps, nausea",Gastroenterologist
"fast breathing, child cough, baby vomiting",Pediatrician
"muscle strain, wrist injury, difficulty walking, lower back pain radiating",Orthopedic
"numbness, one sided weakness, severe headache",Neurologist
"tooth sensitivity, bad breath, toothache, pain while chewing",Dentist
"vaginal infection, white discharge, pelvic pain",Gynecologist
"eczema, itching, dandruff",Dermatologist
"severe headache, migraine, seizure, tingling",Neurologist
"seizure, balance problem, blurred vision with headache",Neurologist
"baby constipation, child wheezing, blocked nose, child cough",Pediatrician
"boils, ringworm, fungal infection, psoriasis",Dermatologist
"speech difficulty, numbness, balance problem",Neurologist
"baby vomiting, child cough, diarrhea",Pediatrician
"unusual bleeding, loss of appetite, persistent bone pain, persistent cough",Oncologist
"bad breath, gum swelling, pain while chewing",Dentist
"panic attacks, anger issues, mood swings, trauma flashbacks",Psychiatrist
"breast lump, unexplained weight loss, difficulty swallowing, swollen lymph nodes",Oncologist
"addiction, anger issues, trauma flashbacks, overthinking",Psychiatrist
"groin pain, urine leakage",Urologist
"dry eyes, blurred vision, sensitivity to light",Ophthalmologist
"acne, eczema, dandruff, skin allergy",Dermatologist
"blocked nose, baby vomiting, newborn feeding issue",Pediatrician
"dandruff, hair fall, skin allergy",Dermatologist
"non healing ulcer, difficulty swallowing, abdominal swelling, persistent bone pain",Oncologist
"night urination, painful urination with fever, back pain near kidneys",Urologist
"reduced urine flow, night urination, burning urination",Urologist
"difficulty concentrating, hopelessness, suicidal thoughts",Psychiatrist
"lower back pain radiating, arthritis",Orthopedic
"pain while chewing, gum swelling, swollen gums",Dentist
"eye discharge, foreign body sensation, watering eyes, sudden vision loss",Ophthalmologist
"swollen gums, tooth pain with headache, gum swelling",Dentist
"dehydration, newborn feeding issue",Pediatrician
"loss of appetite, heartburn, bloating, indigestion",Gastroenterologist
"muscle strain, wrist injury, lower back pain radiating, arthritis",Orthopedic
"indigestion, loss of appetite, heartburn, bloating",Gastroenterologist
"stomach cramps, constipation, bloating",Gastroenterologist
"toothache, broken tooth, tooth sensitivity",Dentist
"joint pain, lower back pain radiating, back pain",Orthopedic
"jaw pain, gum swelling, wisdom tooth pain",Dentist
"irregular heartbeat, shortness of breath, pressure in chest",Cardiologist
"night vision problem, swollen eyelid, eye discharge",Ophthalmologist
"acidity, jaundice, loss of appetite, constipation",Gastroenterologist
"pregnancy nausea, postpartum bleeding, breast tenderness, itching",Gynecologist
"spotting, pcos symptoms, vaginal infection",Gynecologist
"gum swelling, wisdom tooth pain, broken tooth, pus near gum",Dentist
"depressed mood, overthinking, mood swings",Psychiatrist
"difficulty swallowing, persistent cough",Oncologist
"toothache, tooth pain with headache, wisdom tooth pain",Dentist
"loss of appetite, night sweats, blood in stool, abdominal swelling",Oncologist
"pain while chewing, broken tooth, cavity pain, wisdom tooth pain",Dentist
"tingling, migraine",Neurologist
"loss of voice, allergic rhinitis, vertigo, sore throat",ENT
"pus near gum, tooth sensitivity",Dentist
"balance problem, memory loss, fainting",Neurologist
"fever, dizziness, cough",General Physician
"chills, loss of appetite, cold",General Physician
"nausea, loss of appetite, stomach cramps",Gastroenterologist
"wisdom tooth pain, mouth ulcer, cavity pain",Dentist
"fainting, leg swelling, dizziness, chest tightness",Cardiologist
"missed period, postpartum bleeding, white discharge, heavy bleeding",Gynecologist
"blocked nose, child wheezing, newborn feeding issue, baby vomiting",Pediatrician
"dry eyes, blurred vision, night vision problem",Ophthalmologist
"toothache, mouth ulcer",Dentist
"night urination, groin pain, reduced urine flow, urine infection",Urologist
"urinary urgency, burning urination, groin pain",Urologist
"loss of appetite, flu, fatigue, low grade fever",General Physician
"mouth ulcer, cavity pain",Dentist
"bad breath, mouth ulcer, tooth sensitivity, broken tooth",Dentist
"itching, ringworm",Dermatologist
"one sided weakness, confusion, seizure, speech difficulty",Neurologist
"hallucinations, anger issues",Psychiatrist
"urine infection, lower abdominal pain urination",Urologist
"jaundice, gas, bloating, loss of appetite",Gastroenterologist
"painful periods, period cramps, breast tenderness",Gynecologist
"acidity, heartburn, gas, indigestion",Gastroenterologist
"child fever, ear pain, child sore throat, blocked nose",Pediatrician
"baby constipation, diarrhea",Pediatrician
"hip pain, lower back pain radiating, joint pain",Orthopedic
"child wheezing, rash with fever, child cough",Pediatrician
"vaginal infection, lower abdominal pain",Gynecologist
"difficulty seeing far, eye pain, red eye, sudden vision loss",Ophthalmologist
"groin pain, testicular swelling, reduced urine flow",Urologist
"neck pain radiating, seizure, speech difficulty, one sided weakness",Neurologist
"suicidal thoughts, addiction, mood swings, overthinking",Psychiatrist
"mood swings, depressed mood, overthinking, anxiety",Psychiatrist
"wisdom tooth pain, bleeding gums",Dentist
"blood in stool, vomiting, loss of appetite",Gastroenterologist
"double vision, itchy eyes, eye pain, swollen eyelid",Ophthalmologist
"body ache, low grade fever",General Physician
"ringing in ear, allergic rhinitis, blocked nose",ENT
"persistent cough, blood in cough",Oncologist
"abdominal swelling, unusual bleeding, persistent bone pain",Oncologist
"runny nose, ear pain, nose bleeding",ENT
"pcos symptoms, heavy bleeding, painful periods, white discharge",Gynecologist
"panic attacks, stress, mood swings, trauma flashbacks",Psychiatrist
"fatigue, loss of appetite, fever",General Physician
"pregnancy nausea, vaginal infection, postpartum bleeding, pelvic pain",Gynecologist
"night sweats, non healing ulcer, persistent fatigue",Oncologist
"child fever, child sore throat, vaccination query",Pediatrician
"non healing ulcer, difficulty swallowing, unusual bleeding",Oncologist
"blood in urine, painful urination with fever, kidney stone pain",Urologist
"jaundice, constipation, diarrhea",Gastroenterologist
"gum swelling, wisdom tooth pain, jaw pain, toothache",Dentist
"fatigue with breathlessness, chest tightness, palpitations, irregular heartbeat",Cardiologist
"child sore throat, child fever, child stomach pain",Pediatrician
"back pain near kidneys, frequent urination, urine infection",Urologist
"joint pain, neck stiffness, fracture",Orthopedic
"wrist injury, joint pain, fracture",Orthopedic
"stress, difficulty concentrating, panic attacks",Psychiatrist
"jaundice, acidity, constipation",Gastroenterologist
"watering eyes, eye discharge, difficulty seeing far",Ophthalmologist
"red eye, sensitivity to light, swollen eyelid, eye strain headache",Ophthalmologist
"dizziness, runny nose, body ache",General Physician
"white discharge, irregular periods, painful periods",Gynecologist
"sore throat, ringing in ear, tonsillitis",ENT
"gum swelling, jaw pain, tooth sensitivity",Dentist
"severe headache, balance problem, one sided weakness",Neurologist
"eye strain headache, watering eyes",Ophthalmologist
"itching, skin allergy, dry skin",Dermatologist
"sensitivity to light, swollen eyelid",Ophthalmologist
"child stomach pain, child cough, blocked nose, rash with fever",Pediatrician
"itching, fungal infection, skin rash",Dermatologist
"confusion, fainting, tremor",Neurologist
"stress, suicidal thoughts, hallucinations, overthinking",Psychiatrist
"runny nose, mild fever, weakness",General Physician
"abdominal pain, vomiting, food poisoning",Gastroenterologist
"loss of voice, ear discharge",ENT
"stomach cramps, abdominal pain",Gastroenterologist
"jaw pain, pain while chewing, pus near gum",Dentist
"spotting, irregular periods, pregnancy nausea",Gynecologist
"period cramps, postpartum bleeding, pelvic pain, white discharge",Gynecologist
"postpartum bleeding, pcos symptoms, missed period",Gynecologist
"weakness, fever",General Physician
"fatigue with breathlessness, leg swelling, rapid heartbeat",Cardiologist
"swollen neck glands, sore throat",ENT
"unusual bleeding, difficulty swallowing",Oncologist
"lower back pain radiating, muscle strain, difficulty walking, bone pain",Orthopedic
"suicidal thoughts, trauma flashbacks, panic attacks",Psychiatrist
"trauma flashbacks, depressed mood",Psychiatrist
"flu, cough",General Physician
"kidney stone pain, urinary urgency, painful urination with fever",Urologist
"depressed mood, insomnia, anger issues, addiction",Psychiatrist
"persistent bone pain, unusual bleeding, abdominal swelling",Oncologist
"breathlessness at night, rapid heartbeat, sweating",Cardiologist
"painful periods, pregnancy nausea, white discharge, lower abdominal pain",Gynecologist
"swollen neck glands, nose bleeding, ringing in ear, ear pain",ENT
"vaginal infection, spotting, irregular periods",Gynecologist
"rapid heartbeat, shortness of breath, high blood pressure",Cardiologist
"dizziness, balance problem",Neurologist
"throat infection, sinus pain, ear pain",ENT
"neck pain radiating, tremor",Neurologist
"heavy bleeding, pelvic pain, breast tenderness, pcos symptoms",Gynecologist
"unexplained weight loss, persistent bone pain, persistent fatigue, loss of appetite",Oncologist
"persistent hoarseness, swollen lymph nodes",Oncologist
"postpartum bleeding, heavy bleeding, period cramps",Gynecologist
"blocked nose, rash with fever",Pediatrician
"sinus pain, blocked nose, loss of voice",ENT
"gas, heartburn, indigestion",Gastroenterologist
"anger issues, hopelessness",Psychiatrist
"pus near gum, cavity pain",Dentist
"palpitations, rapid heartbeat",Cardiologist
"toothache, bleeding while brushing, tooth pain with headache",Dentist
"testicular swelling, painful urination with fever, lower abdominal pain urination",Urologist
"pain while chewing, pus near gum, mouth ulcer, tooth pain with headache",Dentist
"blood in cough, persistent hoarseness, swollen lymph nodes",Oncologist
"jaw pain, bleeding gums, gum swelling",Dentist
"jaundice, diarrhea, bloating, constipation",Gastroenterologist
"redness, pigmentation, ringworm, hives",Dermatologist
"abdominal swelling, persistent bone pain, persistent cough",Oncologist
"painful periods, white discharge, pelvic pain, heavy bleeding",Gynecologist
"toothache, bleeding gums, tooth sensitivity",Dentist
"lower abdominal pain, breast tenderness, heavy bleeding",Gynecologist
"weakness, headache, fever",General Physician
"loss of appetite, blood in stool, persistent cough",Oncologist
"bleeding while brushing, wisdom tooth pain, swollen gums",Dentist
"blood in cough, blood in stool, breast lump",Oncologist
"child fever, ear pain, vaccination query, diarrhea",Pediatrician
"migraine, one sided weakness, confusion",Neurologist
"painful periods, itching, pregnancy nausea, lower abdominal pain",Gynecologist
"loss of appetite, unusual bleeding",Oncologist
"eczema, hives, fungal infection, dandruff",Dermatologist
"fatigue with breathlessness, breathlessness at night, dizziness",Cardiologist
"eye pain, difficulty seeing far, itchy eyes",Ophthalmologist
"child stomach pain, child sore throat",Pediatrician
"hip pain, swelling, back pain",Orthopedic
"boils, dandruff",Dermatologist
"leg swelling, chest pain, left arm pain",Cardiologist
"hallucinations, suicidal thoughts, addiction",Psychiatrist
"loss of voice, ear discharge",ENT
"ear pain, baby vomiting, baby constipation, child stomach pain",Pediatrician
"depressed mood, panic attacks, hopelessness",Psychiatrist
"loss of appetite, flu",General Physician
"body ache, loss of appetite, low grade fever",General Physician
"eye discharge, sensitivity to light, sudden vision loss",Ophthalmologist
"palpitations, dizziness",Cardiologist
"pregnancy nausea, lower abdominal pain, postpartum bleeding",Gynecologist
"lower back pain radiating, swelling, arthritis",Orthopedic
"anxiety, panic attacks, anger issues",Psychiatrist
"groin pain, night urination, burning urination, back pain near kidneys",Urologist
"difficulty walking, sprain, wrist injury",Orthopedic
"groin pain, urinary urgency",Urologist
"red eye, difficulty seeing far, sudden vision loss, swollen eyelid",Ophthalmologist
"insomnia, anger issues, social anxiety, overthinking",Psychiatrist
"palpitations, dizziness, breathlessness at night",Cardiologist
"severe headache, dizziness, numbness",Neurologist
"swollen eyelid, sudden vision loss, difficulty seeing far",Ophthalmologist
"irregular heartbeat, palpitations, shortness of breath",Cardiologist
"bad breath, pus near gum, bleeding while brushing",Dentist
"child stomach pain, vaccination query, child sore throat",Pediatrician
"urine infection, reduced urine flow, urine leakage, lower abdominal pain urination",Urologist
"speech difficulty, one sided weakness",Neurologist
"ringworm, acne, skin allergy",Dermatologist
"psoriasis, dry skin, skin allergy",Dermatologist
"blood in stool, persistent bone pain",Oncologist
"flu, weakness, sore throat, fever",General Physician
"vomiting, gas",Gastroenterologist
"watering eyes, red eye, eye pain, sensitivity to light",Ophthalmologist
"blood in stool, persistent cough, night sweats, unexplained weight loss",Oncologist
"double vision, eye pain, red eye, difficulty seeing far",Ophthalmologist
"redness, ringworm, skin rash, eczema",Dermatologist
"gum swelling, cavity pain, toothache",Dentist
"leg swelling, left arm pain, rapid heartbeat",Cardiologist
"period cramps, white discharge",Gynecologist
"baby vomiting, diarrhea",Pediatrician
"confusion, migraine, seizure",Neurologist
"abdominal pain, indigestion, acidity, stomach cramps",Gastroenterologist
"high blood pressure, palpitations, fatigue with breathlessness, dizziness",Cardiologist
"fatigue, body ache, cold",General Physician
"pus near gum, wisdom tooth pain",Dentist
"persistent hoarseness, unexplained weight loss, night sweats, abdominal swelling",Oncologist
"vaginal infection, painful periods, irregular periods",Gynecologist
"newborn feeding issue, child fever",Pediatrician
"pressure in chest, fatigue with breathlessness",Cardiologist
"swollen neck glands, vertigo, ringing in ear",ENT
"migraine, speech difficulty, blurred vision with headache",Neurologist
"neck stiffness, back pain, knee pain",Orthopedic
"testicular swelling, night urination, urine infection",Urologist
"sore throat, swollen neck glands, runny nose",ENT
"blood in urine, reduced urine flow, groin pain",Urologist
"diarrhea, baby constipation",Pediatrician
"redness, hair fall",Dermatologist
"missed period, vaginal infection, spotting",Gynecologist
"itching, pigmentation, dry skin",Dermatologist
"broken tooth, pus near gum",Dentist
"chest tightness, rapid heartbeat, leg swelling, pressure in chest",Cardiologist
"migraine, blurred vision with headache, neck pain radiating",Neurologist
"cough, body ache",General Physician
"sprain, fracture",Orthopedic
"joint pain, bone pain",Orthopedic
"fatigue, cough, low grade fever, fever",General Physician
"rash with fever, child fever, child wheezing, diarrhea",Pediatrician
"confusion, dizziness, seizure",Neurologist
"skin rash, dry skin",Dermatologist
"breathlessness at night, rapid heartbeat, high blood pressure",Cardiologist
"blocked nose, child cough, child stomach pain, child fever",Pediatrician
"irregular heartbeat, sweating, dizziness, high blood pressure",Cardiologist
"balance problem, one sided weakness, numbness",Neurologist
"child fever, child stomach pain, baby vomiting",Pediatrician
"leg swelling, palpitations, fainting, sweating",Cardiologist
"itching, breast tenderness, irregular periods",Gynecologist
"fatigue with breathlessness, chest pain, palpitations",Cardiologist
"vaccination query, fast breathing, blocked nose, baby vomiting",Pediatrician
"eye strain headache, itchy eyes, eye pain",Ophthalmologist
"toothache, bad breath, tooth pain with headache",Dentist
"palpitations, fainting, pressure in chest",Cardiologist
"ear pain, child sore throat, newborn feeding issue",Pediatrician
"groin pain, urinary urgency, blood in urine, back pain near kidneys",Urologist
"diarrhea, rash with fever, child cough",Pediatrician
"anger issues, overthinking",Psychiatrist
"loss of voice, blocked nose, swollen neck glands",ENT
"loss of appetite, flu",General Physician
"groin pain, urine infection, kidney stone pain, painful urination with fever",Urologist
"night sweats, non healing ulcer, persistent hoarseness, persistent cough",Oncologist
"constipation, indigestion, acidity, nausea",Gastroenterologist
"swollen gums, jaw pain, pain while chewing",Dentist
"balance problem, seizure, tingling",Neurologist
"ear pain, vaccination query, rash with fever",Pediatrician
"ringworm, skin allergy",Dermatologist
"pressure in chest, fatigue with breathlessness, chest pain, high blood pressure",Cardiologist
"blurred vision with headache, seizure, numbness",Neurologist
"anger issues, stress, mood swings",Psychiatrist
"breast lump, persistent cough, abdominal swelling, swollen lymph nodes",Oncologist
"bad breath, tooth pain with headache, pain while chewing, bleeding gums",Dentist
"wrist injury, swelling, hip pain, muscle strain",Orthopedic
"pain while chewing, toothache",Dentist
"child wheezing, baby vomiting, blocked nose",Pediatrician
"back pain, swelling",Orthopedic
"blurred vision with headache, confusion",Neurologist
"arthritis, joint pain, fracture, swelling",Orthopedic
"nose bleeding, runny nose, blocked nose, loss of voice",ENT
"night urination, burning urination, groin pain, frequent urination",Urologist
"vertigo, sinus pain, loss of voice",ENT
"pain while chewing, bleeding while brushing, bad breath",Dentist
"night urination, difficulty starting urination, painful urination with fever",Urologist
"fracture, muscle strain",Orthopedic
"itching, pregnancy nausea, pcos symptoms, heavy bleeding",Gynecologist
"abdominal swelling, blood in cough, night sweats, unexplained weight loss",Oncologist
"unusual bleeding, persistent fatigue, abdominal swelling",Oncologist
"bloating, gas",Gastroenterologist
"ringworm, pigmentation",Dermatologist
"boils, skin allergy",Dermatologist
"rash with fever, baby vomiting, vaccination query, child wheezing",Pediatrician
"vertigo, sinus pain, nose bleeding",ENT
"tremor, fainting, dizziness, memory loss",Neurologist
"flu, chills, body ache",General Physician
"stomach cramps, constipation, indigestion",Gastroenterologist
"non healing ulcer, persistent bone pain, loss of appetite",Oncologist
"fainting, one sided weakness",Neurologist
"muscle strain, swelling, fracture",Orthopedic
"skin rash, acne",Dermatologist
"child wheezing, baby constipation",Pediatrician
"burning urination, groin pain, testicular swelling",Urologist
"tingling, seizure, fainting, memory loss",Neurologist
"period cramps, missed period, heavy bleeding",Gynecologist
"ear pain, dehydration, child sore throat, diarrhea",Pediatrician
"baby vomiting, blocked nose, fast breathing, rash with fever",Pediatrician
"toothache, pain while chewing",Dentist
"lower back pain radiating, joint pain, muscle strain, bone pain",Orthopedic
"loss of voice, swollen neck glands, ear discharge",ENT
"vomiting, diarrhea, abdominal pain, gas",Gastroenterologist
"blood in stool, jaundice, abdominal pain",Gastroenterologist
"missed period, lower abdominal pain, pcos symptoms, postpartum bleeding",Gynecologist
"eye discharge, sensitivity to light",Ophthalmologist
"vomiting, abdominal pain, food poisoning, indigestion",Gastroenterologist
"loss of appetite, persistent cough, difficulty swallowing",Oncologist
"pregnancy nausea, itching, postpartum bleeding",Gynecologist
"bloating, vomiting, abdominal pain",Gastroenterologist
"eye strain headache, red eye",Ophthalmologist
"tremor, migraine, fainting",Neurologist
"itchy eyes, sensitivity to light, double vision",Ophthalmologist
"jaw pain, pain while chewing",Dentist
"body ache, dizziness, loss of appetite",General Physician
"toothache, pain while chewing",Dentist
"urine leakage, urinary urgency, painful urination with fever, lower abdominal pain urination",Urologist
"night vision problem, eye discharge, watering eyes",Ophthalmologist
"spotting, vaginal infection, painful periods",Gynecologist
"toothache, pain while chewing",Dentist
"muscle strain, arthritis",Orthopedic
"sprain, wrist injury, difficulty walking",Orthopedic
"one sided weakness, migraine, memory loss",Neurologist
"swollen lymph nodes, persistent fatigue, unusual bleeding",Oncologist
"stomach cramps, constipation, heartburn",Gastroenterologist
"groin pain, painful urination with fever, burning urination, urinary urgency",Urologist
"hip pain, difficulty walking, back pain, bone pain",Orthopedic
"eye pain, sudden vision loss, eye discharge",Ophthalmologist
"missed period, white discharge, breast tenderness",Gynecologist
"mood swings, anxiety, overthinking, stress",Psychiatrist
"vertigo, ringing in ear, allergic rhinitis, swollen neck glands",ENT
"sprain, lower back pain radiating, back pain",Orthopedic
"dizziness, confusion, tremor",Neurologist
"difficulty starting urination, kidney stone pain, urine infection",Urologist
"swollen neck glands, ear discharge",ENT
"newborn feeding issue, child wheezing, diarrhea",Pediatrician
"numbness, neck pain radiating, seizure",Neurologist
"period cramps, pelvic pain, postpartum bleeding, missed period",Gynecologist
"dizziness, speech difficulty, confusion",Neurologist
"joint pain, difficulty walking, back pain",Orthopedic
"heartburn, constipation, nausea",Gastroenterologist
"reduced urine flow, lower abdominal pain urination, testicular swelling, difficulty starting urination",Urologist
"abdominal swelling, persistent hoarseness, blood in stool",Oncologist
"pregnancy nausea, lower abdominal pain",Gynecologist
"sore throat, runny nose",ENT
"fast breathing, child sore throat",Pediatrician
"dehydration, baby constipation, ear pain",Pediatrician
"left arm pain, high blood pressure, fainting",Cardiologist
"newborn feeding issue, fast breathing, rash with fever",Pediatrician
"mild fever, weakness, body ache",General Physician
"groin pain, painful urination with fever, night urination",Urologist
"seizure, tingling, tremor",Neurologist
"testicular swelling, urine infection, urine leakage",Urologist
"anxiety, difficulty concentrating, panic attacks, suicidal thoughts",Psychiatrist
"insomnia, anxiety, overthinking, trauma flashbacks",Psychiatrist
"redness, ringworm, hair fall",Dermatologist
"fatigue, dizziness, sore throat",General Physician
"dry eyes, foreign body sensation, double vision",Ophthalmologist
"ear pain, child wheezing, child stomach pain, baby vomiting",Pediatrician
"lower back pain radiating, back pain",Orthopedic
"cold, cough, fatigue, headache",General Physician
"fever, loss of appetite, sore throat",General Physician
"sprain, back pain, arthritis",Orthopedic
"vertigo, blocked nose, tonsillitis, swollen neck glands",ENT
"fatigue with breathlessness, irregular heartbeat, high blood pressure",Cardiologist
"food poisoning, loss of appetite, nausea",Gastroenterologist
"white discharge, painful periods",Gynecologist
"reduced urine flow, lower abdominal pain urination, burning urination",Urologist
"pcos symptoms, breast tenderness, spotting",Gynecologist
"missed period, pcos symptoms, irregular periods, pregnancy nausea",Gynecologist
"blood in cough, blood in stool, loss of appetite, persistent fatigue",Oncologist
"runny nose, loss of voice, swollen neck glands",ENT
"throat infection, swollen neck glands, ringing in ear, nose bleeding",ENT
"fracture, arthritis, lower back pain radiating, hip pain",Orthopedic
"panic attacks, difficulty concentrating, trauma flashbacks",Psychiatrist
"trauma flashbacks, depressed mood, overthinking",Psychiatrist
"indigestion, stomach cramps, vomiting",Gastroenterologist
"weakness, dizziness",General Physician
"dizziness, fainting, memory loss, speech difficulty",Neurologist
"loss of appetite, jaundice, bloating, stomach cramps",Gastroenterologist
"breast lump, persistent bone pain, persistent fatigue",Oncologist
"anxiety, anger issues, depressed mood",Psychiatrist
"newborn feeding issue, fast breathing",Pediatrician
"blood in stool, persistent bone pain",Oncologist
"loss of appetite, unexplained weight loss",Oncologist
"weakness, headache",General Physician
"pregnancy nausea, missed period",Gynecologist
"child stomach pain, diarrhea, baby constipation",Pediatrician
"bleeding while brushing, wisdom tooth pain",Dentist
"arthritis, wrist injury",Orthopedic
"sweating, high blood pressure, leg swelling",Cardiologist
"anxiety, trauma flashbacks",Psychiatrist
"hopelessness, suicidal thoughts, anger issues",Psychiatrist
"severe headache, tingling",Neurologist
"wrist injury, shoulder pain",Orthopedic
"dry eyes, eye pain",Ophthalmologist
"bleeding gums, wisdom tooth pain",Dentist
"white discharge, pcos symptoms, itching, irregular periods",Gynecologist
"tooth sensitivity, tooth pain with headache, cavity pain",Dentist
"tooth sensitivity, wisdom tooth pain, cavity pain, toothache",Dentist
"night vision problem, eye strain headache, sensitivity to light",Ophthalmologist
"baby constipation, child fever, rash with fever",Pediatrician
"memory loss, blurred vision with headache, dizziness",Neurologist
"ear pain, hearing loss, blocked nose",ENT
"dandruff, boils",Dermatologist
"hearing loss, runny nose",ENT
"acne, dandruff, pigmentation",Dermatologist
"vaginal infection, period cramps, pelvic pain",Gynecologist
"fungal infection, skin rash, acne, pigmentation",Dermatologist
"newborn feeding issue, child fever",Pediatrician
"stomach cramps, constipation",Gastroenterologist
"fatigue, loss of appetite, fever",General Physician
"period cramps, painful periods, pregnancy nausea, white discharge",Gynecologist
"non healing ulcer, unexplained weight loss",Oncologist
"sudden vision loss, eye discharge",Ophthalmologist
"dry eyes, red eye, double vision, watering eyes",Ophthalmologist
"bleeding while brushing, bleeding gums",Dentist
"gum swelling, pain while chewing",Dentist
"difficulty starting urination, kidney stone pain, groin pain",Urologist
"rash with fever, child wheezing, child fever",Pediatrician
"watering eyes, double vision, sudden vision loss",Ophthalmologist
"vaccination query, dehydration, child fever, diarrhea",Pediatrician
"gum swelling, broken tooth, swollen gums, cavity pain",Dentist
"fatigue, loss of appetite, body ache, weakness",General Physician
"leg swelling, irregular heartbeat, pressure in chest, sweating",Cardiologist
"back pain near kidneys, frequent urination, urine infection",Urologist
"one sided weakness, dizziness",Neurologist
"severe headache, dizziness, tremor, migraine",Neurologist
"high blood pressure, shortness of breath, palpitations",Cardiologist
"social anxiety, trauma flashbacks, suicidal thoughts",Psychiatrist
"baby vomiting, rash with fever, dehydration",Pediatrician
"foreign body sensation, watering eyes",Ophthalmologist
"insomnia, addiction",Psychiatrist
"dehydration, rash with fever",Pediatrician
"ringing in ear, loss of voice",ENT
"postpartum bleeding, vaginal infection",Gynecologist
"wrist injury, knee pain, difficulty walking",Orthopedic
"period cramps, pelvic pain, breast tenderness",Gynecologist
"period cramps, pregnancy nausea",Gynecologist
"lower back pain radiating, joint pain, wrist injury",Orthopedic
"itching, acne, psoriasis, fungal infection",Dermatologist
"red eye, foreign body sensation, dry eyes",Ophthalmologist
"severe headache, migraine, tingling",Neurologist
"child fever, newborn feeding issue, ear pain",Pediatrician
"white discharge, painful periods, breast tenderness",Gynecologist
"constipation, loss of appetite, blood in stool",Gastroenterologist
"eye pain, watering eyes, sensitivity to light",Ophthalmologist
"redness, dry skin, hives",Dermatologist
"acne, hives",Dermatologist
"vomiting, abdominal pain, constipation",Gastroenterologist
"weakness, cough, dizziness",General Physician
"redness, dandruff, eczema, psoriasis",Dermatologist
"pressure in chest, breathlessness at night, dizziness",Cardiologist
"irregular periods, painful periods",Gynecologist
"fungal infection, psoriasis, skin rash, pigmentation",Dermatologist
"baby vomiting, diarrhea, newborn feeding issue",Pediatrician
"child wheezing, newborn feeding issue, vaccination query",Pediatrician
"back pain, bone pain",Orthopedic
"anger issues, hopelessness, depressed mood",Psychiatrist
"red eye, double vision, itchy eyes",Ophthalmologist
"skin allergy, ringworm",Dermatologist
"sweating, fatigue with breathlessness, pressure in chest",Cardiologist
"ear pain, baby constipation",Pediatrician
"fungal infection, ringworm, itching",Dermatologist
"neck stiffness, sprain, lower back pain radiating",Orthopedic
"swollen gums, broken tooth",Dentist
"testicular swelling, burning urination",Urologist
"hair fall, dry skin, itching",Dermatologist
"chest tightness, breathlessness at night, irregular heartbeat",Cardiologist
"rash with fever, dehydration, diarrhea",Pediatrician
"itching, skin allergy",Dermatologist
"ear pain, sinus pain, sore throat, nose bleeding",ENT
"pus near gum, pain while chewing, mouth ulcer, cavity pain",Dentist
"weakness, cough, fever",General Physician
"speech difficulty, numbness, dizziness, one sided weakness",Neurologist
"joint pain, hip pain, arthritis",Orthopedic
"breathlessness at night, shortness of breath, fatigue with breathlessness",Cardiologist
"pain while chewing, gum swelling, toothache",Dentist
"chills, cough, cold",General Physician
"blood in stool, stomach cramps, gas, constipation",Gastroenterologist
"lower back pain radiating, difficulty walking, wrist injury",Orthopedic
"mild fever, dizziness, sore throat",General Physician
"missed period, pregnancy nausea, irregular periods",Gynecologist
"suicidal thoughts, depressed mood, hopelessness",Psychiatrist
"itching, period cramps, pregnancy nausea",Gynecologist
"kidney stone pain, frequent urination",Urologist
"irregular heartbeat, rapid heartbeat",Cardiologist
"gas, food poisoning, abdominal pain",Gastroenterologist
"difficulty concentrating, suicidal thoughts, stress",Psychiatrist
"newborn feeding issue, baby constipation, rash with fever",Pediatrician
"anger issues, insomnia, stress, hopelessness",Psychiatrist
"missed period, white discharge, itching",Gynecologist
"fatigue, flu",General Physician
"dry eyes, night vision problem, double vision",Ophthalmologist
"heavy bleeding, itching",Gynecologist
"lower back pain radiating, bone pain, difficulty walking",Orthopedic
"watering eyes, eye pain, blurred vision, swollen eyelid",Ophthalmologist
"dizziness, palpitations, irregular heartbeat, chest pain",Cardiologist
"night urination, burning urination, frequent urination, painful urination with fever",Urologist
"sweating, chest tightness, chest pain",Cardiologist
"knee pain, sprain, swelling",Orthopedic
"eye strain headache, swollen eyelid, night vision problem",Ophthalmologist
"swollen lymph nodes, loss of appetite, unusual bleeding",Oncologist
"runny nose, sore throat, ringing in ear",ENT
"nose bleeding, vertigo, loss of voice",ENT
"fast breathing, child fever",Pediatrician
"difficulty walking, arthritis, muscle strain, back pain",Orthopedic
"social anxiety, overthinking, hopelessness",Psychiatrist
"swollen gums, gum swelling, wisdom tooth pain, pus near gum",Dentist
"skin rash, dry skin, boils",Dermatologist
"frequent urination, night urination, burning urination",Urologist
"diarrhea, baby constipation, child cough, child stomach pain",Pediatrician
"lower abdominal pain urination, urinary urgency, back pain near kidneys, reduced urine flow",Urologist
"back pain, neck stiffness, shoulder pain",Orthopedic
"bad breath, pain while chewing, toothache",Dentist
"mouth ulcer, bleeding gums",Dentist
"difficulty walking, fracture, joint pain",Orthopedic
"reduced urine flow, urinary urgency",Urologist
"hair fall, pigmentation, boils, acne",Dermatologist
"shortness of breath, leg swelling, breathlessness at night",Cardiologist
"back pain near kidneys, frequent urination, urine leakage",Urologist
"chest pain, sweating, breathlessness at night, high blood pressure",Cardiologist
"hopelessness, depressed mood, addiction, anger issues",Psychiatrist
"blurred vision, sudden vision loss, sensitivity to light, foreign body sensation",Ophthalmologist
"speech difficulty, dizziness, numbness",Neurologist
"constipation, bloating, diarrhea",Gastroenterologist
"period cramps, painful periods, lower abdominal pain, heavy bleeding",Gynecologist
"headache, mild fever",General Physician
"heavy bleeding, missed period, pelvic pain, pregnancy nausea",Gynecologist
"child wheezing, child cough, ear pain",Pediatrician
"child wheezing, baby vomiting, blocked nose",Pediatrician
"dry eyes, sensitivity to light, eye discharge",Ophthalmologist
"dandruff, fungal infection, acne",Dermatologist
"persistent fatigue, swollen lymph nodes",Oncologist
"mood swings, social anxiety",Psychiatrist
"psoriasis, hair fall",Dermatologist
"balance problem, blurred vision with headache",Neurologist
"hair fall, boils, redness, eczema",Dermatologist
"nose bleeding, ringing in ear, loss of voice",ENT
"back pain near kidneys, frequent urination, lower abdominal pain urination",Urologist
"indigestion, jaundice, food poisoning",Gastroenterologist
"balance problem, numbness",Neurologist
"newborn feeding issue, child wheezing, vaccination query",Pediatrician
"reduced urine flow, painful urination with fever, burning urination, kidney stone pain",Urologist
"persistent hoarseness, loss of appetite",Oncologist
"leg swelling, high blood pressure",Cardiologist
"knee pain, muscle strain, neck stiffness",Orthopedic
"headache, dizziness, mild fever",General Physician
"cough, runny nose, fatigue",General Physician
"urine leakage, burning urination, urine infection",Urologist
"diarrhea, vaccination query, child fever",Pediatrician
"frequent urination, lower abdominal pain urination, urine leakage",Urologist
"depressed mood, anxiety, panic attacks, trauma flashbacks",Psychiatrist
"constipation, jaundice, diarrhea",Gastroenterologist
"anger issues, hopelessness, overthinking",Psychiatrist
"rash with fever, child cough, child stomach pain",Pediatrician
"depressed mood, difficulty concentrating, hallucinations",Psychiatrist
"nose bleeding, sore throat",ENT
"knee pain, shoulder pain",Orthopedic
"swollen lymph nodes, blood in cough, abdominal swelling, breast lump",Oncologist
"vaccination query, child wheezing, dehydration",Pediatrician
"food poisoning, gas",Gastroenterologist
"confusion, fainting",Neurologist
"sudden vision loss, night vision problem, sensitivity to light, itchy eyes",Ophthalmologist
"hallucinations, social anxiety",Psychiatrist
"hallucinations, depressed mood, trauma flashbacks",Psychiatrist
"body ache, loss of appetite",General Physician
"urinary urgency, difficulty starting urination, urine infection, frequent urination",Urologist
"urine leakage, groin pain, difficulty starting urination",Urologist
"hives, hair fall, skin allergy",Dermatologist
"urine infection, kidney stone pain, frequent urination, urinary urgency",Urologist
"swelling, shoulder pain, muscle strain",Orthopedic
"vaginal infection, lower abdominal pain, postpartum bleeding",Gynecologist
"itchy eyes, double vision, dry eyes, difficulty seeing far",Ophthalmologist
"skin rash, eczema, hives, itching",Dermatologist
"eye discharge, foreign body sensation, dry eyes",Ophthalmologist
"arthritis, shoulder pain",Orthopedic
"fainting, numbness, balance problem",Neurologist
"difficulty concentrating, anxiety",Psychiatrist
"chest tightness, chest pain",Cardiologist
"rapid heartbeat, shortness of breath, palpitations",Cardiologist
"mouth ulcer, gum swelling",Dentist
"difficulty concentrating, anxiety, panic attacks, hopelessness",Psychiatrist
"difficulty concentrating, panic attacks, addiction, depressed mood",Psychiatrist
"pus near gum, bleeding while brushing",Dentist
"food poisoning, gas, vomiting, indigestion",Gastroenterologist
"persistent fatigue, non healing ulcer, swollen lymph nodes, persistent hoarseness",Oncologist
"constipation, diarrhea",Gastroenterologist
"bleeding while brushing, cavity pain, bad breath, wisdom tooth pain",Dentist
"fast breathing, child wheezing, rash with fever",Pediatrician
"swollen eyelid, itchy eyes",Ophthalmologist
"nausea, gas, abdominal pain",Gastroenterologist
"pcos symptoms, itching, irregular periods, missed period",Gynecologist
"blocked nose, child fever",Pediatrician
"sinus pain, loss of voice, vertigo, throat infection",ENT
"urinary urgency, groin pain",Urologist
"knee pain, joint pain, sprain, fracture",Orthopedic
"blood in urine, groin pain, testicular swelling",Urologist
"white discharge, pregnancy nausea, postpartum bleeding",Gynecologist
"speech difficulty, neck pain radiating, tremor",Neurologist
"insomnia, overthinking, anxiety",Psychiatrist
"hip pain, shoulder pain, neck stiffness",Orthopedic
"abdominal pain, constipation",Gastroenterologist
"nose bleeding, ear discharge, hearing loss, blocked nose",ENT
"hopelessness, social anxiety, anxiety",Psychiatrist
"shortness of breath, rapid heartbeat, left arm pain, fainting",Cardiologist
"fainting, fatigue with breathlessness, shortness of breath",Cardiologist
"psoriasis, pigmentation",Dermatologist
"rash with fever, baby vomiting, ear pain, dehydration",Pediatrician
"period cramps, breast tenderness, painful periods",Gynecologist
"child cough, baby constipation",Pediatrician
"low grade fever, fever, dizziness",General Physician
"redness, dry skin, eczema",Dermatologist
"swelling, hip pain",Orthopedic
"diarrhea, child sore throat, vaccination query",Pediatrician
"itching, postpartum bleeding, white discharge",Gynecologist
"loss of appetite, night sweats, non healing ulcer, persistent hoarseness",Oncologist
"confusion, neck pain radiating, numbness",Neurologist
"dandruff, psoriasis, hives",Dermatologist
"rash with fever, child stomach pain, fast breathing",Pediatrician
"sensitivity to light, eye pain, eye discharge",Ophthalmologist
"non healing ulcer, breast lump, persistent fatigue",Oncologist
"hives, redness, eczema, skin rash",Dermatologist
"ear pain, sore throat, allergic rhinitis, hearing loss",ENT
"child sore throat, rash with fever, child wheezing",Pediatrician
"lower back pain radiating, back pain, swelling",Orthopedic
"abdominal swelling, difficulty swallowing, breast lump",Oncologist
"anxiety, stress, overthinking, anger issues",Psychiatrist
"diarrhea, stomach cramps",Gastroenterologist
"hives, skin rash",Dermatologist
"fatigue, cold, flu",General Physician
"shortness of breath, high blood pressure, irregular heartbeat",Cardiologist
"sore throat, cough, fever",General Physician
"anxiety, panic attacks",Psychiatrist
"difficulty seeing far, eye discharge, dry eyes",Ophthalmologist
"foreign body sensation, difficulty seeing far, eye discharge",Ophthalmologist
"tremor, fainting, severe headache",Neurologist
"constipation, food poisoning",Gastroenterologist
"muscle strain, arthritis, neck stiffness",Orthopedic
"white discharge, heavy bleeding, lower abdominal pain, painful periods",Gynecologist
"itchy eyes, sensitivity to light, eye pain",Ophthalmologist
"child cough, child sore throat, baby constipation, diarrhea",Pediatrician
"vaccination query, baby constipation",Pediatrician
"social anxiety, insomnia, anger issues",Psychiatrist
"leg swelling, dizziness, fatigue with breathlessness, palpitations",Cardiologist
"pressure in chest, left arm pain, shortness of breath",Cardiologist
"mouth ulcer, tooth pain with headache, toothache",Dentist
"watering eyes, blurred vision, eye strain headache",Ophthalmologist
"heartburn, vomiting, abdominal pain",Gastroenterologist
"blocked nose, baby constipation, vaccination query",Pediatrician
"foreign body sensation, eye discharge, itchy eyes, blurred vision",Ophthalmologist
"wrist injury, muscle strain, sprain, neck stiffness",Orthopedic
"ear pain, child stomach pain, diarrhea, rash with fever",Pediatrician
"dandruff, skin allergy, skin rash",Dermatologist
"tooth sensitivity, bleeding gums, cavity pain",Dentist
"hives, dry skin, skin rash",Dermatologist
"swollen lymph nodes, persistent fatigue, loss of appetite",Oncologist
"sweating, left arm pain, dizziness",Cardiologist
"back pain near kidneys, frequent urination, painful urination with fever",Urologist
"redness, hives, fungal infection",Dermatologist
"fatigue, headache, dizziness",General Physician
"ear pain, vertigo, sinus pain",ENT
"tooth pain with headache, swollen gums",Dentist
"weakness, flu, runny nose, sore throat",ENT
"night vision problem, eye pain, double vision",Ophthalmologist
"cold, fatigue",General Physician
"boils, fungal infection, pigmentation",Dermatologist
"fast breathing, diarrhea, baby vomiting",Pediatrician
"fungal infection, itching, skin rash",Dermatologist
"tooth sensitivity, wisdom tooth pain",Dentist
"lower abdominal pain urination, urine leakage, reduced urine flow, urine infection",Urologist
"blood in stool, acidity, stomach cramps",Gastroenterologist
"skin rash, acne, dandruff, eczema",Dermatologist
"frequent urination, blood in urine, difficulty starting urination",Urologist
"difficulty starting urination, blood in urine, urine leakage",Urologist
"difficulty swallowing, unusual bleeding, blood in cough",Oncologist
"swollen gums, gum swelling, tooth pain with headache",Dentist
"painful urination with fever, groin pain, urine leakage, burning urination",Urologist
"blocked nose, ear pain, child sore throat",Pediatrician
"chest pain, irregular heartbeat",Cardiologist
"heartburn, constipation, abdominal pain",Gastroenterologist
"tooth sensitivity, wisdom tooth pain, mouth ulcer, bleeding gums",Dentist
"mild fever, runny nose, flu, sore throat",ENT
"severe headache, confusion, blurred vision with headache",Neurologist
"sprain, knee pain, wrist injury",Orthopedic
"dizziness, breathlessness at night, sweating",Cardiologist
"gas, vomiting, constipation",Gastroenterologist
"eye strain headache, dry eyes, eye discharge",Ophthalmologist
"itching, ringworm, hives",Dermatologist
"muscle strain, difficulty walking, back pain, fracture",Orthopedic
"anger issues, difficulty concentrating, mood swings, hopelessness",Psychiatrist
"back pain, bone pain, hip pain, swelling",Orthopedic
"mild fever, sore throat, headache",General Physician
"rash with fever, fast breathing, vaccination query",Pediatrician
"gum swelling, cavity pain, bleeding while brushing",Dentist
"arthritis, knee pain, difficulty walking",Orthopedic
"tonsillitis, vertigo, blocked nose",ENT
"urinary urgency, burning urination",Urologist
"difficulty seeing far, sensitivity to light",Ophthalmologist
"low grade fever, runny nose",General Physician
"fatigue with breathlessness, fainting, pressure in chest, chest pain",Cardiologist
"lower abdominal pain urination, back pain near kidneys, blood in urine",Urologist
"non healing ulcer, persistent hoarseness, abdominal swelling, persistent bone pain",Oncologist
"one sided weakness, migraine, seizure",Neurologist
"sore throat, ear pain, runny nose, hearing loss",ENT
"blurred vision with headache, tremor, one sided weakness, confusion",Neurologist
"vomiting, jaundice, acidity",Gastroenterologist
"depressed mood, suicidal thoughts, anxiety",Psychiatrist
"left arm pain, leg swelling",Cardiologist
"frequent urination, painful urination with fever, urine infection",Urologist
"throat infection, ringing in ear, loss of voice, swollen neck glands",ENT
"knee pain, sprain, wrist injury, lower back pain radiating",Orthopedic
"seizure, numbness",Neurologist
"jaundice, diarrhea, loss of appetite, nausea",Gastroenterologist
"depressed mood, panic attacks",Psychiatrist
"vertigo, ringing in ear, swollen neck glands, allergic rhinitis",ENT
"headache, dizziness, low grade fever",General Physician
"anxiety, suicidal thoughts, overthinking",Psychiatrist
"pcos symptoms, period cramps, itching",Gynecologist
"ear discharge, allergic rhinitis",ENT
"blurred vision, dry eyes, eye strain headache",Ophthalmologist
"jaundice, acidity, food poisoning",Gastroenterologist
"stomach cramps, constipation, heartburn",Gastroenterologist
"persistent bone pain, breast lump, persistent hoarseness, night sweats",Oncologist
"swollen eyelid, difficulty seeing far, eye pain, dry eyes",Ophthalmologist
"irregular heartbeat, chest pain, sweating, breathlessness at night",Cardiologist
"panic attacks, insomnia, social anxiety",Psychiatrist
"memory loss, dizziness, one sided weakness",Neurologist
"eye discharge, eye strain headache, sensitivity to light, difficulty seeing far",Ophthalmologist
"food poisoning, acidity, diarrhea, indigestion",Gastroenterologist
"hopelessness, depressed mood, difficulty concentrating",Psychiatrist
"lower abdominal pain urination, urinary urgency, kidney stone pain",Urologist
"tooth pain with headache, tooth sensitivity, cavity pain",Dentist
"loss of voice, ear pain, tonsillitis",ENT
"breast tenderness, lower abdominal pain, pregnancy nausea",Gynecologist
"blood in cough, loss of appetite, persistent cough",Oncologist
"blood in stool, blood in cough, persistent bone pain, difficulty swallowing",Oncologist
"panic attacks, mood swings",Psychiatrist
"frequent urination, urinary urgency",Urologist
"addiction, hallucinations",Psychiatrist
"tooth sensitivity, wisdom tooth pain, pus near gum, bad breath",Dentist
"trauma flashbacks, insomnia, mood swings, anxiety",Psychiatrist
"diarrhea, child fever, baby constipation, newborn feeding issue",Pediatrician
"rapid heartbeat, pressure in chest",Cardiologist
"sensitivity to light, foreign body sensation, itchy eyes",Ophthalmologist
"night urination, burning urination, groin pain, reduced urine flow",Urologist
"foreign body sensation, red eye, watering eyes, blurred vision",Ophthalmologist
"bleeding gums, swollen gums, toothache, tooth sensitivity",Dentist
"wisdom tooth pain, cavity pain, jaw pain, mouth ulcer",Dentist
"weakness, mild fever, fatigue, chills",General Physician
"tooth pain with headache, broken tooth, jaw pain",Dentist
"nausea, acidity, indigestion",Gastroenterologist
"suicidal thoughts, panic attacks",Psychiatrist
"kidney stone pain, urine infection, urine leakage",Urologist
"swollen lymph nodes, blood in stool",Oncologist
"mood swings, anger issues, anxiety",Psychiatrist
"panic attacks, stress",Psychiatrist
"jaw pain, swollen gums, mouth ulcer",Dentist
"reduced urine flow, back pain near kidneys, urine infection",Urologist
"skin rash, redness, dandruff, dry skin",Dermatologist
"indigestion, blood in stool, constipation",Gastroenterologist
"ear pain, allergic rhinitis, ear discharge",ENT
"gas, diarrhea, acidity",Gastroenterologist
"diarrhea, stomach cramps, nausea, constipation",Gastroenterologist
"cavity pain, bad breath, pain while chewing, tooth sensitivity",Dentist
"flu, cough, headache",General Physician
"mild fever, loss of appetite, cough",General Physician
"itching, dry skin, skin rash",Dermatologist
"stress, anger issues, hopelessness",Psychiatrist
"fatigue with breathlessness, fainting",Cardiologist
"numbness, seizure, confusion, one sided weakness",Neurologist
"lower abdominal pain urination, kidney stone pain, painful urination with fever",Urologist
"back pain near kidneys, lower abdominal pain urination, urinary urgency",Urologist
"cavity pain, swollen gums, jaw pain, broken tooth",Dentist
"boils, acne",Dermatologist
"pressure in chest, irregular heartbeat, palpitations",Cardiologist
"night vision problem, dry eyes",Ophthalmologist
"eczema, boils, redness",Dermatologist
"eye strain headache, swollen eyelid",Ophthalmologist
"nausea, loss of appetite, diarrhea",Gastroenterologist
"food poisoning, bloating, vomiting",Gastroenterologist
"period cramps, vaginal infection, spotting",Gynecologist
"pregnancy nausea, white discharge, painful periods",Gynecologist
"blurred vision, night vision problem",Ophthalmologist
"cold, flu, fatigue",General Physician
"anger issues, depressed mood, addiction, mood swings",Psychiatrist
"anxiety, anger issues",Psychiatrist
"fast breathing, baby constipation, diarrhea, child wheezing",Pediatrician
"urine infection, painful urination with fever, frequent urination",Urologist
"indigestion, diarrhea, heartburn",Gastroenterologist
"urine leakage, urine infection, night urination",Urologist
"addiction, depressed mood",Psychiatrist
"mild fever, chills",General Physician
"weakness, cough, chills",General Physician
"mood swings, overthinking, depressed mood",Psychiatrist
"persistent bone pain, night sweats, unexplained weight loss",Oncologist
"anxiety, hallucinations, addiction",Psychiatrist
"jaw pain, broken tooth, bleeding while brushing",Dentist
"baby constipation, vaccination query, child wheezing",Pediatrician
"hives, itching",Dermatologist
"breathlessness at night, shortness of breath, chest pain",Cardiologist
"sore throat, throat infection, blocked nose",ENT
"chest tightness, left arm pain, palpitations, leg swelling",Cardiologist
"missed period, breast tenderness, vaginal infection",Gynecologist
"blocked nose, throat infection, ear pain, nose bleeding",ENT
"itching, fungal infection, ringworm, dandruff",Dermatologist
"abdominal swelling, blood in cough, non healing ulcer, swollen lymph nodes",Oncologist
"anxiety, depressed mood, overthinking, panic attacks",Psychiatrist
"testicular swelling, night urination",Urologist
"hearing loss, blocked nose, loss of voice",ENT
"irregular periods, pregnancy nausea, heavy bleeding, lower abdominal pain",Gynecologist
"sore throat, dizziness, cold, chills",General Physician
"loss of appetite, blood in cough, difficulty swallowing",Oncologist
"anger issues, panic attacks, suicidal thoughts",Psychiatrist
"fast breathing, baby vomiting, vaccination query",Pediatrician
"loss of appetite, vomiting",Gastroenterologist
"night urination, urinary urgency",Urologist
"chest pain, fatigue with breathlessness, left arm pain",Cardiologist
"abdominal pain, nausea, bloating",Gastroenterologist
"speech difficulty, seizure, one sided weakness, confusion",Neurologist
"bad breath, tooth pain with headache, pus near gum, jaw pain",Dentist
"red eye, swollen eyelid, foreign body sensation",Ophthalmologist
"breathlessness at night, high blood pressure",Cardiologist
"fast breathing, child wheezing, baby vomiting",Pediatrician
"sore throat, cold, low grade fever, loss of appetite",General Physician
"stress, hallucinations, anger issues",Psychiatrist
"non healing ulcer, persistent cough",Oncologist
"persistent hoarseness, persistent bone pain, blood in cough, night sweats",Oncologist
"fainting, palpitations, chest pain",Cardiologist
"fatigue, loss of appetite, cold",General Physician
"night vision problem, blurred vision",Ophthalmologist
"fracture, knee pain, sprain",Orthopedic
"dizziness, irregular heartbeat, fatigue with breathlessness, rapid heartbeat",Cardiologist
"breast tenderness, missed period, painful periods",Gynecologist
"leg swelling, sweating",Cardiologist
"leg swelling, chest tightness, rapid heartbeat",Cardiologist
"arthritis, fracture, muscle strain",Orthopedic
"itching, spotting, painful periods, white discharge",Gynecologist
"sudden vision loss, eye pain, blurred vision",Ophthalmologist
"tingling, balance problem, neck pain radiating",Neurologist
"palpitations, high blood pressure, irregular heartbeat",Cardiologist
"body ache, loss of appetite, runny nose, mild fever",General Physician
"difficulty seeing far, blurred vision, night vision problem, itchy eyes",Ophthalmologist
"dizziness, memory loss, one sided weakness",Neurologist
"hives, itching, eczema",Dermatologist
"body ache, flu, low grade fever",General Physician
"flu, fever",General Physician
"dry eyes, red eye, foreign body sensation, watering eyes",Ophthalmologist
"blood in stool, persistent fatigue, difficulty swallowing, non healing ulcer",Oncologist
"dizziness, pressure in chest, left arm pain",Cardiologist
"tooth sensitivity, pus near gum, bleeding while brushing",Dentist
"body ache, cough, cold, dizziness",General Physician
"persistent hoarseness, swollen lymph nodes, persistent cough",Oncologist
"bleeding while brushing, swollen gums, bad breath",Dentist
"suicidal thoughts, stress, anger issues",Psychiatrist
"runny nose, ringing in ear, tonsillitis",ENT
"irregular heartbeat, left arm pain, fatigue with breathlessness",Cardiologist
"breathlessness at night, leg swelling",Cardiologist
"shortness of breath, breathlessness at night, high blood pressure",Cardiologist
"kidney stone pain, urine infection, urine leakage",Urologist
"nose bleeding, blocked nose",ENT
"testicular swelling, painful urination with fever, kidney stone pain",Urologist
"child sore throat, child stomach pain, blocked nose, child cough",Pediatrician
"flu, chills, loss of appetite, weakness",General Physician
"foreign body sensation, sudden vision loss, difficulty seeing far",Ophthalmologist
"watering eyes, swollen eyelid, eye strain headache",Ophthalmologist
"bloating, stomach cramps, blood in stool, indigestion",Gastroenterologist
"pigmentation, dry skin, skin rash, dandruff",Dermatologist
"child cough, rash with fever, baby constipation",Pediatrician
"swelling, joint pain, wrist injury",Orthopedic
"vertigo, ear pain",ENT
"watering eyes, foreign body sensation, eye pain",Ophthalmologist
"abdominal pain, gas, food poisoning",Gastroenterologist
"gum swelling, toothache, jaw pain",Dentist
"anger issues, panic attacks, suicidal thoughts",Psychiatrist
"pelvic pain, breast tenderness, postpartum bleeding",Gynecologist
"left arm pain, palpitations",Cardiologist
"low grade fever, flu",General Physician
"anxiety, hopelessness, addiction",Psychiatrist
"dizziness, fever, fatigue",General Physician
"eye strain headache, sensitivity to light, watering eyes",Ophthalmologist
"gum swelling, tooth sensitivity",Dentist
"hip pain, swelling, back pain, difficulty walking",Orthopedic
"non healing ulcer, persistent hoarseness, blood in cough",Oncologist
"nose bleeding, swollen neck glands, ear discharge",ENT
"abdominal pain, diarrhea",Gastroenterologist
"testicular swelling, reduced urine flow",Urologist
"foreign body sensation, sudden vision loss, sensitivity to light",Ophthalmologist
"pcos symptoms, breast tenderness, vaginal infection",Gynecologist
"child cough, blocked nose, baby vomiting",Pediatrician
"fainting, pressure in chest, rapid heartbeat",Cardiologist
"constipation, blood in stool, loss of appetite, stomach cramps",Gastroenterologist
"pelvic pain, painful periods, vaginal infection",Gynecologist
"blood in stool, persistent cough, night sweats",Oncologist
"stress, depressed mood",Psychiatrist
"numbness, migraine, blurred vision with headache",Neurologist
"anger issues, suicidal thoughts, mood swings",Psychiatrist
"painful urination with fever, back pain near kidneys, groin pain",Urologist
"child fever, child wheezing, child stomach pain",Pediatrician
"pigmentation, ringworm, hair fall",Dermatologist
"acidity, diarrhea, vomiting",Gastroenterologist
"groin pain, reduced urine flow, burning urination",Urologist
"night vision problem, eye strain headache, watering eyes, swollen eyelid",Ophthalmologist
"fast breathing, baby vomiting, child fever",Pediatrician
"irregular periods, pcos symptoms, painful periods",Gynecologist
"rash with fever, child cough",Pediatrician
"muscle strain, difficulty walking",Orthopedic
"non healing ulcer, swollen lymph nodes",Oncologist
"constipation, stomach cramps, gas",Gastroenterologist
"pain while chewing, bleeding while brushing, cavity pain",Dentist
"wrist injury, difficulty walking",Orthopedic
"abdominal pain, jaundice, vomiting",Gastroenterologist
"fainting, pressure in chest, sweating",Cardiologist
"joint pain, sprain, muscle strain",Orthopedic
"knee pain, bone pain, shoulder pain",Orthopedic
"vaginal infection, missed period, pcos symptoms",Gynecologist
"tooth pain with headache, wisdom tooth pain, tooth sensitivity",Dentist
"indigestion, abdominal pain, heartburn",Gastroenterologist
"dizziness, weakness, cough",General Physician
"sweating, breathlessness at night, leg swelling, pressure in chest",Cardiologist
"pain while chewing, wisdom tooth pain",Dentist
"leg swelling, sweating, palpitations, breathlessness at night",Cardiologist
"blood in stool, heartburn, bloating",Gastroenterologist
"pigmentation, psoriasis",Dermatologist
"cold, body ache",General Physician
"bleeding while brushing, tooth pain with headache, jaw pain, swollen gums",Dentist
"nose bleeding, ringing in ear, loss of voice, tonsillitis",ENT
"fatigue with breathlessness, pressure in chest, left arm pain, irregular heartbeat",Cardiologist
"fracture, lower back pain radiating, swelling, arthritis",Orthopedic
"rash with fever, blocked nose, dehydration",Pediatrician
"night sweats, non healing ulcer, persistent bone pain, loss of appetite",Oncologist
"cold, weakness, cough, dizziness",General Physician
"food poisoning, bloating, jaundice, nausea",Gastroenterologist
"diarrhea, baby constipation, dehydration, blocked nose",Pediatrician
"ear pain, newborn feeding issue, blocked nose, child fever",Pediatrician
"difficulty walking, muscle strain",Orthopedic
"lower abdominal pain urination, testicular swelling",Urologist
"dehydration, baby constipation, child sore throat",Pediatrician
"constipation, blood in stool, gas",Gastroenterologist
"jaundice, bloating, heartburn",Gastroenterologist
"chest tightness, fainting, sweating, irregular heartbeat",Cardiologist
"tremor, severe headache, blurred vision with headache",Neurologist
"dehydration, rash with fever, child cough, diarrhea",Pediatrician
"hair fall, fungal infection, dry skin",Dermatologist
"double vision, foreign body sensation, dry eyes",Ophthalmologist
"dizziness, confusion",Neurologist
"itching, hair fall, eczema",Dermatologist
"sensitivity to light, dry eyes",Ophthalmologist
"jaundice, vomiting, constipation, bloating",Gastroenterologist
"gum swelling, mouth ulcer, bleeding gums",Dentist
"ringing in ear, ear pain, throat infection, sinus pain",ENT
"night sweats, persistent bone pain, unusual bleeding",Oncologist
"difficulty swallowing, persistent hoarseness",Oncologist
"white discharge, pregnancy nausea",Gynecologist
"pressure in chest, sweating, shortness of breath",Cardiologist
"breathlessness at night, leg swelling",Cardiologist
"dandruff, fungal infection, itching",Dermatologist
"blood in stool, difficulty swallowing",Oncologist
"high blood pressure, rapid heartbeat, palpitations",Cardiologist
"anger issues, suicidal thoughts, insomnia",Psychiatrist
"urine infection, urine leakage",Urologist
"bone pain, neck stiffness, hip pain",Orthopedic
"tremor, speech difficulty",Neurologist
"fatigue with breathlessness, irregular heartbeat",Cardiologist
"double vision, sensitivity to light, foreign body sensation",Ophthalmologist
"irregular heartbeat, fatigue with breathlessness, left arm pain",Cardiologist
"suicidal thoughts, addiction, panic attacks",Psychiatrist
"dandruff, itching, ringworm",Dermatologist
"difficulty concentrating, social anxiety, suicidal thoughts",Psychiatrist
"period cramps, lower abdominal pain",Gynecologist
"dandruff, psoriasis",Dermatologist
"memory loss, balance problem",Neurologist
"bleeding while brushing, bleeding gums, tooth pain with headache",Dentist
"itching, vaginal infection, heavy bleeding",Gynecologist
"burning urination, reduced urine flow, blood in urine",Urologist
"loss of voice, vertigo, sore throat, blocked nose",ENT
"bloating, nausea, blood in stool",Gastroenterologist
"ringing in ear, runny nose, ear discharge, throat infection",ENT
"redness, psoriasis, hair fall, dandruff",Dermatologist
"vaccination query, dehydration, rash with fever",Pediatrician
"baby vomiting, diarrhea, ear pain",Pediatrician
"cough, chills, fever",General Physician
"ear discharge, loss of voice, nose bleeding",ENT
"fatigue, cough, flu",General Physician
"postpartum bleeding, missed period, period cramps, spotting",Gynecologist
"ear discharge, nose bleeding",ENT
"breathlessness at night, sweating, leg swelling",Cardiologist
"cough, loss of appetite",General Physician
"white discharge, pcos symptoms, painful periods",Gynecologist
"blood in stool, persistent bone pain, difficulty swallowing",Oncologist
"groin pain, frequent urination, burning urination",Urologist
"difficulty concentrating, hopelessness",Psychiatrist
"abdominal swelling, blood in stool, unusual bleeding",Oncologist
"lower abdominal pain urination, painful urination with fever, testicular swelling, back pain near kidneys",Urologist
"fungal infection, dandruff, itching",Dermatologist
"back pain, wrist injury, fracture",Orthopedic
"confusion, numbness, tremor",Neurologist
"child stomach pain, baby constipation, diarrhea",Pediatrician
"severe headache, fainting, tremor",Neurologist
"acne, skin allergy, hives, hair fall",Dermatologist
"muscle strain, bone pain, hip pain, shoulder pain",Orthopedic
"breathlessness at night, fainting, chest tightness, pressure in chest",Cardiologist
"pelvic pain, irregular periods, painful periods",Gynecologist
"breast tenderness, postpartum bleeding",Gynecologist
"neck stiffness, difficulty walking, arthritis, back pain",Orthopedic
"blood in cough, difficulty swallowing, persistent bone pain",Oncologist
"acne, redness, psoriasis, skin allergy",Dermatologist
"back pain near kidneys, kidney stone pain",Urologist
"migraine, blurred vision with headache",Neurologist
"persistent cough, night sweats",Oncologist
"loss of voice, blocked nose, throat infection",ENT
"hives, acne, psoriasis",Dermatologist
"sore throat, mild fever",General Physician
"confusion, numbness, blurred vision with headache",Neurologist
"insomnia, depressed mood, hopelessness, trauma flashbacks",Psychiatrist
"sore throat, sinus pain",ENT
"anxiety, panic attacks",Psychiatrist
"tooth pain with headache, swollen gums, wisdom tooth pain, pus near gum",Dentist
"fainting, dizziness",Cardiologist
"vaccination query, blocked nose",Pediatrician
"mouth ulcer, bleeding while brushing",Dentist
"baby vomiting, diarrhea",Pediatrician
"baby vomiting, vaccination query, ear pain",Pediatrician
"persistent hoarseness, unusual bleeding",Oncologist
"sensitivity to light, eye pain, dry eyes, night vision problem",Ophthalmologist
"fracture, difficulty walking, muscle strain",Orthopedic
"wrist injury, neck stiffness, fracture",Orthopedic
"blocked nose, dehydration",Pediatrician
"chest tightness, fatigue with breathlessness, leg swelling",Cardiologist
"blocked nose, child sore throat, rash with fever",Pediatrician
"groin pain, burning urination, urine leakage",Urologist
"persistent fatigue, non healing ulcer, persistent cough, unexplained weight loss",Oncologist
"swollen eyelid, red eye",Ophthalmologist
"indigestion, abdominal pain, constipation",Gastroenterologist
"sore throat, sinus pain",ENT
"persistent hoarseness, abdominal swelling, unexplained weight loss",Oncologist
"wrist injury, joint pain, back pain, muscle strain",Orthopedic
"irregular heartbeat, breathlessness at night",Cardiologist
"constipation, gas, acidity, heartburn",Gastroenterologist
"indigestion, bloating",Gastroenterologist
"unexplained weight loss, blood in cough",Oncologist
"shortness of breath, sweating, rapid heartbeat",Cardiologist
"blocked nose, baby constipation, child wheezing",Pediatrician
"shoulder pain, sprain, muscle strain, wrist injury",Orthopedic
"hopelessness, addiction",Psychiatrist
"jaundice, indigestion, bloating",Gastroenterologist
"difficulty starting urination, blood in urine",Urologist
"newborn feeding issue, child fever, rash with fever",Pediatrician
"child sore throat, child fever, child cough",Pediatrician
"bad breath, pain while chewing",Dentist
"toothache, bleeding while brushing, broken tooth",Dentist
"headache, dizziness",General Physician
"bloating, vomiting, acidity",Gastroenterologist
"irregular heartbeat, palpitations, leg swelling",Cardiologist
"persistent fatigue, non healing ulcer, blood in stool",Oncologist
"tremor, confusion, seizure, tingling",Neurologist
"blood in cough, abdominal swelling",Oncologist
"acidity, stomach cramps, blood in stool",Gastroenterologist
"groin pain, urinary urgency, night urination",Urologist
"persistent fatigue, unusual bleeding, unexplained weight loss",Oncologist
"itching, dry skin, redness, pigmentation",Dermatologist
"high blood pressure, dizziness",Cardiologist
"severe headache, memory loss, neck pain radiating, tingling",Neurologist
"skin rash, eczema, psoriasis, itching",Dermatologist
"fainting, migraine, speech difficulty, numbness",Neurologist
"dry eyes, eye pain, eye strain headache",Ophthalmologist
"wisdom tooth pain, bleeding while brushing, pain while chewing",Dentist
"dry skin, acne, eczema",Dermatologist
"nausea, indigestion, loss of appetite",Gastroenterologist
"weakness, body ache",General Physician
"runny nose, low grade fever, headache, flu",General Physician
"psoriasis, dry skin, pigmentation",Dermatologist
"memory loss, severe headache, migraine",Neurologist
"broken tooth, gum swelling, tooth pain with headache, bleeding gums",Dentist
"blood in urine, frequent urination, urinary urgency, difficulty starting urination",Urologist
"severe headache, seizure, tremor",Neurologist
"newborn feeding issue, vaccination query",Pediatrician
"vaginal infection, pelvic pain, lower abdominal pain",Gynecologist
"swelling, shoulder pain",Orthopedic
"shoulder pain, swelling, difficulty walking",Orthopedic
"joint pain, neck stiffness, wrist injury",Orthopedic
"itchy eyes, watering eyes, sudden vision loss",Ophthalmologist
"fever, body ache, flu, headache",General Physician
"stress, mood swings, hopelessness",Psychiatrist
"itching, skin allergy, hair fall, pigmentation",Dermatologist
"itching, irregular periods, period cramps, pcos symptoms",Gynecologist
"cavity pain, tooth sensitivity, wisdom tooth pain",Dentist
"hallucinations, anger issues",Psychiatrist
"swollen lymph nodes, breast lump, non healing ulcer",Oncologist
"irregular heartbeat, sweating, dizziness",Cardiologist
"leg swelling, breathlessness at night",Cardiologist
"watering eyes, swollen eyelid, night vision problem",Ophthalmologist
"heartburn, abdominal pain, nausea",Gastroenterologist
"pregnancy nausea, itching, pcos symptoms, irregular periods",Gynecologist
"sore throat, flu, fever",General Physician
"urine infection, groin pain, urine leakage",Urologist
"eye pain, eye discharge, watering eyes",Ophthalmologist
"baby vomiting, dehydration, fast breathing",Pediatrician
"migraine, tremor, confusion",Neurologist
"broken tooth, tooth pain with headache, mouth ulcer, cavity pain",Dentist
"fever, fatigue, body ache",General Physician
"sudden vision loss, swollen eyelid",Ophthalmologist
"sudden vision loss, foreign body sensation, watering eyes",Ophthalmologist
"redness, fungal infection",Dermatologist
"one sided weakness, tingling, seizure",Neurologist
"cavity pain, tooth sensitivity",Dentist
"anger issues, hallucinations, depressed mood",Psychiatrist
"urine leakage, painful urination with fever, frequent urination",Urologist
"bone pain, fracture, difficulty walking",Orthopedic
"tingling, confusion, balance problem",Neurologist
"neck pain radiating, numbness, confusion",Neurologist
"one sided weakness, speech difficulty, numbness, confusion",Neurologist
"panic attacks, insomnia, suicidal thoughts, anxiety",Psychiatrist
"child cough, dehydration, rash with fever",Pediatrician
"dehydration, baby vomiting, newborn feeding issue",Pediatrician
"foreign body sensation, night vision problem, itchy eyes",Ophthalmologist
"nausea, constipation, stomach cramps",Gastroenterologist
"loss of appetite, food poisoning, nausea, gas",Gastroenterologist
"bleeding gums, jaw pain, tooth sensitivity, tooth pain with headache",Dentist
"loss of appetite, nausea, abdominal pain",Gastroenterologist
"memory loss, migraine, neck pain radiating",Neurologist
"headache, runny nose, fever, cough",General Physician
"painful urination with fever, back pain near kidneys, blood in urine",Urologist
"swollen lymph nodes, persistent cough, night sweats",Oncologist
"sensitivity to light, double vision",Ophthalmologist
"jaundice, abdominal pain, indigestion",Gastroenterologist
"blurred vision, itchy eyes, dry eyes",Ophthalmologist
"bad breath, tooth sensitivity, bleeding gums, jaw pain",Dentist
"joint pain, neck stiffness, wrist injury",Orthopedic
"jaundice, loss of appetite, diarrhea, stomach cramps",Gastroenterologist
"leg swelling, chest pain, left arm pain",Cardiologist
"non healing ulcer, persistent hoarseness",Oncologist
"persistent hoarseness, unusual bleeding, swollen lymph nodes",Oncologist
"mouth ulcer, bleeding while brushing, broken tooth",Dentist
"toothache, bleeding gums, pus near gum",Dentist
"eye strain headache, night vision problem, eye pain",Ophthalmologist
"loss of voice, tonsillitis, sinus pain, hearing loss",ENT
"swollen eyelid, eye strain headache",Ophthalmologist
"neck stiffness, joint pain, hip pain",Orthopedic
"palpitations, breathlessness at night, sweating, leg swelling",Cardiologist
"baby vomiting, newborn feeding issue, fast breathing",Pediatrician
"child sore throat, newborn feeding issue",Pediatrician
"difficulty starting urination, kidney stone pain, urine leakage",Urologist
"wrist injury, bone pain",Orthopedic
"difficulty starting urination, urine leakage, back pain near kidneys",Urologist
"blurred vision, dry eyes, swollen eyelid",Ophthalmologist
"redness, skin allergy, eczema",Dermatologist
"allergic rhinitis, swollen neck glands, tonsillitis",ENT
"nausea, loss of appetite, acidity",Gastroenterologist
"dandruff, acne, redness",Dermatologist
"hair fall, itching",Dermatologist
"heavy bleeding, period cramps, breast tenderness",Gynecologist
"fungal infection, itching, eczema, skin rash",Dermatologist
"difficulty swallowing, swollen lymph nodes, unexplained weight loss, loss of appetite",Oncologist
"dry eyes, double vision, swollen eyelid",Ophthalmologist
"blood in cough, non healing ulcer, unusual bleeding",Oncologist
"missed period, postpartum bleeding, period cramps, itching",Gynecologist
"cold, body ache",General Physician
"vaginal infection, painful periods",Gynecologist
"bleeding while brushing, jaw pain",Dentist
"blurred vision, night vision problem, eye pain",Ophthalmologist
"dizziness, rapid heartbeat",Cardiologist
"anxiety, hallucinations, overthinking",Psychiatrist
"ringworm, fungal infection, eczema",Dermatologist
"fatigue, runny nose",General Physician
"lower abdominal pain urination, urinary urgency, burning urination",Urologist
"acidity, heartburn, jaundice",Gastroenterologist
"white discharge, pelvic pain",Gynecologist
"swollen gums, pain while chewing, jaw pain",Dentist
"tooth sensitivity, pus near gum",Dentist
"memory loss, speech difficulty, one sided weakness, seizure",Neurologist
"weakness, body ache",General Physician
"rapid heartbeat, shortness of breath, breathlessness at night",Cardiologist
"postpartum bleeding, spotting, breast tenderness",Gynecologist
"dry skin, ringworm, hair fall",Dermatologist
"vaginal infection, painful periods, postpartum bleeding, pcos symptoms",Gynecologist
"jaw pain, bad breath",Dentist
"breathlessness at night, leg swelling, dizziness",Cardiologist
"wrist injury, difficulty walking, neck stiffness, shoulder pain",Orthopedic
"rash with fever, child cough",Pediatrician
"child cough, child sore throat, ear pain, child wheezing",Pediatrician
"dizziness, headache",General Physician
"nose bleeding, swollen neck glands, throat infection, tonsillitis",ENT
"joint pain, swelling",Orthopedic
"pressure in chest, shortness of breath",Cardiologist
"cold, chills, weakness",General Physician
"difficulty swallowing, breast lump",Oncologist
"rash with fever, diarrhea, dehydration",Pediatrician
"diarrhea, gas, loss of appetite",Gastroenterologist
"confusion, neck pain radiating, fainting",Neurologist
"persistent hoarseness, persistent cough, breast lump",Oncologist
"hallucinations, insomnia, trauma flashbacks",Psychiatrist
"irregular periods, missed period, period cramps",Gynecologist
"psoriasis, redness, itching",Dermatologist
"night urination, difficulty starting urination",Urologist
"depressed mood, insomnia, trauma flashbacks",Psychiatrist
"cough, headache, dizziness, fatigue",General Physician
"vaccination query, newborn feeding issue, child fever",Pediatrician
"rash with fever, blocked nose, dehydration, child sore throat",Pediatrician
"persistent fatigue, persistent cough, night sweats",Oncologist
"vertigo, sore throat, nose bleeding, runny nose",ENT
"severe headache, tingling, tremor",Neurologist
"vaccination query, baby constipation, diarrhea, child sore throat",Pediatrician
"child wheezing, ear pain",Pediatrician
"baby vomiting, child wheezing, baby constipation",Pediatrician
"pregnancy nausea, spotting, postpartum bleeding",Gynecologist
"difficulty walking, lower back pain radiating, swelling",Orthopedic
"insomnia, panic attacks, hallucinations",Psychiatrist
"persistent hoarseness, abdominal swelling, loss of appetite, breast lump",Oncologist
"fainting, dizziness, chest tightness",Cardiologist
"baby vomiting, diarrhea, child cough",Pediatrician
"rapid heartbeat, leg swelling, dizziness",Cardiologist
"bad breath, mouth ulcer, gum swelling",Dentist
"tremor, numbness, fainting",Neurologist
"difficulty walking, lower back pain radiating, knee pain, muscle strain",Orthopedic
"persistent cough, swollen lymph nodes, non healing ulcer, unexplained weight loss",Oncologist
"bone pain, swelling",Orthopedic
"arthritis, shoulder pain, back pain",Orthopedic
"vaginal infection, itching",Gynecologist
"foreign body sensation, watering eyes, blurred vision",Ophthalmologist
"ear pain, hearing loss, throat infection, sinus pain",ENT
"loss of voice, vertigo, ear discharge",ENT
"jaw pain, pain while chewing, swollen gums",Dentist
"abdominal swelling, persistent fatigue, blood in cough",Oncologist
"fungal infection, redness",Dermatologist
"difficulty walking, muscle strain, hip pain, wrist injury",Orthopedic
"skin allergy, acne, hives",Dermatologist
"frequent urination, reduced urine flow",Urologist
"sudden vision loss, itchy eyes, eye discharge",Ophthalmologist
"pcos symptoms, irregular periods, pregnancy nausea",Gynecologist
"swollen gums, broken tooth, toothache, gum swelling",Dentist
"postpartum bleeding, white discharge",Gynecologist
"panic attacks, anxiety, stress",Psychiatrist
"fast breathing, child cough, dehydration",Pediatrician
"persistent cough, blood in cough, unusual bleeding, breast lump",Oncologist
"panic attacks, hallucinations, depressed mood",Psychiatrist
"swollen lymph nodes, loss of appetite",Oncologist
"memory loss, numbness, seizure",Neurologist
"insomnia, anxiety",Psychiatrist
"fever, low grade fever, weakness, loss of appetite",General Physician
"bone pain, muscle strain, knee pain, difficulty walking",Orthopedic
"difficulty swallowing, persistent bone pain, persistent cough, persistent fatigue",Oncologist
"ear pain, child fever",Pediatrician
"sinus pain, ringing in ear, hearing loss",ENT
"vaccination query, rash with fever, blocked nose",Pediatrician
"vaginal infection, spotting, irregular periods",Gynecologist
"fainting, breathlessness at night, dizziness",Cardiologist
"difficulty walking, hip pain, sprain, swelling",Orthopedic
"cough, runny nose, flu",General Physician
"tremor, memory loss, fainting",Neurologist
"difficulty swallowing, blood in cough, night sweats, loss of appetite",Oncologist
"reduced urine flow, urinary urgency",Urologist
"broken tooth, swollen gums",Dentist
"headache, fatigue, cold",General Physician
"urinary urgency, frequent urination, painful urination with fever",Urologist
"migraine, memory loss",Neurologist
"neck stiffness, shoulder pain, wrist injury",Orthopedic
"nausea, gas, indigestion",Gastroenterologist
"neck stiffness, wrist injury, shoulder pain, knee pain",Orthopedic
"wrist injury, knee pain, difficulty walking, bone pain",Orthopedic
"difficulty starting urination, testicular swelling, lower abdominal pain urination, kidney stone pain",Urologist
"left arm pain, leg swelling, high blood pressure, breathlessness at night",Cardiologist
"vaccination query, ear pain, blocked nose",Pediatrician
"one sided weakness, memory loss",Neurologist
"mood swings, social anxiety, anger issues, insomnia",Psychiatrist
"anxiety, overthinking, panic attacks",Psychiatrist
"fainting, breathlessness at night, irregular heartbeat",Cardiologist
"pain while chewing, bleeding while brushing",Dentist
"addiction, mood swings, overthinking",Psychiatrist
"diarrhea, vomiting",Gastroenterologist
"vertigo, hearing loss",ENT
"insomnia, overthinking",Psychiatrist
"hip pain, shoulder pain, fracture",Orthopedic
"swollen gums, tooth sensitivity, cavity pain, toothache",Dentist
"migraine, tingling",Neurologist
"gum swelling, swollen gums, wisdom tooth pain",Dentist
"social anxiety, suicidal thoughts, panic attacks",Psychiatrist
"indigestion, loss of appetite, heartburn, food poisoning",Gastroenterologist
"pressure in chest, leg swelling",Cardiologist
"persistent hoarseness, night sweats, breast lump",Oncologist
"blood in cough, persistent hoarseness, night sweats, non healing ulcer",Oncologist
"fungal infection, hair fall, skin rash, eczema",Dermatologist
"pigmentation, eczema",Dermatologist
"neck stiffness, hip pain, muscle strain",Orthopedic
"difficulty walking, arthritis, muscle strain",Orthopedic
"sudden vision loss, dry eyes",Ophthalmologist
"abdominal swelling, persistent cough, unexplained weight loss",Oncologist
"urine infection, kidney stone pain, reduced urine flow",Urologist
"urine infection, painful urination with fever, kidney stone pain, urine leakage",Urologist
"seizure, confusion, severe headache, balance problem",Neurologist
"throat infection, ringing in ear, vertigo, nose bleeding",ENT
"flu, dizziness, sore throat",General Physician
"child sore throat, baby vomiting, ear pain, child fever",Pediatrician
"low grade fever, flu",General Physician
"breast tenderness, pregnancy nausea, missed period",Gynecologist
"balance problem, tingling",Neurologist
"confusion, migraine, tremor",Neurologist
"cold, loss of appetite, dizziness, body ache",General Physician
"jaundice, loss of appetite, stomach cramps",Gastroenterologist
"eye discharge, sensitivity to light, dry eyes",Ophthalmologist
"numbness, dizziness, confusion",Neurologist
"insomnia, anger issues, mood swings",Psychiatrist
"watering eyes, eye strain headache, swollen eyelid",Ophthalmologist
"child sore throat, fast breathing, newborn feeding issue",Pediatrician
"persistent cough, night sweats, non healing ulcer",Oncologist
"ear discharge, runny nose, ear pain",ENT
"sinus pain, throat infection, loss of voice",ENT
"chest tightness, dizziness, shortness of breath, left arm pain",Cardiologist
"acidity, stomach cramps, blood in stool, jaundice",Gastroenterologist
"fever, sore throat, cold",General Physician
"shortness of breath, rapid heartbeat, chest pain, pressure in chest",Cardiologist
"trauma flashbacks, overthinking, mood swings",Psychiatrist
"loss of appetite, swollen lymph nodes, persistent hoarseness",Oncologist
"spotting, lower abdominal pain, heavy bleeding, pregnancy nausea",Gynecologist
"pcos symptoms, period cramps",Gynecologist
"fracture, back pain",Orthopedic
"difficulty starting urination, urine leakage",Urologist
"burning urination, reduced urine flow, urine leakage, painful urination with fever",Urologist
"mouth ulcer, tooth sensitivity, pain while chewing, swollen gums",Dentist
"dehydration, newborn feeding issue, child fever, baby constipation",Pediatrician
"persistent bone pain, night sweats",Oncologist
"mouth ulcer, jaw pain, tooth pain with headache, broken tooth",Dentist
"kidney stone pain, urine leakage",Urologist
"joint pain, back pain, wrist injury, muscle strain",Orthopedic
"itching, fungal infection",Dermatologist
"itching, ringworm",Dermatologist
"persistent hoarseness, non healing ulcer",Oncologist
"newborn feeding issue, dehydration",Pediatrician
"child stomach pain, child wheezing, child fever",Pediatrician
"food poisoning, abdominal pain, gas",Gastroenterologist
"arthritis, wrist injury, knee pain, sprain",Orthopedic
"baby vomiting, blocked nose",Pediatrician
"sore throat, ringing in ear, blocked nose",ENT
"itchy eyes, difficulty seeing far",Ophthalmologist
"unusual bleeding, persistent bone pain, night sweats",Oncologist
"joint pain, swelling, hip pain",Orthopedic
"difficulty swallowing, blood in cough, night sweats",Oncologist
"chills, headache, mild fever, sore throat",General Physician
"anxiety, mood swings",Psychiatrist
"stress, social anxiety",Psychiatrist
"dizziness, high blood pressure, palpitations",Cardiologist
"mouth ulcer, bleeding gums, gum swelling",Dentist
"heartburn, food poisoning, nausea, constipation",Gastroenterologist
"ringing in ear, tonsillitis",ENT
"mood swings, anxiety, depressed mood",Psychiatrist
"vaccination query, child fever, baby constipation, dehydration",Pediatrician
"runny nose, mild fever, cough",General Physician
"lower abdominal pain urination, testicular swelling, blood in urine",Urologist
"burning urination, urine leakage, reduced urine flow, kidney stone pain",Urologist
"toothache, bleeding gums, pain while chewing",Dentist
"reduced urine flow, groin pain, night urination, blood in urine",Urologist
"fungal infection, ringworm, itching",Dermatologist
"low grade fever, cold, fatigue",General Physician
"overthinking, depressed mood, anger issues",Psychiatrist
"hopelessness, trauma flashbacks, anger issues",Psychiatrist
"urine leakage, back pain near kidneys, kidney stone pain, groin pain",Urologist
"itchy eyes, eye discharge, sensitivity to light",Ophthalmologist
"anxiety, hopelessness",Psychiatrist
"insomnia, trauma flashbacks, overthinking, anger issues",Psychiatrist
"persistent cough, swollen lymph nodes",Oncologist
"body ache, chills, runny nose",General Physician
"flu, loss of appetite, cough",General Physician
"ear pain, dehydration, child sore throat",Pediatrician
"watering eyes, night vision problem",Ophthalmologist
"bleeding while brushing, pain while chewing, pus near gum",Dentist
"vaginal infection, missed period, painful periods, postpartum bleeding",Gynecologist
"seizure, blurred vision with headache, migraine",Neurologist
"pus near gum, jaw pain, cavity pain",Dentist
"neck pain radiating, blurred vision with headache",Neurologist
"ringing in ear, swollen neck glands, nose bleeding",ENT
"chills, fatigue, loss of appetite",General Physician
"skin rash, hair fall, psoriasis",Dermatologist
"fatigue with breathlessness, sweating, chest tightness",Cardiologist
"numbness, dizziness, memory loss",Neurologist
"chills, sore throat, body ache",General Physician
"eye pain, difficulty seeing far, eye discharge",Ophthalmologist
"unexplained weight loss, unusual bleeding",Oncologist
"knee pain, muscle strain",Orthopedic
"pcos symptoms, irregular periods, missed period",Gynecologist
"fatigue with breathlessness, breathlessness at night, rapid heartbeat",Cardiologist
"blocked nose, ringing in ear",ENT
"lower back pain radiating, sprain",Orthopedic
"heartburn, loss of appetite, gas",Gastroenterologist
"dizziness, weakness, chills",General Physician
"red eye, blurred vision, difficulty seeing far",Ophthalmologist
"pcos symptoms, period cramps, breast tenderness",Gynecologist
"lower back pain radiating, arthritis",Orthopedic
"loss of appetite, bloating, gas",Gastroenterologist
"foreign body sensation, dry eyes, itchy eyes",Ophthalmologist
"unexplained weight loss, abdominal swelling, breast lump",Oncologist
"fatigue with breathlessness, palpitations, breathlessness at night",Cardiologist
"hives, psoriasis, fungal infection, dandruff",Dermatologist
"throat infection, hearing loss, allergic rhinitis",ENT
"mood swings, trauma flashbacks",Psychiatrist
"lower abdominal pain, pelvic pain, pregnancy nausea",Gynecologist
"palpitations, chest tightness, irregular heartbeat, sweating",Cardiologist
"sprain, swelling",Orthopedic
"hip pain, difficulty walking, lower back pain radiating, joint pain",Orthopedic
"bleeding gums, pain while chewing, bad breath",Dentist
"bad breath, gum swelling, swollen gums",Dentist
"hopelessness, anger issues",Psychiatrist
"child sore throat, ear pain, baby constipation",Pediatrician
"severe headache, seizure, balance problem",Neurologist
"child fever, baby vomiting, baby constipation",Pediatrician
"unusual bleeding, blood in stool, loss of appetite",Oncologist
"swollen eyelid, sudden vision loss",Ophthalmologist
"unusual bleeding, persistent cough, breast lump, swollen lymph nodes",Oncologist
"tremor, balance problem, severe headache",Neurologist
"sinus pain, blocked nose, hearing loss, throat infection",ENT
"sore throat, runny nose, swollen neck glands",ENT
"double vision, dry eyes, blurred vision",Ophthalmologist
"eye discharge, swollen eyelid, dry eyes",Ophthalmologist
"difficulty seeing far, eye pain, foreign body sensation",Ophthalmologist
"bleeding while brushing, toothache, pus near gum, broken tooth",Dentist
"period cramps, heavy bleeding",Gynecologist
"runny nose, loss of voice, sinus pain",ENT
"tingling, neck pain radiating, blurred vision with headache",Neurologist
"cold, cough, mild fever, dizziness",General Physician
"anxiety, panic attacks",Psychiatrist
"irregular periods, painful periods",Gynecologist
"flu, runny nose, fever",General Physician
"difficulty swallowing, persistent hoarseness",Oncologist
"night sweats, persistent hoarseness",Oncologist
"fracture, hip pain, swelling",Orthopedic
"mouth ulcer, cavity pain, pain while chewing, bleeding gums",Dentist
"swollen lymph nodes, persistent cough, abdominal swelling",Oncologist
"blocked nose, tonsillitis",ENT
"loss of voice, ringing in ear, tonsillitis",ENT
"difficulty starting urination, urine infection, kidney stone pain",Urologist
"burning urination, frequent urination, urine infection, blood in urine",Urologist
"dry skin, ringworm, skin rash",Dermatologist
"overthinking, panic attacks, anger issues, insomnia",Psychiatrist
"persistent fatigue, persistent bone pain, unexplained weight loss",Oncologist
"urine infection, urinary urgency, groin pain, testicular swelling",Urologist
"ear pain, blocked nose",Pediatrician
"insomnia, trauma flashbacks, depressed mood",Psychiatrist
"difficulty starting urination, reduced urine flow",Urologist
"chest tightness, sweating",Cardiologist
"runny nose, fatigue, headache, loss of appetite",General Physician
"lower abdominal pain, missed period",Gynecologist
"groin pain, reduced urine flow, blood in urine",Urologist
"eye discharge, watering eyes",Ophthalmologist
"difficulty starting urination, groin pain, kidney stone pain",Urologist
"gas, food poisoning, constipation, abdominal pain",Gastroenterologist
"mood swings, insomnia, addiction",Psychiatrist
"missed period, painful periods",Gynecologist
"balance problem, seizure, one sided weakness, severe headache",Neurologist
"child stomach pain, child sore throat, blocked nose",Pediatrician
"boils, redness, dry skin, skin rash",Dermatologist
"foreign body sensation, eye discharge, double vision",Ophthalmologist
"flu, fever, weakness, fatigue",General Physician
"kidney stone pain, testicular swelling",Urologist
"tooth pain with headache, cavity pain, tooth sensitivity",Dentist
"blood in urine, groin pain, frequent urination, night urination",Urologist
"jaw pain, bleeding gums, pain while chewing",Dentist
"diarrhea, nausea, food poisoning, gas",Gastroenterologist
"constipation, blood in stool, jaundice",Gastroenterologist
"abdominal swelling, night sweats, loss of appetite",Oncologist
"mouth ulcer, wisdom tooth pain, bad breath, toothache",Dentist
"pcos symptoms, breast tenderness",Gynecologist
"trauma flashbacks, panic attacks, anger issues, anxiety",Psychiatrist
"jaundice, vomiting",Gastroenterologist
"night urination, kidney stone pain, reduced urine flow, groin pain",Urologist
"unexplained weight loss, breast lump, non healing ulcer",Oncologist
"seizure, confusion, migraine",Neurologist
"child wheezing, child sore throat, vaccination query",Pediatrician
"weakness, cough, dizziness",General Physician
"frequent urination, blood in urine",Urologist
"eczema, acne, boils, fungal infection",Dermatologist
"hives, hair fall, skin allergy",Dermatologist
"difficulty concentrating, hallucinations, depressed mood, insomnia",Psychiatrist
"painful periods, missed period, postpartum bleeding, pcos symptoms",Gynecologist
"social anxiety, panic attacks",Psychiatrist
"cavity pain, wisdom tooth pain",Dentist
"persistent bone pain, swollen lymph nodes, loss of appetite",Oncologist
"fever, loss of appetite, cough",General Physician
"hearing loss, ringing in ear",ENT
"swollen neck glands, runny nose",ENT
"double vision, sudden vision loss, eye discharge",Ophthalmologist
"nausea, indigestion, constipation",Gastroenterologist
"tonsillitis, allergic rhinitis, ringing in ear",ENT
"skin rash, itching",Dermatologist
"sprain, neck stiffness, shoulder pain",Orthopedic
"pigmentation, fungal infection, boils, hives",Dermatologist
"muscle strain, hip pain, arthritis, joint pain",Orthopedic
"irregular heartbeat, pressure in chest, sweating",Cardiologist
"sprain, neck stiffness, bone pain",Orthopedic
"tremor, seizure",Neurologist
"acidity, food poisoning, vomiting",Gastroenterologist
"testicular swelling, kidney stone pain, urine leakage",Urologist
"fatigue, loss of appetite, sore throat, body ache",General Physician
"blood in cough, unexplained weight loss, abdominal swelling, blood in stool",Oncologist
"itching, redness",Dermatologist
"hair fall, redness, acne, pigmentation",Dermatologist
"non healing ulcer, night sweats, persistent fatigue",Oncologist
"chest tightness, shortness of breath, sweating, fainting",Cardiologist
"urine leakage, back pain near kidneys, lower abdominal pain urination",Urologist
"jaundice, indigestion, heartburn",Gastroenterologist
"anxiety, mood swings",Psychiatrist
"ear pain, allergic rhinitis, tonsillitis",ENT
"swollen neck glands, hearing loss, sinus pain",ENT
"arthritis, fracture",Orthopedic
"food poisoning, heartburn, indigestion, jaundice",Gastroenterologist
"irregular heartbeat, fatigue with breathlessness, chest pain",Cardiologist
"skin rash, dry skin",Dermatologist
"bad breath, broken tooth, tooth pain with headache",Dentist
"irregular periods, painful periods, heavy bleeding",Gynecologist
"hearing loss, nose bleeding, runny nose",ENT
"tooth pain with headache, toothache, swollen gums, wisdom tooth pain",Dentist
"stomach cramps, diarrhea",Gastroenterologist
"missed period, painful periods, white discharge, vaginal infection",Gynecologist
"hair fall, eczema, redness, acne",Dermatologist
"ringing in ear, hearing loss, sinus pain",ENT
"sore throat, ear pain",ENT
"sore throat, blocked nose",ENT
"sore throat, sinus pain",ENT
"sore throat, tonsillitis",ENT
"sore throat, runny nose",ENT
"sore throat, throat infection",ENT
"sore throat, swollen neck glands",ENT
"sore throat, ear pain",ENT
"sore throat, blocked nose",ENT
"sore throat, sinus pain",ENT
"sore throat, tonsillitis",ENT
"sore throat, runny nose",ENT
"sore throat, throat infection",ENT
"sore throat, swollen neck glands",ENT
"sore throat, ear pain",ENT
"sore throat, blocked nose",ENT
"sore throat, sinus pain",ENT
"sore throat, tonsillitis",ENT
"sore throat, runny nose",ENT
"sore throat, throat infection",ENT
"sore throat, swollen neck glands",ENT
"sore throat, ear pain",ENT
"sore throat, blocked nose",ENT
"sore throat, sinus pain",ENT
"sore throat, tonsillitis",ENT
"sore throat, runny nose",ENT
"sore throat, throat infection",ENT
"sore throat, swollen neck glands",ENT
"sore throat, ear pain",ENT
"sore throat, blocked nose",ENT
"sore throat, sinus pain",ENT
"sore throat, tonsillitis",ENT
"sore throat, runny nose",ENT
"sore throat, throat infection",ENT
"sore throat, swollen neck glands",ENT
"sore throat, ear pain",ENT
"sore throat, blocked nose",ENT
"sore throat, sinus pain",ENT
"sore throat, tonsillitis",ENT
"sore throat, runny nose",ENT
"sore throat, throat infection",ENT
"sore throat, swollen neck glands",ENT
"sore throat, ear pain",ENT
"sore throat, blocked nose",ENT
"sore throat, sinus pain",ENT
"sore throat, tonsillitis",ENT
"sore throat, runny nose",ENT
"sore throat, throat infection",ENT
"sore throat, swollen neck glands",ENT
"sore throat, ear pain",ENT
"sore throat, blocked nose",ENT
"sore throat, sinus pain",ENT
"sore throat, tonsillitis",ENT
"sore throat, runny nose",ENT
"sore throat, throat infection",ENT
"sore throat, swollen neck glands",ENT
"sore throat, ear pain",ENT
"sore throat, blocked nose",ENT
"sore throat, sinus pain",ENT
"sore throat, tonsillitis",ENT
"sore throat, runny nose",ENT
"sore throat, throat infection",ENT
"sore throat, swollen neck glands",ENT
"sore throat, ear pain",ENT
"sore throat, blocked nose",ENT
"sore throat, sinus pain",ENT
"sore throat, tonsillitis",ENT
"sore throat, runny nose",ENT
"sore throat, throat infection",ENT
"sore throat, swollen neck glands",ENT
"sore throat, ear pain",ENT
"sore throat, blocked nose",ENT
"sore throat, sinus pain",ENT
"sore throat, tonsillitis",ENT
"sore throat, runny nose",ENT
"sore throat, throat infection",ENT
"sore throat, swollen neck glands",ENT
"sore throat, ear pain",ENT
"sore throat, blocked nose",ENT
"sore throat, sinus pain",ENT
"sore throat, tonsillitis",ENT
"sore throat, runny nose",ENT
"sore throat, throat infection",ENT
"sore throat, swollen neck glands",ENT
"sore throat, ear pain",ENT
"sore throat, blocked nose",ENT
"sore throat, sinus pain",ENT
"sore throat, tonsillitis",ENT
"sore throat, runny nose",ENT
"sore throat, throat infection",ENT
"sore throat, swollen neck glands",ENT
"sore throat, ear pain",ENT
"sore throat, blocked nose",ENT
"sore throat, sinus pain",ENT
"sore throat, tonsillitis",ENT
"sore throat, runny nose",ENT
"sore throat, throat infection",ENT
"sore throat, swollen neck glands",ENT
"sore throat, ear pain",ENT
"sore throat, blocked nose",ENT
"sore throat, sinus pain",ENT
"sore throat, tonsillitis",ENT
"sore throat, runny nose",ENT
"sore throat, throat infection",ENT
"sore throat, swollen neck glands",ENT
"sore throat, ear pain",ENT
"sore throat, blocked nose",ENT
"sore throat, sinus pain",ENT
"sore throat, tonsillitis",ENT
"sore throat, runny nose",ENT
"sore throat, throat infection",ENT
"sore throat, swollen neck glands",ENT
"sore throat, ear pain",ENT
"sore throat, blocked nose",ENT
"sore throat, sinus pain",ENT
"sore throat, tonsillitis",ENT
"sore throat, runny nose",ENT
"sore throat, throat infection",ENT
"sore throat, swollen neck glands",ENT
"sore throat, ear pain",ENT
"sore throat, blocked nose",ENT
"sore throat, sinus pain",ENT
"sore throat, tonsillitis",ENT
"sore throat, runny nose",ENT
"sore throat, throat infection",ENT
"sore throat, swollen neck glands",ENT
"sore throat, ear pain",ENT
"sore throat, blocked nose",ENT
"sore throat, sinus pain",ENT
"sore throat, tonsillitis",ENT
"sore throat, runny nose",ENT
"sore throat, throat infection",ENT
"sore throat, swollen neck glands",ENT
"sore throat, ear pain",ENT
"sore throat, blocked nose",ENT
"sore throat, sinus pain",ENT
"sore throat, tonsillitis",ENT
"sore throat, runny nose",ENT
"sore throat, throat infection",ENT
"sore throat, swollen neck glands",ENT
"sore throat, ear pain",ENT
"sore throat, blocked nose",ENT
"sore throat, sinus pain",ENT
"sore throat, tonsillitis",ENT
"sore throat, runny nose",ENT
"sore throat, throat infection",ENT
"sore throat, swollen neck glands",ENT
"sore throat, ear pain",ENT
"sore throat, blocked nose",ENT
"sore throat, sinus pain",ENT
"sore throat, tonsillitis",ENT
"sore throat, runny nose",ENT
"sore throat, throat infection",ENT
"sore throat, swollen neck glands",ENT
"sore throat, ear pain",ENT
"sore throat, blocked nose",ENT
"sore throat, sinus pain",ENT
"sore throat, tonsillitis",ENT
"sore throat, runny nose",ENT
"sore throat, throat infection",ENT
"sore throat, swollen neck glands",ENT
"sore throat, ear pain",ENT
"sore throat, blocked nose",ENT
"sore throat, sinus pain",ENT
"sore throat, tonsillitis",ENT
"sore throat, runny nose",ENT
"sore throat, throat infection",ENT
"sore throat, swollen neck glands",ENT
"sore throat, ear pain",ENT
"sore throat, blocked nose",ENT
"sore throat, sinus pain",ENT
"sore throat, tonsillitis",ENT
"sore throat, runny nose",ENT
"sore throat, throat infection",ENT
"sore throat, swollen neck glands",ENT
"sore throat, ear pain",ENT
"sore throat, blocked nose",ENT
"sore throat, sinus pain",ENT
"sore throat, tonsillitis",ENT
"sore throat, runny nose",ENT
"sore throat, throat infection",ENT
"sore throat, swollen neck glands",ENT
"sore throat, ear pain",ENT
"sore throat, blocked nose",ENT
"sore throat, sinus pain",ENT
"sore throat, tonsillitis",ENT
"sore throat, runny nose",ENT
"sore throat, throat infection",ENT
"sore throat, swollen neck glands",ENT
"sore throat, ear pain",ENT
"sore throat, blocked nose",ENT
"sore throat, sinus pain",ENT
"sore throat, tonsillitis",ENT
"sore throat, runny nose",ENT
"sore throat, throat infection",ENT
"sore throat, swollen neck glands",ENT
"sore throat, ear pain",ENT
"sore throat, blocked nose",ENT
"sore throat, sinus pain",ENT
"sore throat, tonsillitis",ENT
"sore throat, runny nose",ENT
"sore throat, throat infection",ENT
"sore throat, swollen neck glands",ENT
"sore throat, ear pain",ENT
"sore throat, blocked nose",ENT
"sore throat, sinus pain",ENT
"sore throat, tonsillitis",ENT
"sore throat, runny nose",ENT
"sore throat, throat infection",ENT
"sore throat, swollen neck glands",ENT
